"id","title","authors","year","doi","abstract"
"001","Towards competency-based education in the chemical engineering undergraduate program in Uruguay: Three examples of integrating essential skills","Castelló, E.; Santiviago, C.; Ferreira, J.; Coniglio, R.; Budelli, E.; Larnaudie, V.; Passeggi, M.; López, I.","2023","10.1016/j.ece.2023.05.004","In 2021, Universidad de la República in Uruguay approved a new Chemical Engineering undergraduate program that incorporates novel conceptual definitions such as competency-based education. This paper describes the process of defining the new curriculum plan and presents the program's structure, as well as specific and cross-disciplinary competencies. These competencies are then compared to the learning outcomes established in the guide for programs accreditation of the Institution of Chemical Engineers. To provide practical examples of how the competency-based approach was incorporated into the program, three specific cases are presented. The first case focuses on the implementation of the internship and industry project. The second case illustrates the incorporation of computational tools as an essential part of different courses throughout the degree program. Finally, the third case describes a new design for the fluid mechanics laboratory that emphasizes hands-on learning and helps students develop several competencies. © 2023 Institution of Chemical Engineers"
"002","Research on the relationship between college students' employability and IT skills training based on mixed research methods","Peng, J.; Deng, C.","2022","10.3389/fpsyg.2022.1054134","In the Internet era, there is a mismatch between the skill demands of the IT industry in China and the employment prospects of computer science graduates. The COVID-19 pandemic has particularly highlighted co-existing challenges for industry recruitment and student employment. Many education institutions see IT skills training as a way to solve this conflict. The present paper employs a mixed methods approach to explore factors regarding computer science students' employability. The study used a questionnaire informed by an indepth literature review, full scale development theory and the theory of competency-based education. Reliability analysis and factor analysis methods were used to assess component reliability and structural validity. A total of 323 valid questionnaires were collected and subjected to mean and variance analyses to explore significant differences, including in terms of gender, in student employability. The results show that: (1) employability is divided into nine factors; (2) IT skills training can improve employability; (3) the employability level of computer science students who participate in IT skills training is high; (4) there are significant gender differences in professional ethics, scientific spirit and job-seeking skills, but no significant gender differences in humanistic qualities, computer cognition and operation skills, software design and development skills, system use and innovation skills, sustainable development capacity and teamwork skills. The identification of student employability factors can help education institutions to improve their training and can be used as a standard for students' self-evaluation and selfimprovement. The paper also provides suggestions for education institutions about how to set up IT skills training programmes to enhance students' future employment prospects in the IT industry. Copyright © 2022 Peng and Deng."
"003","INDIVIDUALIZED TEACHING OF PHYSICAL CULTURE THEORY THROUGH A SCIENCE AND ENGINEERING EDUCATION FRAMEWORK","Utepbergenov, A.K.; Nurmatov, F.A.; Shukurllayev, J.M.; Sultansuynov, A.S.; Shermatov, M.N.; Xudoyberganov, J.S.; Roestamy, M.","2025","","This study introduces a pedagogical model to develop professional activity competence in future physical education teachers using an individualized approach supported by blended learning. Drawing from the principles of science and engineering education, the model integrates practical, cognitive, and technological components to promote skill development and instructional effectiveness. A three-phase research design (diagnostic assessment, model construction, and pedagogical experimentation) was applied, involving 142 university students. Data were gathered through observations, interviews, tests, and statistical analysis. The findings revealed high student motivation and competence acquisition within blended environments, while also identifying key challenges such as limited motivation for physical endurance and insufficient self-regulation. By incorporating design-based and technology-enhanced strategies rooted in science and engineering education, the study offers a replicable framework for enhancing physical education teacher training. This model supports the development of adaptive, skilled educators and contributes to broader efforts in reforming competency-based education in interdisciplinary settings. © School of Engineering, Taylor's University."
"004","Feedforward Enhanced Control System to Pursue Mathematical Competencies Achievement in Engineering Education","Mínguez-Aroca, F.; Moll-López, S.; Llobregat-Gómez, N.; Roselló, M.-D.; Sánchez-Ruiz, L.M.","2024","10.3390/educsci14040362","The learning process can be conceptualized as a dynamic system constantly evolving and adapting in response to a variety of stimuli and inputs. This paper presents a novel approach to competency-based assessment that integrates a dynamic assignment design of personalized activities with the aid of a 3D matrix array structure. This structure, named Topic, Activity, and Competency (TAC) cuboid, provides a detailed view of the student’s progress, enabling the design of tailored curricular strategies to facilitate the development of competencies. Personalized activities serve as control inputs that adapt to each learner’s state, driving a feedforward that promotes proactive improvement. An automation process becomes necessary to cope with the increased data volume from the TAC cuboid and the information complexity. The concept model registers TAC cuboid information, enabling a dynamic analysis to forward an adequate workload when required to facilitate students’ achievement of their expected mathematical competencies. Additionally, the paper discusses the initial application of these models in an educational role-playing game, demonstrating their effectiveness in a gamified learning environment. © 2024 by the authors."
"005","Design of Mathematics Learning Devices Based on Professional Competency on Video Audio Engineering Expert Programs","Kurniawan, D.; Armiati, A.; Fauzan, A.; Yerizon, Y.","2020","10.1088/1742-6596/1554/1/012011","Vocational students are prepared to work and have expertise in the vocational field, therefore learning in vocational schools should pay attention to the professional competencies of the students themselves. Learning mathematics in vocational schools in learning mathematics does not relate the relationship of mathematics to the subject matter so that made students bored in learning mathematics and think mathematics is a difficult, unattractive and less useful lesson. Learners prefer productive subjects according to their professional competence. This will affect the purpose of learning mathematics in Vocational Schools in improving students' mathematical problem solving skills. The development of professional competency-based learning tools is expected to overcome the problem of increasing problem-solving skills of vocational students in the audio video engineering program. This study aims to develop learning tools in the form of Learning Implementation Plans (RPP) and Student Worksheets (LKPD) using the Plomp model which consists of three stages: Preliminary research, stage prototype, and assessment phase. This article is a preliminary research phase, which is needs analysis, curriculum analysis, and concept analysis, analysis of students and teachers of vocational mathematics. Audio video techniques. The results in the Preliminary Research stage become a reference in designing products in the form of mathematics-based professional learning devices in the audio video engineering expertise program. © 2020 Published under licence by IOP Publishing Ltd."
"006","Assessing Work-Based Learning in the Senior Years of a Software Engineering Graduate Apprenticeship Program","Nabi, S.W.; Andrei, O.; Barr, M.; Cutts, Q.; Maguire, J.; Morrison, A.; Parkinson, J.; Somerville, D.; Storer, T.","2025","10.1109/CSEET66350.2025.00010","The software engineering graduate apprenticeship program at the School of Computing, University of Glasgow, has a significant emphasis on work-based learning (WBL), with approximately 80% of the students' time over four years spent in the workplace. This work-based aspect of the program plays a more prominent role in the final two years, by which time apprentices are undertaking increasingly larger roles in the workplace. In this report, we present how we addressed the challenge of structuring and assessing WBL in these senior years such that there is a balance between professional competency attainment and ranked academic achievement, while providing a fair and flexible structure. Based on a model of WBL presented by Raelin in 1997, we outline our rationale for dividing the assessments into workplace projects, workplace journal, and a portfolio of artefacts. The projects are categorised into different types both for flexibility and to encourage academia-industry collaboration, the workplace journal encourages higher forms of reflection, while the portfolio assessment encourages and assesses the attainment of professional competencies. We present our experience of implementing this structure, an analysis of student feedback, and the adjustments made in response. With an increasing focus on work-ready skills and competency-based education in software engineering education, we expect the theory-informed structure we developed, and our experience of running and adapting it, to serve as an exemplar for developing a WBL program at research-led institutions. © 2025 IEEE."
"007","Validity evidence for procedural competency in virtual reality robotic simulation, establishing a credible pass/fail standard for the vaginal cuff closure procedure","Hovgaard, L.H.; Andersen, S.A.W.; Konge, L.; Dalsgaard, T.; Larsen, C.R.","2018","10.1007/s00464-018-6165-5","Background: The use of robotic surgery for minimally invasive procedures has increased considerably over the last decade. Robotic surgery has potential advantages compared to laparoscopic surgery but also requires new skills. Using virtual reality (VR) simulation to facilitate the acquisition of these new skills could potentially benefit training of robotic surgical skills and also be a crucial step in developing a robotic surgical training curriculum. The study's objective was to establish validity evidence for a simulation-based test for procedural competency for the vaginal cuff closure procedure that can be used in a future simulation-based, mastery learning training curriculum. Methods: Eleven novice gynaecological surgeons without prior robotic experience and 11 experienced gynaecological robotic surgeons (> 30 robotic procedures) were recruited. After familiarization with the VR simulator, participants completed the module ‘Guided Vaginal Cuff Closure’ six times. Validity evidence was investigated for 18 preselected simulator metrics. The internal consistency was assessed using Cronbach’s alpha and a composite score was calculated based on metrics with significant discriminative ability between the two groups. Finally, a pass/fail standard was established using the contrasting groups’ method. Results: The experienced surgeons significantly outperformed the novice surgeons on 6 of the 18 metrics. The internal consistency was 0.58 (Cronbach’s alpha). The experienced surgeons’ mean composite score for all six repetitions were significantly better than the novice surgeons’ (76.1 vs. 63.0, respectively, p < 0.001). A pass/fail standard of 75/100 was established. Four novice surgeons passed this standard (false positives) and three experienced surgeons failed (false negatives). Conclusion: Our study has gathered validity evidence for a simulation-based test for procedural robotic surgical competency in the vaginal cuff closure procedure and established a credible pass/fail standard for future proficiency-based training. © 2018, Springer Science+Business Media, LLC, part of Springer Nature."
"008","The Development of Students' Professional Competencies on a Work-Based Software Engineering Program","Barr, M.; Andrei, O.; Morrison, A.; Nabi, S.W.","2024","10.1145/3626252.3630944","Competencies may be defined as the knowledge, skills, and professional dispositions that an individual is required to demonstrate in order to be considered professionally competent. Competency-based education has long been a feature of professional degree programs, but the discipline of Computing Science has only recently begun to embrace competencies as a means of structuring or evaluating students' learning. Meanwhile, the practice of work-based learning - also well-established in other professional disciplines - has become more prevalent in Computing Science education, with increasing emphasis placed on work-based modes of learning, such as internships and apprenticeships. In this paper, we examine how students enrolled on a degree-level apprenticeship in Software Engineering have developed their professional competencies in the workplace. The paper is based on an analysis of 38 student assignments, wherein apprentices were asked to identify the competencies they have demonstrated, with reference to a portfolio of work. The UK Standard for Professional Engineering Competence and Commitment, which outlines the competencies required for certification as an Incorporated Engineer, provided the necessary framework. Competencies relating to communication and inter-personal skills were among those most often cited by apprentices, with competencies relating to knowledge and understanding and design and development systems also featuring prominently. Competencies relating to responsibility, management, or leadership were less prevalent, with professional commitment proving to be the least commonly cited category of competencies. We provide examples of how apprentices claim to have demonstrated each competency, and discuss the implications of these findings for competency-based learning in Computing Science education.  © 2024 Owner/Author."
"009","Development of an automatic control system employing CDIO standards and competence-based learning","Monsalve, J.C.; Uribe, A.; Cardona-Gil, J.A.; Osorio, M.; Hincapie, C.A.; Isaza, C.A.","2016","10.1109/ITHET.2016.7760755","This paper addresses the experiences and results achieved by a controlled environment chamber development team, analyzed from the perspective of the CDIO initiative (Conceive, Design, Implement, Operate) and competency-based learning. The automation project was carried out within the framework of some Electrical and Electronic Engineering Faculty degree projects from the Universidad Pontificia Bolivariana. The ones who developed the solution faced several challenges in the development of their degree projects and this allowed assess how they confronted these challenges. It shows the connection between the proposed skills in different Electronic Engineering program courses and the consolidation through solving problems. The elements of the CDIO initiative were identified in the different development stages to find engineering problem solutions: Conceiving, Designing, Implementing and Operating. The analysis of the whole process can go beyond to simple exercise routine and it evidence the way in which engineering students have an asynchronous learning as they progress in achieving to the required solution. Also, this work can be framed within current proposals in Electrical and Electronic Engineering Faculty from the Universidad Pontificia Bolivariana located in Medellin-Colombia, which seeks to develop an educational and innovative environment that leverages each of the students' abilities to strengthen skills that help them carry out their projects. © 2016 IEEE."
"010","Digital education for graduate students: literacy and skills development—A case study of non-linear control systems course","Huang, Z.; Li, Z.; Wang, L.; Liu, H.","2025","10.3389/feduc.2025.1601717","The transformative integration of digital technologies into occupational frameworks and talent competency ecosystems has established educational digitalization and graduate digital literacy enhancement as pivotal components of national reform strategies, particularly within control science disciplines facing AI-driven industrial transformations. Addressing the critical demand for high-level research capabilities, this study employs a mixed-methods approach to investigate sustainable digital literacy cultivation pathways through a longitudinal case study (2020–2023) of the Non-linear Control Systems course. A pedagogical framework was developed, integrating three core mechanisms: goal-oriented instructional design aligned with DIGCOMP 2.2 standards and a quadruple mentorship system encompassing digital literacy, academic, project, and enterprise mentors. Implementation outcomes demonstrated statistically significant advancements, including a 55%−68% improvement in technical problem-solving competencies (p < 0.01). Student satisfaction rates surged from 78% to 95.45%, with medium-tier academic performances eliminated post-intervention. These findings substantiate the framework's efficacy in bridging theoretical-practical gaps through competency-based assessment protocols and adaptive mentorship architectures. The study contributes actionable strategies for engineering education reform, including scalable curriculum-digitization models and evidence-based industry-education integration frameworks, ultimately cultivating professionals equipped with sustainable digital competencies for intelligent manufacturing ecosystems. Copyright © 2025 Huang, Li, Wang and Liu."
"011","Assessment of the balance of the competence formation process: Analysis of the curricula of Russian universities","Sokolova, T.N.; Gusyatnikov, V.N.; Bezrukov, A.I.; Kayukova, I.V.","2021","10.32744/PSE.2021.5.41","Introduction. Curricula are the main tool for organizing the educational process in Russian universities. The quality of education and the possible level of formation of the graduate's competencies directly depend on their validity and balance. Going on a competence model of education demanded change in the principles of drawing up of curricula. However, until now, the quality of curricula is assessed according to formal criteria that are weakly related to the competence-based approach. Also, answers to simple questions have not been formulated: how many disciplines can and should form one competence, how many competencies can be formed within one discipline and within one semester, how the presence of gaps in the process of forming competencies affects the final level of their formation. The aim of the work is to propose quantitative characteristics for assessing the balance and consistency of the process of forming competencies based on a statistical analysis of the current curricula of Russian universities. Materials and methods. As a material for the study, curricula were chosen in the specialty ""Applied Informatics"" of federal state budgetary and autonomous educational organizations (45 institutes and universities in total). Methods of mathematical and statistical analysis were applied: frequency analysis, methods for comparing means, analysis of standard deviations. Research results. On average, each competency forms from 2 to 8 disciplines. The largest number of disciplines in most curricula forms 1, 2 or 3 competencies. There are relatively few disciplines that form more than 4 competencies in the curricula of most universities. It is shown that the lack of continuity and development, the presence of gaps in the process of forming competence can reduce the achieved level of competence to 30% of the possible due to forgetting. The discussion of the results. The presence of deviations from the average indicators may in some cases indicate an insufficient balance of curricula. In the future, it is possible to embed the proposed methodology into an intelligent system for assessing the characteristics of the educational process within the framework of the university's QMS. © 2021 LLC Ecological Help. All rights reserved."
"012","A competency-based chemical engineering curriculum at the University of Campinas in Brazil","Franco, L.F.M.; da Costa, A.C.; de Almeida Neto, A.F.; Moraes, Â.M.; Tambourgi, E.B.; Miranda, E.A.; de Castilho, G.J.; Doubek, G.; Dangelo, J.V.H.; Fregolente, L.V.; Lona, L.M.F.; de La Torre, L.G.; Alvarez, L.A.; da Costa, M.C.; Martinez, P.F.M.; Ceriani, R.; Zemp, R.J.; Vieira, R.P.; Maciel Filho, R.; Vianna, S.S.V.; Bueno, S.M.A.; Vieira, M.G.A.; Suppino, R.S.","2023","10.1016/j.ece.2023.04.001","Engineering education is being called upon to move to a student-centered teaching. New challenges demand a curriculum that considers a set of competencies to enable engineers to learn autonomously and to develop solid technical and relevant soft skills. We present a top-down methodology for developing a competency-based curricula, which was employed to conceive a new chemical engineering curriculum at the University of Campinas. Our methodology is based on four main steps: i) definition of the desired profile of students with a bachelor's degree in Chemical Engineering and their underlying competencies; ii) delineation of learning-experiences itineraries; iii) a macro conception of the curriculum entailing the logical-temporal arrangement of its learning-experiences itineraries; and the iv) establishment of each curricular component with its learning objectives. This new curriculum is integrated into the external society by experiences that engage students to practice social responsibility and develop technology based on the needs of society. Graduates’ profile and competencies were defined based on extensive surveys. We discuss how active learning methodologies can be an intrinsic part of the curriculum development process and how assessment strategies must fit the learning goals established for each curricular component. Finally, we discuss the current challenges of implementing and evaluating a competency-based curriculum. © 2023 The Authors"
"013","The challenges of assessing the level of professional competence formation","Babiukh, V.; Kupriyanov, R.; Valeyeva, N.; Valeyeva, E.","2017","10.1007/978-3-319-50340-0_50","Implementation of competence-based approach in Higher Engineering Education System has caused the challenges of assessing the level of competence formation. One of the ways of solving this issue is using the functional and activity approach for assessing the level of competence formation. © Springer International Publishing AG 2017."
"014","The 5D Competencies Intelligence Model for Managing Innovation Projects","Bushuyev, S.; Bushuyeva, N.; Bushuieva, V.; Bushuiev, D.","2022","","Existing Intelligence Models for managing innovative projects and programs have been explored. The competency-based approach is considered the basis for building an Intelligence Model for managing innovative projects. Proposed 5D groups of Competencies Intelligence Model for Managing Innovation Projects. The model is based on the SMARTification of the system of five groups of interrelated competencies: emotional, social, cognitive, business and technical. For each group of competencies, the mechanisms of SMARTification and construction of the Intelligence Model are defined. To assess the competence level of the project team, the IPMA Delta model was used. An example of the application Intelligence Model to the implementation of the double degree project of the Kyiv National University of Civil Engineering and Architecture and the Dortmund University of Applied Sciences within the framework of the implementation of European Union DAAD VIMACS and ERASMUS+ WORK4CE projects is presented. During the implementation of the program, the levels of competencies that ensure the success of the project and the existing competencies of the project team were assessed. Based on the results, bottlenecks were identified and a training program for project participants in certain competencies was proposed. Re-assessment of the level of competencies allowed the project team to be confident in its success. © 2020 Copyright for this paper by its authors."
"015","Competency Based Education and Continuous Assessment in Laboratory to acquire higher order learning levels: Challenges, Process and Outcomes","Sampath Kumar, V.; Bisoyi, S.K.; Veerendra Kumar, A.N.","2022","","Competency based education and its continuous assessment creates a strong interest amongst all stakeholders involved in laboratories. Hands on experience and project-based learning provide an opportunity for a personalized path to acquire higher order learning levels. A continuous assessment procedure has been implemented to impart knowledge-based on skill centric environment for lifelong learning. Five assessment components have been designed for the continuous improvement of skills all of which are re-quired for higher order competencies. Laboratory assess-ments components have been designed by considering the teaching learning process, methodologies, complex engineering analysis, sustainable development, professional engineering practices and Continuous Improvement. These assessment components have brought about a radical transfor-mation in Academic Performance Index (API), Success Index (SI), Placement, Higher Studies, Entrepreneurship (PHE), attainment of Program Outcomes (PO's) and Program Specific Outcomes (PSO's). These outcomes indicate that students/graduates have acquired a higher order competency along with professional learning and hands on experi-ence. The proposed methodology for laboratory performance assessment components addresses the problems existing in conventional laboratory assessment methodology. In conventional methodologies, performance assessment is done based on laboratory report submitted by each group. The big-gest drawback is that there are no specific guidelines for grading reports, large variance in assessment of senior and junior staff and no continuous evaluation system. Aptitude brilliance can be improved through knowledge component assessment. In addition, written work component is vital in improving lifelong learning and soft skills or professional skills. The analysis of Questions Answered indicates the continuous reading practice which prepares them to grasp technical topics leading to benefits in employment as well as an improvement in individual Academic Performance. Interactive component gives them experience and opportunity for group discussion. Also, it helps in striking impactful conversations to address the needs, build network, perspective and intrinsic drivers which influence continuous improvement. Punctual-ity component is most critical and also key component to transform individual component to become a competent pro-fessional. It also helps to balance their professional and per-sonal life. Here outcomes are observed considering three engineering streams and over 8000 data points for three consecutive Academic Years. This paper result provides implications for academicians, Employers and Human Resource profession-als of Industry. Also, this paper helps identify the Industry Academia gap existing between the skills needed in the industry and the university education the students receive. © 2022, Rajarambapu Institute Of Technology. All rights reserved."
"016","STUDIFICATION - PROCEDURES TO FORMALIZE OUTSIDE CAMPUS INFORMAL LEARNING","Tiili, J.A.; Tapani, S.A.; Ruokolainen, J.","2021","","Today, students enter universities with more varied backgrounds than before. During their studies, they may work actively and take part in different societal activities. These activities can develop competencies that are already included in their academic curriculum. Studifying work or societal activity means recognizing and utilizing this competence development as a part of learning. In this way, several advantages are found. For example, study times are shortened, learning environments are widened and self-regulation skills are developed while students will be more and more owners of their learning processes. Studification is the next step after recognizing prior learning. It can have a significant role in the current pandemic and future post-pandemic situation, where we need to find alternative ways to study. Studification of work or similar activity is not easy. It requires well-defined processes and procedures. Curriculums must be competence-based so that the learning outcomes from work fit with competence-based assessment criteria. It also requires a change in the learning atmosphere among the teachers, organizational leaders, and students. Leadership must support the new ways to study, and finally, students must be ready for active learning ownership. © 2023 Blended Learning in Engineering Education: Challenging, Enlightening - and Lasting."
"017","Challenge-Based and Competency-Based Assessments in an Undergraduate Programming Course","Sidhu, G.; Srinivasan, S.; Muhammad, N.","2021","10.3991/ijet.v16i13.23147","In this work, we investigate an optimal assessment strategy to measure student learning in the first-year undergraduate engineering course at W Booth School of Engineering Practice and Technology at McMaster. Specifically, we evaluate and compare challenge-based and competency-based assessment strategies. In the challenge-based approach, the students are required to design a C++-based application that meet the required design objectives. The competency-based assessment involves assessing learning by asking a variety of pointed questions pertaining to a single or a small group of concepts. After studying the performance of 207 students, we found that in the challenge-based assessment, due to the complex nature of the questions that assess numerous concepts simultaneously, students who are not very thorough with even one or two concepts fared very poorly since they were unable to finish the challenge and present a functional prototype of the program. On the other hand, the competency-based assessment allowed for a more balanced approach in which the students’ learning was reflected more accurately by their performance in the various assessments. © 2,1,ssriniv@mcmaster.ca"
"018","The reformulation of methodological strategies in a Physics course - implementing assessment by competences in an Engineering program","Cutri, R.; Stem, N.; Neto, O.M.","2023","","The Brazilian engineering programs are required, according to the new curriculum guidelines, to implement competencebased assessment in their pedagogical projects. Therefore, the Maua Institute of Technology has been promoting discussions since 2020 to reformulate its programs to comply with this demand. The reformulation aims to restructure the organization and to define the contribution of each course into the general engineering programs competences while reformulating their methodologies to demonstrate the development of these competences by the students. This paper presents this reformulation carried out to implement competence-based evaluation in the core physics course, in this University Center. Additionally, it discusses the desired evidence that validates the development of the competence's expectations, as well as the process of adopting headings, particularly in the development of laboratory activities. The paper presents the sequence of discussions, adopted premises, initial proposed plan, implementation in 2021, changes in 2022, and adaptations for 2023. It also includes the professors' perception of the discipline and the history of the teachers' training to develop this new competence-based assessment culture. © 2023 University of Minho. All rights reserved."
"019","Evolution of Educational Paradigms: From Knowledge Transfer to Competency-Based Learning in Computer Science","González-Guerra, L.H.; Pérez-Murueta, P.","2025","10.1109/EDUCON62633.2025.11016528","In an era marked by rapid technological advancements and evolving educational needs, students require a learning paradigm that fosters intrinsic motivation and cultivates critical thinking and creativity. This approach should equip learners with both disciplinary expertise and essential cross-cutting competencies. The traditional teacher-centered model - where knowledge is primarily delivered through lectures, and students engage with course material mainly through homework assignments outside the classroom - has become increasingly ineffective in meeting the needs of today's learners. In contrast, competency-based learning offers a dynamic, student-centered alternative that actively involves students in their educational journey. Competency-based learning encourages deeper engagement by emphasizing skill development alongside knowledge acquisition and ensures that students acquire the practical competencies necessary for success in an increasingly complex world. This paradigm allows instructors to introduce a variety of challenges throughout the semester, guiding students through foundational and advanced concepts. The primary objective of this paper is to examine the shift from traditional knowledge transfer models to competency-based learning within the context of the computer science curriculum. Additionally, it seeks to assess the impact of this transition on student learning outcomes, particularly concerning the development of technical skills and critical thinking abilities. Through this exploration, the paper aims to highlight the potential benefits and challenges of adopting a competency-based approach in higher education, offering insights into how this model can enhance student preparedness for the demands of the modern workforce. © 2025 IEEE."
"020","Competency-based Assessment of Industrial Engineering Graduates: Basis for Enhancing Industry Driven Curriculum","Curbano, R.J.P.; Madrid, S.G.Y.; Narvacan, C.T.; Puentenegra, J.R.","2018","10.1109/IEEM.2018.8607279","The main objective of the study was to assess the competency, skills, and values of Industrial Engineering graduates as well as courses relevant to the industry need. The researchers used purposive sampling as research design of the study. Due to limited time of the study a total of 142 respondents answered the survey questionnaire through online. The statistical treatment used in the study were frequency percentage, weighted mean and chi-square. Results showed that majority of the respondents working at Electronics industry, college degree holder, 1-3 years of service, quality assurance engineer and working as technical. The assessment in terms of competency production planning and control function was highly important. In terms of skills having strategic and critical thinking was considered highly important. In terms of values industry considered highly important having moral values in the workplace. The courses identified as highly important are the strategic planning and control, engineering ethics and values, safety management, and probability and statistics. It was found out that in terms of relationship skills and values were significant while competencies was not significant to job classification. © 2018 IEEE."
"021","Development of Competency-Based Curriculum in Off-Grid Solar Cell Installation Work Using IoT Technology for Energy Monitoring","Kaewtip, P.; Thongchaisuratkrul, C.","2023","10.1109/iSTEM-Ed59413.2023.10305783","The paper aims to present the development of a competence-based curriculum for off-grid solar installation using IoT technology to enhance the installation and operation skill as well as the application of IoT technology for energy monitoring. The research data is collected from a training course in four-years student with a target group of 30 undergraduate students of electrical engineering and education program in electrical power major. The research findings indicate that the tasks, abilities, behavioral objectives, skills, content, exercises, and assessments of the curriculum align cohesively. The evaluation of the curriculum of suitability in terms of details, usability, and content relevance indicates the highest level of suitability. Additionally, the satisfaction assessment results of course users were at a highest level. The assessment of the developed curriculum's effectiveness meets the criteria of E1/E2, achieving an efficiency score of 86.41/86.89 respectively, demonstrating its high performance.  © 2023 IEEE."
"022","A scaffold and competency-based education approach to introduce innovation-thinking frameworks","Bosman, L.; Arumugam, S.","2019","","Over the past several years, interest in competency-based education has steadily increased particularly in relation to vocational education, which prepares individuals for careers requiring specific craft, trade, or technical skills. In these cases, competencies are commonly “obtained and demonstrated” through distance learning by watching short videos, completing assignments, and passing online assessments demonstrating student ability to accomplish a series of learning objectives. This approach to competency-based education ensures students are able to master ""doing"" but provides little emphasis on ""thinking."" As such, little is known about how to incorporate competency-based education into traditional and professional bachelor degree programs such as engineering, which requires a greater focus on knowledge and skill integration. The purpose of this paper is to highlight a new approach to learning that goes beyond the proverbial ""checking boxes"" to provide an approach for demonstrating the integration of abilities and reflection. This innovative and experimental approach offers three unique attributes. First, it is competency-based in that students are required to demonstrate mastery of meeting core innovative competencies through submission of an artifact (“transdisciplinary-doing”) and reflection (“transdisciplinary-thinking”). Second, it is transdisciplinary in that learning experiences integrate the humanities into engineering, design, and technology skill sets. Finally, it is scaffold in that instruction of each of the four modules builds on the other, further enhancing and grounding the learning experience. This paper will explain our unique yet standardized approach through a semester-long course introducing engineering and technology students to innovation-related frameworks as an immersive approach to increase deeper transdisciplinary thinking through innovation. This funnel method is intentionally applied to guide students from (a) System's Thinking - big picture, holistic perspective to (b) Design Thinking - human-centered approach to problem solving to (c) Problem-Market Fit Analysis - value proposition identification, connecting customer needs to features of the product bundle to (d) Business Model Development - identifying and evaluating key abilities required to support bringing a new product to market. This funnel down innovation approach assists students in narrowing their scope and, at the same time, offers them a continuous push towards transdisciplinary doing and thinking. © American Society for Engineering Education, 2019"
"023","Competence-Based Assessment of Programming Assignments","Plosch, R.; Groher, I.; Hofer, A.","2024","10.1109/CSEET62301.2024.10662988","In recent years, computer science education has increasingly focused on the development and application of automated code assessment methods. Test-based assessments of student submissions generate large quantities of data that could be used for learning analytics. Existing literature highlights a predominant use of unit tests for grading rather than for extracting insights into students' challenges in learning programming concepts. Moreover, competence models, which systematically outline required learning outcomes, are increasingly important during curriculum design. We introduce a novel approach for systematically developing programming assignments aligned with competence models. This method also aids educators in creating unit tests that support competence-based learning analytics. As our method maps competences to individual test cases and thereby quantifies a student's proficiency in an assignment, this helps educators to evaluate, whether students have the ability to understand and master the required competences. Experimental application of our method demonstrated enhanced clarity in understanding student assignments and a considerable improvement in the quality of learning analytics data.  © 2024 IEEE."
"024","Competency based training in robotic surgery: benchmark scores for virtual reality robotic simulation","Raison, N.; Ahmed, K.; Fossati, N.; Buffi, N.; Mottrie, A.; Dasgupta, P.; Van Der Poel, H.","2017","10.1111/bju.13710","Objectives: To develop benchmark scores of competency for use within a competency based virtual reality (VR) robotic training curriculum. Subjects and Methods: This longitudinal, observational study analysed results from nine European Association of Urology hands-on-training courses in VR simulation. In all, 223 participants ranging from novice to expert robotic surgeons completed 1565 exercises. Competency was set at 75% of the mean expert score. Benchmark scores for all general performance metrics generated by the simulator were calculated. Assessment exercises were selected by expert consensus and through learning-curve analysis. Three basic skill and two advanced skill exercises were identified. Results: Benchmark scores based on expert performance offered viable targets for novice and intermediate trainees in robotic surgery. Novice participants met the competency standards for most basic skill exercises; however, advanced exercises were significantly more challenging. Intermediate participants performed better across the seven metrics but still did not achieve the benchmark standard in the more difficult exercises. Conclusion: Benchmark scores derived from expert performances offer relevant and challenging scores for trainees to achieve during VR simulation training. Objective feedback allows both participants and trainers to monitor educational progress and ensures that training remains effective. Furthermore, the well-defined goals set through benchmarking offer clear targets for trainees and enable training to move to a more efficient competency based curriculum. © 2016 The Authors BJU International © 2016 BJU International Published by John Wiley & Sons Ltd"
"025","Evaluation procedures of the university graduates' readiness for railway professional activities in the english-speaking countries","Isaeva, T.Y.; Bessarabova, O.N.; Savchenko, I.V.; Shefieva, E.S.; Goryunova, E.R.","2016","10.17485/ijst/2016/v9i31/88593","This article presents an analysis of the system of engineering education in general and railway engineering training, particularly in the USA, Great Britain, Australia and Singapore. These countries were chosen to be the most advanced in the sphere of introducing professional standards and qualification requirements into the process of engineering education that are carried out on the principles of a competency-based approach. The objective of this article is to single out the most effective procedures of evaluation of engineering competences as well as the algorithm of setting correspondence between educational programmes and national professional standards. On the basis of examining a broad range of governmental, cooperative and educational documents, the authors investigated some issues in technical higher education, assessment practices of graduates' vocational readiness, and ideological concepts towards learning outcomes. Currently, there are various schemes of organising engineering education, however, all of them are directed at enhancing the quality of training, introducing competency-oriented methods and technologies, and searching for the most effective ways to make engineering education competitive on the world market. The review presented in this article is of a certain interest for the scientific community, researchers of this problem, and bodies of higher vocational education in the sphere of railway transport."
"026","The Impact of NACE Competency Integration on Students’ Perceived Career Readiness in Construction Management Education","Goodarzi, M.; Breakah, T.; Garshasby, M.","2025","10.18260/1-2--57233","This study investigates the integration of NACE Career Readiness Competencies into a construction management curriculum and its effectiveness in fostering students' professional growth. Using a survey-based approach, changes in students' self-perceived competencies were assessed across nine Course Learning Outcomes (CLOs) and eight NACE competencies before and after completing a junior-level course. The results revealed significant improvements in all CLOs, as demonstrated by the Wilcoxon Signed-Rank test, with Critical Thinking exhibiting the highest perceived growth and large effect sizes across all outcomes. A Friedman test indicated significant variability in perceived growth among the NACE competencies, with Critical Thinking ranked highest, while Global Fluency and Career Development ranked lowest. Post hoc analysis further highlighted substantial differences in growth across competencies, reflecting the uneven emphasis within the course curriculum. These findings underscore the effectiveness of competency-based education in enhancing technical and cognitive skills while identifying gaps in global and career-oriented competencies. This result highlighted the importance of incorporating global studies, cross-cultural collaboration projects, and structured career readiness programs within the course curriculum. This study contributes to the growing body of research on competency-based education by providing evidence of its effectiveness in fostering critical professional skills and offering actionable insights for enhancing curriculum design to prepare students for a dynamic and interconnected workforce. © American Society for Engineering Education, 2025."
"027","Assessment for Learning in Informatics education: The CAIR framework and a STEAM-based application","Gutu, M.","2026","10.58503/icvl-v21y202619","Competency-based Informatics education requires assessment practices that support iterative learning, problem-solving, and learner self-regulation; however, assessment often remains predominantly summative and weakly integrated with instruction. This paper presents a CAIR-oriented approach to operationalising Assessment for Learning in upper secondary Informatics education. Rather than introducing additional assessment instruments, the CAIR framework embeds formative assessment directly into instructional design by aligning learning tasks, feedback, and reflection with Informatics-specific competencies. Using a design-based, illustrative perspective, the study examines an authentic project-based learning scenario involving C/C++ programming and microcontroller-controlled smart systems. A parking system with a servo-controlled barrier is analysed to demonstrate how assessment evidence emerges through iterative cycles of design, testing, debugging, and reflection. The analysis highlights CAIR's capacity to support coherent alignment among competencies, learning activities, and formative assessment while remaining adaptable to practical classroom constraints. © 2026, National Institute for R and D in Informatics. All rights reserved."
"028","Promoting Application of IoT and DigComp 2.2 to Competence-Based Learning in Precision Agriculture","Gilarranz-Casado, C.; Leo-Ramírez, A.; Cruz-Ruiz, A.; Álvarez, J.","2026","","The digital transformation of the agri-food sector demands new competencies from professionals in agronomic and environmental fields. This study presents the implementation and evaluation of an educational framework designed to develop digital competences among postgraduate students, using IoT technologies in a course on Precision Agriculture. The course was structured around the DigComp 2.2 framework, targeting specific competences such as information management, technical problem-solving, and identification of technological solutions. 21 students participated in a project-based learning experience involving Arduino and ESP32 microcontrollers, sensors, actuators, and cloud platforms for data monitoring and control. A 16-item DigComp 2.2-based questionnaire was used to assess competence acquisition. Results showed significant improvements in students’ confidence and abilities, particularly in hardware integration and applied problem-solving. However, lower confidence levels in cloud platform usage revealed a need for more sustained training in digital environments. The findings highlight the effectiveness of hands-on, interdisciplinary methodologies in fostering relevant digital skills in agricultural education. The pro-posed framework aligns academic training with sectoral demands, enhancing students’ employability, innovation capacity, and readiness for smart farming systems. © 2026 TEMPUS Publications."
"029","Management of primary teacher training programs using the CDIO approach: Theoretical frameworks and practical implementations","Bui, H.V.; Nguyen, H.N.; Nguyen, D.T.; Nguyen, P.V.","2025","10.31893/multirev.2025423","The increasing emphasis on high-quality education necessitates the development of effective teacher training programs, particularly at the primary level. This study explores the application of the CDIO (Conceive-Design-Implement-Operate) approach in managing primary teacher training programs. Originally devised for engineering education, the CDIO framework has demonstrated potential in fostering practical skills and professional readiness among future educators. This research aims to bridge the gap between theoretical pedagogical training and practical classroom application by investigating the feasibility and effectiveness of the CDIO approach within the primary teacher training context. The study adopts a comprehensive literature review methodology, analyzing both global and Vietnamese perspectives on CDIO-based training program management. Key findings suggest that while the CDIO model aligns with modern educational reforms prioritizing competency-based learning, its adaptation to teacher training requires thoughtful contextualization to address challenges inherent in primary education. Furthermore, the study identifies several barriers related to contextual relevance, as the CDIO model’s original focus on technical education may not entirely correspond to the needs of primary teacher training. The study's primary contribution lies in proposing a structured framework for managing primary teacher training programs using the CDIO model. This framework emphasizes the integration of theoretical knowledge with hands-on experiences, promoting active learning, problem-solving, and professional competency. However, the study is limited by its theoretical nature, as it lacks empirical validation through field implementation and comparative analysis with other management approaches. Recommendations for future research include conducting longitudinal studies in diverse educational settings to assess the model's practical impact and incorporating stakeholder feedback to ensure contextual adaptability. © 2025, Malque Publishing. All rights reserved."
"030","Competency-Based Learning in Discrete Event Systems: Future Rail Manufacturing by Using Factory I/O Learning Platforms","Moses, O.; Khumbulani, M.; Grace, K.-K.; Swanepoel, J.A.","2026","10.1007/978-3-031-98880-6_19","This work investigates the use of Competency-Based Learning (CBL) with Discrete Event Systems (DES) in rail manufacturing based on the Factory I/O simulation platform. CBL focuses on mastery of a few key skills in automation and manufacturing, giving students hands-on experience in the simulation of real-world processes of rail production. Students learn through work with Factory I/O about PLC programming, system debugging, and process optimization applied in real-world scenarios of rail manufacturing. The provided model offers competency development and assessment in a structured way, outlining improvements in production efficiency, enhancement of fault detection capability, and reduction of the occurrence of downtime. The concept here aligns learning outcomes with the Industry 4.0 smart factory requirements and equips the future professional with the important skills related to advanced rail manufacturing systems, filling up gaps in theoretical education and practical industry requirements. The paper strikes a balance in DES experiential learning through active student participation, hence increasing their interest and comprehension. Dynamic gaming simulation coupled with decision-making procedures will ultimately prepare the future professional to address critical rail manufacturing challenges. This study introduces a practical and feasible method of teaching rail manufacturing knowledge and skills by using the state-of-the-art learning platform to develop accessible materials, adopting effective teaching tools, and collaborating among educators to support competency-based learning. © The Author(s), under exclusive license to Springer Nature Switzerland AG 2026."
"031","Using competencies for specifying outcome expectations for degree programs in computing: Lessons learned from other disciplines","Topi, H.","2018","","This essay reviews the use of the competency concept in various educational and professional development contexts. Its key purpose is to identify the lessons that computing education and practice can learn from disciplines that have explored and evaluated the use of competency-based approaches much longer than computing. The review reveals a broad variety of definitions and uses of the competency concept in a number of fields but no single unifying success formula emerges. The key recommendations of the essay are as follows: the efforts in computing education that use a competency-based approach should 1) carefully consider ways to specify competencies in an integrated, holistic way instead as a simple combination of components (such as knowledge, skills, and attitude); 2) recognize the purpose and timeframe for which competencies are specified, specifically avoiding a sole focus on short-term professional competencies; and 3) explicitly and transparently communicate whether or not the intent of any effort that uses a competency-based approach is to transform the entire educational model (instead of simply using competencies for specifying outcome expectations). © 2018 Association for Information Systems. All rights reserved."
"032","The evolution of training in robotic colorectal surgery","Smyth, R.; Francis, N.; Vasudevan, S.","2025","10.1007/s11701-025-02670-1","The integration of robotic technology into colorectal surgery has transformed surgical practice, demanding advancements in training methods. This narrative review explores the evolution of training in robotic colorectal surgery, from early observational learning and manual mentorship to the incorporation of simulation-based training, structured curricula, and competency-based assessments. Key milestones include the development of validated metrics, the adoption of virtual reality and augmented reality platforms, and the establishment of dedicated robotic fellowships and certification frameworks. The review also highlights ongoing challenges such as access to training, standardization across institutions, and the need for evidence-based evaluation of training outcomes. As robotic platforms continue to evolve, so too must the educational strategies that prepare surgeons for safe and effective practice. Future directions point toward greater integration of artificial intelligence, real-time performance feedback, and global collaboration in curriculum design. © The Author(s), under exclusive licence to Springer-Verlag London Ltd., part of Springer Nature 2025."
"033","A computer game for teaching and learning algebra topics at undergraduate level","García, I.; Cano, E.","2018","10.1002/cae.21887","Technology is increasingly changing the way that engineering students are taught. In recent years, we have witnessed a significant growth in using computer game technologies for teaching and learning in different engineering fields and contexts. This approach offers the ability to create complex and highly interactive scenarios with a solid theoretical basis to teach material in new and highly interactive ways. This paper introduces the application of the game-based learning approach and instructional design for creating a 2D computer game in order to support mathematics teaching and learning in the first-year of an undergraduate engineering course. Additionally, an experiment was conducted on a Computer and Electronic Engineering course to evaluate the effects of the proposed game by following the “competency-based learning” approach on students with sequential and global learning styles. The results showed that the computer game increased the learning experience and motivation of global learners when learning mathematical topics. © 2017 Wiley Periodicals, Inc."
"034","Nursing Informaticians in Spain: Scoping Review and Expert-Validated Gap Analysis","Marco-Moyano, A.; Rodríguez, P.V.; Lillo-Crespo, M.","2026","10.2196/83373","Background: The role of nursing informaticians is well-established in countries like the United States, Canada, and Australia, supported by competency frameworks and educational programs that enable nurses to lead technological integration in health care. However, in Spain, this role is not formally recognized, and specialized university training is scarce, creating a significant gap in digital health leadership among nurses. Objective: The study aimed to analyze the international landscape of the nursing informatician role, comparatively focusing on the situation in Spain, to subsequently identify the specific gaps for its implementation through experts’ views and insights. Methods: First, a scoping review following the PRISMA-ScR (Preferred Reporting Items for Systematic Reviews and Meta-Analyses Extension for Scoping Reviews) guidelines was conducted in English and Spanish using scientific evidence searched in PubMed, Scopus, CINAHL, and Web of Science from 2018 to the present, as well as gray literature on the topic. A total of 55 published studies were included after screening 1356 records and 10 gray literature documents. Subsequently, findings were validated through a gap analysis comprising a panel of 10 experts selected according to their experience in digital literacy. Results: The review identified 6 core competencies for nursing informaticians: information management, cybersecurity, patient safety, evaluation and development of clinical information systems, leadership and coordination of digital tools, implementation of new technologies and specialized applications, and education and digitalization in health. Internationally, training is delivered via postgraduate programs, certifications, and leadership initiatives. Experts validated the relevance of these competencies for Spain (rated 5/5) and the applicability and desirability of implementing training programs (rated 4.8/5). Key barriers identified were the lack of official recognition, scarce training, and organizational resistance to change. Conclusions: There is a contrast between the established role of nursing informaticians internationally and its absence in Spain. The lack of a formal framework and specific training programs is the primary barrier. Implementing validated competencies and tailored educational strategies is crucial for Spain to advance its digital health transformation and empower nursing leadership in technology. © Adrián Marco-Moyano, Patricia Verdú Rodríguez, Manuel Lillo-Crespo."
"035","Integrating of competences in mathematics through software-case study","Kulina, H.N.; Gocheva-Ilieva, S.G.; Voynikova, D.S.; Atanasova, P.K.; Iliev, A.I.; Ivanov, A.V.","2018","10.1109/EDUCON.2018.8363424","Providing young people with key competences to help them adapt to the rapidly changing interconnected world is a key part of the European Union's strategies for delivering job growth and sustainable development. The article discusses the issue of developing, expanding and enriching the set of mathematical competences in learners by using specialized mathematical software. It presents the experience of the authors of a particular course in Software Systems in Mathematics in the context of the integration of computer-based and competence-based teaching and learning in mathematics as well as some special assessment methods. © 2018 IEEE."
"036","Informatics competency-based assessment: Evaluations and determination of nursing informatics competency gaps among practicing nurse informaticists","Pordeli, L.","2018","","Background In today's transformed healthcare industry, nursing informatics has become an essential and fast-growing specialty. While nursing informatics competencies have been identified and recommended by national organizations as an essential component of nursing education and practice, limited information is available on the skills and informatics competencies of practicing informaticists. Purpose This evidence-based Doctor of Nursing Practice (DNP) project implemented and evaluated an evidence-based professional development program to address informatics competency gaps among practicing informaticists at a magnet-recognized hospital in northeast Florida and to ensure that the informaticists possessed the essential skills and knowledge to achieve the organization's informatics needs. Methods The Nursing Informatics Competency Assessment (NICA) L3/L4 tool was used in this evidence-based project (McGonigle, Hunter, Hebda, & Hill, 2014). The Kruskal Wallis test was implemented to compare the pre-test and post-test responses on three selected subcategories to determine if there were any statistically significant changes between the pre-test and post-test results and competencies. Findings The results indicated positive outcomes and improvements in competencies following the implementation and evaluation of the evidence-based professional development program. Findings from this project are valuable to healthcare organizations and nurse leaders who wish to identify and address informatics competency gaps among informaticists and provide on-the-job-training to address gaps in knowledge and skills. The results of this quality improvement project contribute to and fill gaps in the literature on informatics competency assessment and development. © 2018 Healthcare Information and Management Systems Society (HIMSS)."
"037","Influence of Self-Regulated Learning on the Academic Performance of Engineering Students in a Blended-Learning Environment","Vargas-Mendoza, L.; Gallardo, K.","2023","10.3991/ijep.v13i8.38481","The pandemic environment experienced for more than two years strongly accelerated the use of technological resources to support learning. Using these resources made it evident that higher education students expecting to succeed academically must master digital strategies. The combination of learning experiences and autonomous work required students to self-regulate their learning well to attain the expected performance levels for competitive work that characterizes the engineering profession. So, we designed an exploratory study to evaluate the effect of self-regulated learning on mechanical design students in a Blended Learning (BL) environment using Flipped Learning/Classroom didactics (FPC). Fifty-one students studying under two different educational-model curricula participated. The research employed a mixed methodology. For the quantitative part, the students’ academic grades and results of the Motivation and Learning Strategies Questionnaire (MSLQ SF) applied in its short Spanish version were employed. A questionnaire for self-study management and a competency observation rubric based on the Marzano & Kendall New Taxonomy were used for the qualitative part. The results showed that the students with the best levels of self-regulated learning in BL and FPC contexts obtained the best results in cognitive, organizational, and motivational resource management strategies. They also improved their disciplinary skills and had a higher academic performance. © 2023 by the authors of this article."
"038","Evaluation of the Environmental Engineering Study Programme at University","Pubule, J.; Kalnbalkite, A.; Teirumnieka, E.; Blumberga, D.","2019","10.2478/rtuect-2019-0070","The European Union has placed competence-based teaching and competence-based education as one of its highly relevant goals. Due to mass higher education, the assessment of effectiveness and relevance evaluation of environmental engineering study programmes should become an important issue. Presently the focus of the evaluation on multi-disciplinary study programmes varies from the evaluation of attitudes, impacts or effectiveness of utilisation-focused evaluation, summative evaluation and participatory evaluation approaches. The objective of this study was to propose an effective framework to evaluate the Environmental Engineering Master study programmes. During the research, the evaluation of existing study programmes on environmental engineering in Europe was conducted, information about the study courses, teaching methods, assessment methods and competences was used for the analysis. The results obtained showed that lectures, site visits, group coursework, practical laboratories and role-plays allows to reach the necessary knowledge, skills and competences and to provide an effective and relevant education to the Environmental Engineering Master programme students. The proposed evaluation framework was tested and approbated on new Riga Technical University Master study programmes on Environmental Engineering and Bioeconomy. © 2019 Jelena Pubule et al., published by Sciendo 2019."
"039","Inducing competence-based assignment in traditional structural engineering education: A case study","Ghoniem, A.; Ghoniem, E.","2022","10.1002/cae.22493","The paper is motivated by real problems concerning the evaluation of the academic performance, satisfaction, critical thinking skills, and creativity in the learning process of engineering students exposed to a mixture of lecture-based learning with competence-based learning. The study randomized 450 students, enrolled in a reinforced concrete structures course, into three equal groups. One group was assigned to problem-based learning, while project- and technology-based learning was conducted for the other two groups. The practices of these three groups were compared based on two methods: monitoring of both generic and technical skills and a questionnaire analysis that indicated student satisfaction, critical thinking skills, and creativity. On the basis of the findings, the students who passed the project- and technology-based assignments held the highest achievement marks and reported higher satisfaction, critical thinking skills, and creativity. The obtained results revealed the necessity of technology to embrace new learning strategies that mimic real-world problems. © 2022 Wiley Periodicals LLC."
"040","Evolution of teaching approaches for science, engineering and technology within an online environment: A review","Maladzhi, R.W.; Kanakana-Katumba, G.M.","2020","10.25046/AJ0506144","The emergence of the COVID-19 pandemic earlier this year destabilised the operations in the education sector, particularly in institutions of higher learning. Most of these institutions are now expected to teach online, assess their students using non-venue examinations and offer remote laboratory practical and experiments. However, many of these institutions were not prepared for such dynamic change in a such short space of time. Consequently, most of the institutions moved their mid-year examinations to the October/November period. In addition, they are finding methods to conduct laboratory practical and experiments. Prominent researchers agree that institutions of higher learning are challenged by the current dispensation where academics are expected to implement new pedagogical approaches and take advantage of information and communications technology (ICT) for teaching and learning. Every module requires a specific teaching method, as a result, academics need to know about various methods available. Generally, the sciences and engineering modules are taught within the classroom environment and require experiential platforms to solidify the theoretical knowledge gained. The current study is aimed at assessing the evolution of teaching approaches and technologies in distance education regarding online delivery particularly in science, engineering and technology. Various search engines such as Google Scholar, Scopus, Sabinet, ProQuest and EBSCO were used to obtain relevant literature to depict popular teaching approaches and the relevant technologies. In order to access relevant literature, various key strings were used. The findings of the study revealed problem-based, apprenticeship and experimental, and competency-based learning as the most popular teaching approaches, particularly between 2010 and 2020. Project-based learning, case-based learning and communities of practice equally share the third position followed by integrative learning. Students and academics show that instant feedback provided by virtual labs yielded encouraging results. This shows that many students and their academics prefer the introduction of the virtual labs in their learning environment, especially from 2012 until recent. The literature further confirms the current findings that institutions of higher learning need to equip academics to be able to integrate technology within their teaching methods for students to continue to learn at ease. © 2020 ASTES Publishers. All rights reserved."
"041","Developing a Framework of Entrustable Professional Activities for Residency Training in Hematology","Tian, H.; Xu, L.; Xi, J.; Yin, J.; Dai, H.; Wang, Y.; Chen, J.; Li, C.; Zhu, Y.; Wang, H.; Zhou, M.; Long, Y.; Song, X.; Yang, L.; Qi, J.; Zhou, J.; Xue, S.","2025","10.2147/AMEP.S541605","Purpose: Entrustable professional activities (EPAs), essential for competent and safe clinical practice, serve as milestones to assess trainees’ readiness for independent patient care. This study aimed to develop a context-specific EPA framework for hematology residency training in China. Methods: We employed a modified Delphi method involving 35 experts from 8 academic hospitals to establish China’s inaugural hematology-specific EPA framework. The development process comprised three key components: (1) a systematic literature review integrating international EPA models with China’s the Standardized Training System for Residents (STSR) requirements; (2) structural validation through the EQual rubric (cut-off: 4.07); and (3) a two-round Delphi consultations evaluating importance, observability, evaluability, repeatability, feasibility and entrustment-supervision levels. Expert engagement metrics and inter-rater agreement evaluated consensus quality. Results: The preliminary 14-item framework was ultimately refined to 12 EPAs following the exclusion of “Public Health Emergency Response” (EPA 14; mean score=3.23) and “Imparting Bad News” (EPA 13; 57.1% experts advocated removing). Key revisions involved expanding the hematopoietic stem cell transplantation (HSCT) competency domain to include donor selection (EPA 7) and the provisional addition then subsequent removal of “Cellular Immunotherapy Complications Management” due to insufficient standardization of assessment criteria. The final EPAs achieved unanimous EQual compliance (≥4.07) and strong Delphi consensus (Kendall’s W: Round 1 = 0.271, Round 2 = 0.529, p<0.001). Clinical entrustment-supervision levels were systematically stratified by training phase and expected competency at graduation. Conclusion: This study has established China’s first hematology-specific EPA framework by addressing gaps in global EPA models through integration of integrating local clinical demands (high patient volume, resource constraints) and multidisciplinary coordination. The framework provides a validated tool for competency-based assessment, with future steps focusing on digital implementation and nationwide validation. © 2025 Tian et al."
"042","The college prep program at APL: An experiential model to help high-achieving, underserved students trailblaze and achieve success","Gray-Roncal, K.; Huynh, L.; Kolarik, T.; Roncal, M.; Saunders, M.A.; Gray-Roncal, W.","2018","10.1109/ISECon.2018.8340511","Data show that many high school students, especially those from underserved or underrepresented backgrounds, are unsuccessful in achieving a four-year college degree, particularly in Science, Technology, Engineering, and Math (STEM) careers. These young scholars often have strong potential and ambitious dreams, but face significant structural barriers in achieving their goals, resulting in substantial opportunity and knowledge gaps. We have developed a novel approach to help these students prepare for college admissions and achieve college success through intensive mentoring by STEM professionals and support through technology innovations. We developed a comprehensive, competency-based curriculum that includes academics, application preparation, essay development, financial aid, test preparation and college visits. Students complete a capstone portfolio project at the end of the summer intervention, and we continue to provide longitudinal support throughout their high school and college years. Over the past nine summers we implemented our model with an all-volunteer staff to achieve significant, measurable results: 168 students have participated in the program; 98% of surveyed program alumni are on-track to earning their four-year college degrees; and the majority plan to earn degrees in STEM and to pursue a graduate degree. Our outcomes significantly outperform both students from similar backgrounds and the overall student population. In this manuscript, we provide an overview of our model, insights into how this approach may be extended to other communities and suggestions for evaluating program efficacy in a data-driven framework. © 2018 IEEE."
"043","Design and implementation of a Semester I for mechatronics","Díaz Martínez, R.J.","2019","10.1007/s12008-019-00604-4","This work presents a “Semester I” experience developed for a group of 8th-semester students of Mechatronic Engineering (IMT) on the Laguna campus of the Tecnologico de Monterrey. The students received twenty-seven content modules related to seven subjects (which met their curricular training requirements), and they were given tools to solve the challenges to real world problems in the community. In addition to these contents, students had to delve into knowledge and skills not previously learned in their scholastic careers but which were necessary to solve the challenges. These included different methods for the measurement of non-constant and turbulent fluids as well as techniques for plant irradiation. During the semester, the periods of total immersion were planned times that would be dedicated to work on the resolution of the challenges, when the students, professors and advisers worked collaboratively. Two training partners participated; namely, Madero Equipos de Ordeño, S.A. de C.V., and Almerimex, S.A. de C.V. (In Mexico, “S.A. de C.V.” designates a corporation.) The training partners provided advice to the students so that they could design a milk flow sensor and a bactericidal system with Ultraviolet-C light (UV-C light) and also manage the costs of building the prototypes designed. For the students, the semester served to measure disciplinary competencies such as the design, construction and testing of a mechatronic system prototype and the design and analyses of experiments. They also acquired transversal competencies such as the passion for self-learning and critical thinking for the identification and analysis of a problem and the generation of alternatives to solve it. © 2019, Springer-Verlag France SAS, part of Springer Nature."
"044","Computing Students' Understanding of Dispositions: A Qualitative Study","Kiesler, N.; Mackellar, B.K.; Kumar, A.N.; McCauley, R.; Raj, R.K.; Sabin, M.; Impagliazzo, J.","2023","10.1145/3587102.3588797","Dispositions, along with skills and knowledge, form the three components of competency-based education. Moreover, studies have shown dispositions to be necessary for a successful career. However, unlike evidence-based teaching and learning approaches for knowledge acquisition and skill development, few studies focus on translating dispositions into observable behavioral patterns. An operationalization of dispositions, however, is crucial for students to understand and achieve respective learning outcomes in computing courses. This paper describes a multi-institutional study investigating students' understanding of dispositions in terms of their behaviors while completing coursework. Students in six computing courses at four different institutions filled out a survey describing an instance of applying each of the five surveyed dispositions (adaptable, collaborative, persistent, responsible, and self-directed) in the courses' assignments. The authors evaluated data by using Mayring's qualitative content analysis. The result was a coding scheme with categories summarizing students' concepts of dispositions and how they see themselves applying dispositions in the context of computing. These results are a first step in understanding dispositions in computing education and how they manifest in student behavior. This research has implications for educators developing new pedagogical approaches to promote and facilitate dispositions. Moreover, the operationalized behaviors constitute a starting point for new assessment strategies of dispositions.  © 2023 ACM."
"045","Incorporating future of nursing competencies into a clinical and simulation assessment tool: Validating the clinical simulation competency assessment tool","Beauvais, A.M.; Phillips, K.E.","2020","10.1097/01.NEP.0000000000000709","AIM The purpose of the study was to evaluate the validity of the Clinical Simulation Competency Assessment Tool (ClinSimCAT). BACKGROUND The 2011 Future of Nursing report encouraged nursing programs to move toward a competency-based approach to education. As no tool was found to holistically evaluate nursing student competency in clinical and simulation settings, we developed the ClinSimCAT based on the Institute of Medicine recommended competencies. METHOD A Delphi study with three rounds was conducted. A national sample of nursing education and simulation leaders was used to achieve consensus about the competencies. RESULTS The process resulted in a set of 20 competencies across eight domains (patient-centered care, teamwork and collaboration, evidence-based practice, quality improvement, safety, informatics, professionalism, and systems-based practice). CONCLUSION The ClinSimCAT has demonstrated evidence of content validity and can be used for evaluation of clinical and simulation across a variety of undergraduate nursing courses.  © Lippincott Williams & Wilkins."
"046","Innovative Learning Technologies in the Process of Training Specialists of Engineering Specialties in the Conditions of Digitalization of Higher Education","Oleksandr, K.; Natalia, S.; Dembitska, S.; Iryna, K.; Maryna, M.","2024","10.1007/978-3-031-53382-2_1","Modernization of education, including complex changes related to the prospects of Ukraine joining the EU, requires a reconsideration of education programs, comprehensive approach to the study of general education and special disciplines, the introduction of a competency-based approach to education, and the formation of practical skills in engineering students. Currently, the process of creating prerequisites for quality training of future specialists in institutions of higher technical education is gaining special relevance. The objective of the research is scientific substantiation and development of didactic principles for the introduction of innovative learning technologies in the process of training specialists in engineering specialties in the conditions of digitalization of higher education. The object of the study is the educational process in the institutions of higher education in the conditions of the digitization, the subject of the study is the theoretical and methodological justification of the feasibility of introducing innovative educational technologies in the educational process of the higher school in the conditions of digitalization of society. The following research methods were used: analysis of educational documentation (training, industrial practice), observation, surveys and interviews, testing, expert evaluation, self-evaluation. On the basis of the conducted scientific research, ways to improve the educational process by introducing innovative learning technologies in the process of training specialists in engineering specialties in the conditions of digitalization of higher education have been suggested. The proposed principles of creating a subject-oriented and educational-informational educational environment create opportunities for using innovative multimedia products. This area of educational activity should become the basis for the formation and development of the professional competence of specialists in engineering specialties in the conditions of distance learning, the development of creativity in the process of professional tasks solution and decision-making in the conditions of internal and external challenges for enterprises and organizations, improving the efficiency of memorization. © The Author(s), under exclusive license to Springer Nature Switzerland AG 2024."
"047","Training of future teachers during teaching internship in the context of modern approaches (Directions of specialization: Physics, mathematics, informatics)","Dammer, M.D.; Karasova, I.S.; Leonova, E.A.; Potapova, M.V.; Selezneva, E.A.","2018","","The complexity of the system of organization and carrying out of teaching internship for students of pedagogical higher education institutions, caused by a large number of subjects of practice and numerous parameters for assessing the level of training of trainee students, requires scientific justification of the applied approaches. The article presents a ""Roadmap for teaching internship"", which includes the kinds of activities of all subjects of practice, as well as the tools for the implementation of current and midpoint assessment of the activities of students fulfilling the professional tasks of practice. The results of the pedagogical experiment confirmed the validity of the applied approaches and the developed models, and also pointed out the directions for improving the professional training of students. The system of organizing and carrying out a practice developed on the basis of modern approaches is novel and has a great practical importance. Its implementation will ensure a high level of professional training for future teachers. © 2018."
"048","Industrial Robotics and Adaptive Control Systems in STEM Education: Systematic Review of Technology Transfer from Industry to Classroom and Competency Development Framework","Urrea, C.","2026","10.3390/app16042026","The Fourth Industrial Revolution reshapes manufacturing and workforce demands, yet a persistent gap remains between industry needs and engineering education. While proficiency in industrial robotics, adaptive control, and automation becomes critical, traditional education struggles to bridge the theory–practice divide. This systematic review examines technology transfer from factory to classroom to develop authentic Industry 4.0 competencies. Following PRISMA 2020 guidelines, we synthesized 52 empirical studies (2019–2025) focusing on technology complexity, pedagogical approaches, and learning outcomes. Random-effects meta-analysis of 12 representative studies reveals large positive effects: Hedges’ g of 0.786 (95% CI: 0.726–0.846, p < 0.001) with homogeneous effects ((Formula presented.) = 0.00%, p = 0.464), indicating robust generalizability. However, critical gaps emerged: only 7.7% employ actual industrial manipulators versus educational kits, adaptive control pedagogy remains limited, and fault-tolerant systems teaching receives minimal attention. Technology complexity analysis reveals clear progression from educational kits through semi-industrial platforms to industrial systems, with significant differential effects on transferable skills (r = 0.68, p < 0.001). This study proposes the ARC Framework integrating technology taxonomy, competency progression, pedagogical strategies, and assessment rubrics. Cost–effectiveness analysis demonstrates remote labs optimize impact-per-investment ratios ($45 vs. $280 per student), providing an evidence-based framework for technology transfer in engineering education. © 2026 by the author."
"049","Teaching automation with Factory I/O under a competency-based curriculum","Vargas, H.; Heradio, R.; Donoso, M.; Farias, G.","2023","10.1007/s11042-022-14047-9","Some of the most critical competencies students need to acquire to become control engineers require performing practices under actual industrial conditions. This means that they must not only master the theoretical aspects of the discipline but also acquire skills and attitudes to face unpredictable real-world situations. Software tools such as Matlab/Simulink are widely used to train the design and validation of controllers, but they fail to provide real industrial contexts. Nowadays, there are 3D simulation tools that support recreating industrial environments to a remarkable extent, making them very attractive for university courses. Nevertheless, their application in engineering courses is scarce yet. This paper presents a methodological framework for seizing into competency-based courses one of these simulation tools, called Factory I/O. Our approach was evaluated in a master’s course on Industrial PID Control at Pontifical Catholic University of Valparaíso (PUCV) in Chile. The evaluation comprised the qualitative analysis of students’ grades over four consecutive course editions and the qualitative study of students’ opinion on Factory I/O educational value. The objectives of our evaluation were (i) testing if Factory I/O helped students develop skills hard to practice in academic contexts, such as detecting faults or recognizing the importance of having well-defined operation protocols; (ii) validating our methodology for competency-based courses; and (iii) surveying our students about Matlab/Simulink and Factory I/O strengths/weaknesses to teach control engineering. According to the results, (a) Factory I/O complements Simulink by providing an adequate virtual environment to learn the aforementioned skills; and (b) our methodology supports courses’ continuous improvement through the statistical analysis of students’ achievements at different abstraction levels. © 2022, The Author(s)."
"050","Collaborative And Integrated Planning for the Institutional Introduction of Active Methodologies in Engineering Education","Fonseca, L.; Campello, S.; Ribeiro, A.","2025","10.5281/zenodo.15847169","Higher education in Brazil has traditionally been structured around discipline-based courses. Since 2019, with the implementation of competency-based assessment frameworks, Higher Education Institutions (HEIs) have been required to redesign their instructional strategies to promote interdisciplinary integration and competency development. This paper investigates the use of a canvas-based approach as a collaborative planning tool for faculty members. The study demonstrates how the canvas supports curriculum integration and the adoption of active learning methodologies in engineering education. Case studies were conducted to evaluate the effectiveness of collaborative planning involving both interdisciplinary course integration and cooperation among multiple instructors teaching the same course across different sections. Results show that canvas-supported planning significantly contributed to enhanced curricular cohesion, improved quality of course syllabi, and increased student engagement. The findings suggest that the use of canvas and digital collaboration tools enhances the teaching and learning process. Moreover, this approach can serve as a strategic framework for ongoing institutional transformation, fostering the implementation of active methodologies and continuous curricular integration. © 2025, University of Minho. All rights reserved."
"051","Integrating Generative Artificial Intelligence and Augmented Reality Within a Structured Project-Based Learning Framework for Unit Operations Education","Jaramillo-Fierro, X.; Guaya, D.; Meneses, M.A.; Valarezo, E.","2026","10.3390/su18052317","This study examines the impact of integrating Generative Artificial Intelligence (AIgen) and Augmented Reality (AR) within a Project-Based Learning (PBL) framework to enhance student motivation and active learning in Chemical Engineering Unit Operations (OU) courses. The research employed a quasi-experimental post-test design without a control group and followed a mixed-methods explanatory approach. The intervention was implemented over two academic semesters at the Universidad Técnica Particular de Loja. The instructional design was structured using the 4PADAFE model, based on the principles of constructive alignment and competency-based education. The intervention was organized into seven sequential phases that integrated pedagogical planning, technological implementation, and evaluation. Students collaboratively developed educational resources, including interactive AR visualizations and AI-generated teaching materials addressing key topics such as fluid flow, heat transfer, and adsorption kinetics. The quantitative component constituted the main analytical approach and assessed changes in motivation using the Instructional Materials Motivation Survey (IMMS), based on Keller’s ARCS model. The instrument’s reliability was supported by high internal consistency (Cronbach’s α > 0.95) and satisfactory factor adequacy indices. The results revealed increases in all motivational dimensions, with mean scores rising from 3.26–3.33 in Phase I to 3.48–3.60 in Phase II. Overall, the findings indicate that the structured integration of AIgen and AR within an aligned problem-based learning (PBL) framework was associated with improvements in student engagement, confidence, and satisfaction. The study provides evaluative evidence supporting the implementation of technology-enhanced teaching strategies in engineering education under real-world classroom conditions. © 2026 by the authors."
"052","Evaluation of educational technologies for developing competencies in engineering students of biomimetic and sustainability course: a case study","Amador-Rodríguez, K.Y.; Alvarez-Rodríguez, F.J.","2023","10.1007/s12008-023-01520-4","Tecnologico de Monterrey recently launched the Tec21 Educative Model to develop relevant, comprehensive, integrated competencies in students that enable them to solve present and future professional challenges creatively and strategically. A current primary focus of university education is to incorporate sustainable development goals (SDG) in the curricular plans. Our study involved the Biomimetics and Sustainability course, which aligns with the SDGs. It is a course offered to first-year students in the School of Engineering and Science. This research aimed to analyze the evaluation methodology in developing certain sub-competencies: scientific thought, understanding other codes, digital culture, systems operations in engineering and sciences, and applying sustainability principles. This study contributes evidence and findings to help implement and operationalize competency-based assessments. The investigation centered on assessing student deliverables in the course, including two primary “Evidences,“ platform interactions, exams, and assignment accomplishments. The analysis showed that the students developed a higher overall competency level for the second Evidence (93.61 ± 0.76%) versus the first one (80.22 ± 11.61%). The present article is based on the experience of using the student portfolio as a tool for evaluation in the educational technology topic. © 2023, The Author(s), under exclusive licence to Springer-Verlag France SAS, part of Springer Nature."
"053","Teaching Artificial Intelligence for Non-computer Science Students in Undergraduate Education: A Competency Framework and an AI Course (Doctoral Consortium)","Tenório, K.","2023","10.1145/3631802.3631842","Artificial intelligence (AI) systems are saving time, reducing costs, and human efforts to perform tasks in diverse fields such as education, medicine, finance, and journalism. This growing relevance of AI in different domains brings a need to prepare future professionals in undergraduate education to use AI technologies effectively and responsibly in their careers. Through AI literacy in undergraduate education, non-computer science students can become prepared to use AI methods and tools to bring benefits (e.g., saving time, better outcomes) for their domains/future jobs, understand and increase awareness of the ethical, social, and legal issues raised by AI and critically evaluate these technologies when using them in their future jobs. Based on that, the main objective of this research is to develop an undergraduate AI course based on a competency framework that will empower future professionals from different domains with AI knowledge and skills. © 2023 Copyright held by the owner/author(s)."
"054","The role of simulation in colon and rectal surgery training","Valinluck Lao, V.; Steele, S.R.","2015","10.1053/j.scrs.2015.04.004","Over the last decade, duty hour regulations imposed on training programs in the ""modern era"" of surgical training have limited trainee exposure to operations. Due to this, attaining competency based on exposure to operations alone can no longer be assumed. With combined mandated clinic coverage, call, and endoscopic requirements, time has become an even more limited resource for achievement of proficiency, much less mastery, for those pursuing a career in all surgical disciplines-especially colorectal surgery. In this gap, simulation in surgical training has found an increasing role in multiple subspecialties, including colorectal surgery, as training moves towards competency-based curricula with increased standardization. Given the current environment of surgical training, there is an increasing demand for simulators that can be used for assessment and for training. In this article, we will discuss the multitude of simulators available for surgical training, their strengths and limitations, as well as ways to incorporate their use for skills training using a staged model. In addition, as simulators are increasingly being studied, developed and incorporated into certifying examinations, we will highlight their potential future role for board certification and maintenance of skills. Overall, their use in surgical training is proving to be beneficial, and because of this, it is likely their use in surgical training will increase. © 2015."
"055","Merging observational and interview data to study and improve the adaptability of the products of didactic engineering to ordinary teaching in physical education","Lenzen, B.; Barthe, C.; Cordoba, A.; Deriaz, D.; Poussin, B.; Pürro, C.; Saillen, L.; Suter, Y.; Voisard, N.","2022","10.1080/17408989.2021.1999917","Introduction: Our team of researchers proposed volunteer teachers to experiment with reference situations (RS) in middle-distance running, within the framework of a didactic engineering. During the conception stage, these RS were designed to serve as a starting point and an assessment tool of a teaching sequence. During the experimentation stage, teachers were expected to provide students with additional learning tasks and experiences that targeted the learning issues resulting from a priori analysis of the RS by the research team. Purpose: In line with previous research in mathematics and PE showing that the transmission of the products of didactic engineering was not self-evident, we focused on the ways teachers had reappropriated the RS and had dealt with their associated learning issues with the support of researchers. We illustrated how mixed methods have been heuristic for this purpose. Methods and results: We used a mixed-methods design merging observational and interview data. Eight primary school teachers participated in this study, the first layer of which focusing on the ways they addressed learning issues related to the RS. For each teacher, one researcher recorded four lessons and collected written documents. Then, through a priori analysis of the tasks whose purpose was learning and analysis of teacher and students’ joint action, the researcher recorded in a synopsis if the learning issues were (a) missing, (b) potential or (c) taught. These analyses showed that learning issues were taught little, if at all, by teachers. We restricted to the case of one PE teacher (George) the illustration of the second layer of our mixed-methods design, focusing on how teachers’ practical epistemology impacted the ways RS and learning issues conceived by the research team were transformed or adapted in the class. Observational data were articulated with the teacher’s reflexive verbalisations generated within one self-confrontation interview after two lessons and one semi-structured interview at the end of the experimentation. The results obtained in the case of George helped to understand how and why he had reappropriated the RS in a way that was unexpected to the research team. For example, his experience made him consider that teaching middle-distance running meant above all acting on students’ mental attributes. This experiential dimension of George’s practical epistemology was in line with his progressive way of confronting students with the RS. Moreover, the researcher succeeded in acting on George’s practical epistemology regarding the interest and the possibility of teaching running techniques. Discussion and conclusion: Our mixed-methods design proved to be suitable for studying and improving the adaptability of the products of didactic engineering to ordinary teaching in PE in a more dialectical way. Our results challenge the relatively large number of learning issues to be taught, the complexity to teach them and their compatibility with teachers’ practical epistemology, which has nevertheless been shown to be evolving. These findings are crucial in the perspective of a wide dissemination of curricular resources aiming at renewing the teaching of PE in line with the current competency-based approach. © 2021 Association for Physical Education."
"056","Learning analytics: Needs and opportunities","Ángel, H.-G.; Conde, M.Á.","2016","10.1145/3012430.3012533","Learning analytics is not a trend anymore. It is a must in education. Whenever we hear about the use of information technologies in education, the term learning analytics is mentioned. However, learning usually comes more as an afterthought than a core part of educational processes involving the use of IT. Think about how many times have you heard the sentence ""... and, of course, we provide learning analytics with it"" in the past couple of years. Right? Yet, despite the increasing amount of theoretical and applied research on learning analytics, there are still needs that are practically left unattended in most recent research. For example, the role of learning analytics in the current paradigm of studentcentred and competence-based learning, information about successful learning analytics-based interventions, cross-validation of prior research, standards for learning analytics, or learning analytics and instructional design. In addition, the emergence and growth of new technologies in educational contexts (e.g. smartphones, virtual and augmented reality, social networks), and the ever changing nature of existing ones, bring new challenges and opportunities for research and practice in learning analytics. © 2016 ACM.© 2016 ACM."
"057","A Problem-Based Introduction to Technical, Social, and Systemic Thinking in Engineering Courses","Vasconcelos, P.N.; Zambroni De Souza, A.C.","2022","10.1109/ACCESS.2022.3189654","Good systems thinking skills are beneficial to engineering projects since, besides being multidisciplinary, they address the needs of large human populations. Therefore, it is paramount that engineers should not only excel in the technical parts but also be good system thinkers and aware of the potential impacts of their activity. In this sense, this paper describes how to implement a project assignment in a system dynamics course for electrical engineering students to teach systemic thinking skills and connect the technical content, industry, and social responsibility. The effects on student performance and retention, and an evaluation of their perceptions of learning gains, are presented. Five weeks are dedicated to the implementation of a project-based project assignment. A formative assessment provides students developmental feedback based on the competencies shown during the creative process. It is complemented by a summative assessment module, which evaluates the adequacy of the finished content, which is developed as an online portfolio. Results indicate that the concepts of systemic thinking and the holistic view of engineering projects were successfully implemented through project assignments. Moreover, students' perceptions of their knowledge gains and comparisons of their performance and retention before and after the intervention indicate a positive influence on the learning process.  © 2013 IEEE."
"058","A Challenge-Based Learning Intensive Course for Competency Development in Undergraduate Engineering Students: Case Study on UAVs","Félix-Herrán, L.C.; Izaguirre-Espinosa, C.; Parra-Vega, V.; Sánchez-Orta, A.; Benitez, V.H.; Lozoya-Santos, J.-J.","2022","10.3390/electronics11091349","Accelerated advances in science and technology drive the need for professionals with flexible problem-solving abilities towards a collaborative working environment. The advances pose a challenge to educational institutions about how to develop learning environments that contribute to meeting the aforementioned necessity. Additionally, the fast pace of technology and innovative knowledge are encouraging universities to employ challenge-based-learning (CBL) approaches in engineering education supported by modern technology such as unmanned aerial vehicles (UAVs) and other advanced electronic devices. Within the framework of competency-based education (CBE) and CBL are the design, implementation, and evaluation of an intensive 40 h elective course which includes a 5-day challenge to promote the development of disciplinary and transversal competencies in undergraduate engineering students whilst relying on UAVs as the medium where the teaching– learning process takes place. Within this credit course, a case study was carried out considering the framework of an exploratory mixed-methods educational research approach that sought a broad understanding of the studied phenomena using various data collection instruments with quantitative and qualitative characteristics. An innovative academic tool was introduced, namely a thematic UAV platform that systematically exposed students to the principles underlying robotic systems and the scientific method, thereby stimulating their intellectual curiosity as a trigger to solve the posed challenge. Moreover, students came up with innovative teamwork-based solutions to a designed challenge while having an enjoyable and motivating time flying drones on an indoor obstacle course arranged by themselves. The preliminary findings may contribute to the design of other CBL experiences, supported by technology applied for educational purposes, which could promote the development of more disciplinary and transversal competencies in future engineers. © 2022 by the authors. Licensee MDPI, Basel, Switzerland."
"059","Qualimetric Approach for New Valeological Disciplines Assessing in Ukrainian Electrical and Power Engineering Education","Yelnykova, H.","2022","10.1109/MEES58014.2022.10005712","Modern education is characterized by the transition from the content-knowledge-subject paradigm to the personal-activity (competence-based) paradigm. One of the components of the competency-based approach is to determine the effectiveness of students' education based on the level assessment of their educational achievements. Qualimetric models are one of the tools for assessing the success of competency formation. Single universities of Ukraine, which train specialists in engineering specialties (power engineers, electrical engineers and electromechanics), have introduced valeological disciplines into their educational programs to meet the requirements of National educational standards. Since 2019, the valeological discipline 'Health Pedagogy' has been taught at the Ukrainian Engineering Pedagogics Academy. Qualimetry techniques were used to form a model of its teaching. The article describes the ways of constructing and the significance of applying factor-criteria competence models with a qualimetric assessment of learning outcomes in electrical and power engineering education on the example of this discipline. The results of studies of two groups of Ukrainian scientists (Kharkiv and Ivano-Frankivsk) were compared, each of which has its own ideas about the ways in which students develop a healthy lifestyle. As a result of a comparative study, it was found that a model based on a factor-criteria standard is more suitable for the formation of valeological competence of students of engineering specialties in Ukraine. The use of qualimetry makes it possible to assess the success of students in matters of competence formation, to establish the minimum acceptable level of competence formation for electric power engineers, electrical engineers, electromechanics, engineers-pedagogues' students of educational levels 'bachelor' and 'master'. Possible approaches to the formation of curricula of valeological disciplines are shown.  © 2022 IEEE."
"060","The visibility of QSEN competencies in clinical assessment tools in Swedish nurse education","Nygårdh, A.; Sherwood, G.; Sandberg, T.; Rehn, J.; Knutsson, S.","2017","10.1016/j.nedt.2017.09.003","Background Prospective nurses need specific and sufficient knowledge to be able to provide quality care. The Swedish Society of Nursing has emphasized the importance of the six quality and safety competencies (QSEN), originated in the US, in Swedish nursing education. Purpose To investigate the visibility of the QSEN competencies in the assessment tools used in clinical practice Method A quantitative descriptive method was used to analyze assessment tools from 23 universities. Results and Conclusion: Teamwork and collaboration was the most visible competency. Patient-centered care was visible to a large degree but was not referred to by name. Informatics was the least visible, a notable concern since all nurses should be competent in informatics to provide quality and safety in care. These results provide guidance as academic and clinical programs around the world implement assessment of how well nurses have developed these essential quality and safety competencies. © 2017 Elsevier Ltd"
"061","Generic competences acquisition through classroom activities in first-year agricultural engineering students","Bautista, I.","2016","10.1186/s41239-016-0028-8","Generic skills need to be developed by university students to prepare them for lifelong learning. Higher education institutions play a key role in developing appropriate strategies for a competences-based approach with learning activities defined in terms of knowledge and skills. Although current knowledge assessments focus on individual grading, skill acquisition assessments require a social context. This paper proposes that generic skills can, and should, be developed from year 1 at university through active learning methods. The assessment of generic competences acquisition at university relies on the design and performance of useful activities rather than on specific outcomes in competence subjects of university programmes. Several active learning methods were applied to a first-year agricultural engineering course on Soil Science in the Polytechnic University of Valencia; these methods are described and their usefulness for students’ skills acquisition is analysed. © 2016, The Author(s)."
"062","Evaluating Competency Development and Academic Outcomes: Insights from Six Semesters of Data-Driven Analysis","Solera, E.; Menasalvas, E.; Martín, M.; Zorrilla, M.; Valdés-Ramírez, D.; Zavala, G.; Monroy, R.","2025","10.3390/educsci15040513","Competency-Based Education (CBE) has been widely studied since the 1970s, yet it remains innovative due to its challenges across disciplines and cultures. Tecnológico de Monterrey, a Mexican private institution, implements CBE through its Tec21 model, which emphasizes challenge-based learning to develop disciplinary and transversal skills. Since its launch in 2019, Tec21 has generated extensive data, offering an opportunity to assess its performance and ensure quality. This study analyzes data from six academic semesters in the School of Engineering and Sciences to address key quality assurance questions. First, we evaluate whether initially enrolling in a generic area before selecting a specific program improves long-term student outcomes. Second, we examine competency development, identifying challenges in achieving certain skills and their links to dropout rates and module difficulty. Third, we explore the relationship between final grades, module credit allocation, and Tec weeks to assess curriculum alignment with academic performance. Using data from over 550,000 evaluations of 4500+ students, our analysis provides robust quality metrics. Findings suggest that students who start in generic areas perform better long term and highlight the complex interplay between competencies, module characteristics, and academic success. These insights deepen the understanding of CBE implementation and offer recommendations to improve educational strategies and quality assurance within competency-based frameworks. © 2025 by the authors."
"063","Case study: Engineering education, Industry 4.0, security, and competencies-based assessment","Queiruga-Dios, A.; Bullón Pérez, J.; Hernández Encinas, A.; Rodríguez Sánchez, G.; Martín Del Rey, A.; Martín-Vaquero, J.","2017","","In recent years we have realized that the higher education teachers' motivation has grown. The research has reached classrooms. We are convinced that engineering undergraduate students could improve their learning by applying new rules and new ways of assessment. This study presents a specific case where the training is updated with techniques and ideas coming from the industry world. On the one hand, we compare the activities in engineering classes with the aspects of industry 4.0, such as the sensors as students receiving knowledge and acquiring competencies, and the tutors as actuators improving the training. On the other hand, we have proposed students from the 3rd year, to be competencies' evaluators. This could be achieved when they develop a team work made by themselves, including some aspects of realistic learning, like activity, reality, principle of levels, interconnection, interactivity, and guiding principle."
"064","A Review of Synergies Between Industry 4.0, Construction 4.0, and Education 4.0 in the Engineering Education Context","De Souza, A.S.C.; Debs, L.","2023","10.1109/FIE58773.2023.10343054","The new paradigms and technologies of industry 4.0 and construction 4.0, mainly the integration of production processes through digitization and connectivity, have demanded new knowledge and skills from professionals. To match this need, civil engineers and construction managers must have a high-level of education with flexibility, critical thinking, and innovation skills. In education, the combination of emerging digital technologies, innovative pedagogical processes and spaces, and active learning has been called education 4.0. Education 4.0 involves key concepts capable of transforming engineering education with the participation of society, industry, university, and the government. Through a scoping literature review, our goals are: (1) to evaluate the impacts of Industry 4.0 (I4.0), Construction 4.0 (C4.0), and Education 4.0 (E4.0) on engineering education and the synergy between these concepts; (2) to evaluate how undergraduate teaching in Civil Engineering and Construction Management is synergistically inserted with I4.0, E4.0 and C4.0; and to identify the challenges and opportunities for improving these programs. The authors utilized a scoping literature review using the Scopus database to identify research related to education in Civil Engineering and Construction Management within each concept (I4.0, C4.0, and E4.0). The works selected in the searches were analyzed quantitatively and qualitatively to identify the main research themes and gaps. Our findings indicate that research and practices for improving the curricula of engineering courses using digital technology and active learning exist. However, these are usually in low synergy with research and practices related to Industry 4.0 and Construction 4.0. Our results help researchers and other stakeholders in engineering education grasp the implications of current changes in industry and education for the alignment of undergraduate curricula of Civil Engineering and Construction Management with 4.0 concepts. Future research could build upon our findings to further explore defining strategies to transform and modernize the curriculum of engineering courses using innovative teaching tools and methodology, such as competency-based education. © 2023 IEEE."
"065","Development of students' information skills during project-based learning","Osadchuk, O.L.; Lopanova, E.V.; Savina, N.V.","2020","10.1088/1742-6596/1691/1/012199","The aim of the study was to experimentally test the effectiveness of pedagogical conditions for the development of information skills in students in project-based learning. The research methodology was presented by the competence-based approach, from the position of which information skills were considered as an important component of students' information competence, the project activity of students was a way of forming information skills. The leading research methods were pedagogical experiment and expert assessment. It has been experimentally proven that the process of developing students' information skills in project-based learning can be effective if: The subject of projects will be formed based on the content of academic disciplines, taking into account the direction of professional training; the type of project will characterize the dominant goal of the students' activity; the structure of the project will be determined by its type; students' project activities will be carried out in the form of group independent work. The following methodologies were used: The methodology for assessing the projects completed by students, as well as the methodology for assessing the development of information skills among students. For the first time, the comparative analysis results of the various groups of information skills development among students-future teachers of different areas of professional training are presented. The results of the research can be used in the design of training sessions both in the social and humanitarian, and in the natural sciences and engineering disciplines at the university. © Published under licence by IOP Publishing Ltd."
"066","A diagnostic tool for competency-Based program engineering","Durand, G.; Goutte, C.; Belacel, N.; Bouslimani, Y.; Léger, S.","2018","10.1145/3170358.3170402","Competency based education (CBE) is seen by many as a way to optimize learning on cost, efficiency and flexibility. However, defining the required competencies, assigning them to specific courses and building the assessments evaluating student’s proficiency can be tedious. More precisely, making sure that the assessments evaluate what they are supposed to evaluate requires a fair amount of psychometrics knowledge and time that can be difficult for teachers to acquire, maintain and use. Addressing assessment validity and more specifically competency frameworks mapping adequacy, we propose a rule-based tool to ease the building and the refinement of CBE courses and curricula. After introducing the context and briefly the related work, we present our set of rules before illustrating the capacity of the proposed diagnostic tool on an engineering curriculum. Experiments show that this tool can improve mapping adequacy in term of predictive accuracy and would require more efforts towards competency parameters reliability measurement. © 2018 Crown in Right of Canada."
"067","Development of learning module work competence integrated character value of electricity in vocational high school","Mangesa, R.T.; Dirawan, G.D.","2016","","The purpose of this research is to develop learning modules based work competence integrated character value on vocational education. Learning module is one of several product development research subjects learning models for Electrical Installation Practice I. The research method was designed using the approach of Research and Development (R & D). The research refers to the stage of the modified Borg & Gall models into five stages, namely, (1) a needs analysis to identify work competence; (2) design and development; (3) validation; (4) testing and (5) evaluation. Data analysis was done descriptively. Sampling at three Vocational High School Technology in South Sulawesi, namely, SMKN 1 Tallasalapang, SMK T Gowa and SMKN 5 Makassar. Subject trials consist of: (a) the student installation engineering expertise Class XI who are following subjects of the electrical installation and (b) teachers for electrical installation expertise. The results showed, (1) description of the achievement of overall competence of learners is very high; (2) demonstrate competency-based learning modules work fulfills the feasibility and effectiveness in terms of both theoretical and empirical terms. © Research India Publications."
"068","Building of the dynamic models of visualization of the methodology for assessment of the level of students' competencies creation","Gushchina, O.M.; Anikina, O.V.","2020","10.1088/1742-6596/1553/1/012011","One of the important task of the education system is to ensure the high quality training of students with a competency-based approach. The authors offered a scenario of the visual assessment technique of the level of students' competencies creation with the usage of software tools, which together with innovative diagnostic algorithm allow to provide the analysis of educational data, see the results of the educational program learning and draw the conclusion about the level of students' created competencies. The software tools are based on the ranking of components ""knowledge - efficiencies - skills"", that is used for solving the problem of assessment of the levels of students' competencies creation by the method of hierarchical system of fuzzy inference and centre-of-influence method. Statistical processing of the educational outcome is built in the developed program scenario that allow to provide a comprehensive visual presentation on analyzed sample of input data. Data display using the proposed data and obtained graphs allows to define vulnerabilities of the training of the students and the capacity to deal with them. On the use of developed scenario it is possible to observe the dynamics of students' competencies creation and to improve the methodology and technology of educational process. © Published under licence by IOP Publishing Ltd."
"069","Faculty readiness as the keystone: a DEMATEL-based strategic framework for AI-enabled competency-based engineering education in the Asia-Pacific","Dhamak, P.; Pasi, B.N.; Kumar, A.","2026","10.1108/AEDS-07-2025-0319","Purpose – As big data and artificial intelligence (AI) reshape industries, higher education must shift from traditional discipline-based models to frameworks that emphasize interdisciplinary integration and competency development. This paper proposes a competency-based educational framework for engineering education reform supported by Decision-Making Trial and Evaluation Laboratory (DEMATEL) analysis. Design/methodology/approach – This research identifies key factors for educational reform through a systematic review of peer-reviewed journal articles. Subsequently, the significance of these factors and their causal relationships is examined using the DEMATEL method. Findings – The study identifies a dynamic interplay between five foundational elements: curriculum design, industry partnerships, technological resources, faculty competence and ethical standards. The outcomes show that faculty readiness (F2) is the most critical factor on others. Curriculum design (F1), faculty readiness (F2) and ethical guidelines (F4) have mutual interactions. Technological infrastructure (F3) and ethical guidelines (F4) both had mutual interactions. Industry collaboration (F5) is influenced by curriculum design (F1), faculty readiness (F2), technological infrastructure (F3) and ethical guidelines (F4). The proposed framework encourages cross-disciplinary education, practical exposure and adaptable learning pathways, aligning academic practices with the evolving demands of industry and society. Research limitations/implications – The study focuses on a competency-based approach and does not explore other educational models in depth. Practical implications – This framework offers a practical guide for academic institutions to realign educational practices, fostering the development of hybrid skills and ethical reasoning through integrated, interdisciplinary learning. Originality/value – The paper presents a novel competency-based framework for engineering education reform, addressing the industry's need for graduates with hybrid skills and ethical awareness. © Emerald Publishing Limited"
"070","Analysis of competency-based learning - 6 Years later","Umbleja, K.; Kukk, V.; Jaanus, M.","2017","10.1109/EDUCON.2017.7942843","Competency-based learning (CBL) has gained a lot of momentum lately but rarely has it been implemented fully in e-learning environment as a central, driving force for learning. In 2010 ISC e-learning environment was switched from classical topic-based learning to CBL. Two years into the new approach, detailed analysis was conducted. Now, 6 years since introducing CBL, another analysis using educational data mining principles is conducted to compare how learning patterns and student behavior has changed during the years. At first, current framework of CBL used in ISC is covered that contains automatic answer evaluation, uninterrupted learning process, self-regulated learning, usage of memory model and personal learning control engine. Then, different aspects of the framework are analyzed - the usage of competences in the system, time spent in the system by the student, amount of work required to complete the courses, students' results and study patterns. Three distinct behavior periods are identified. © 2017 IEEE."
"071","Work in progress: Discovering pathways of engineering undergraduate students related to engineering identity","Ortega, P.E.; Shryock, K.J.","2019","","Studies show that while efforts of increasing retention are being made in schools of engineering, many students are changing majors or leaving the university after their first two years in an engineering program. These early years are crucial as students are introduced to many of their departmental courses during this time and are affirming or shaping their identities as engineers. A deeper look into both the classrooms of U.S. schools and the general workforce is needed to understand why this is occurring and what pedagogies can be added, removed, or enhanced to slow the rapid decline of underrepresented students in engineering. The object of this research is to discover pathways of engineering undergraduate students in their first two years in order to better understand their engineering identity and the relationship to graduation. Assessment of the engineering identity and mindset during the sophomore year will be done to both understand the growing diverse student body and to suggest changes in student and faculty engagement and instructional activities. In this project, the authors will: (1) identify biases formed by students when they choose their major, (2) describe the design and pedagogies used within an engineering course and, (3) evaluate the effect of these practices on underrepresented engineering students. To address the objectives, the authors created a prototype of a competency-based learning module and distributed to a sophomore-level aerospace engineering classroom. By creating a minimum viable product for this classroom, the authors could tailor the module throughout the semester according to the feedback received from students and instructors. Early results showed that, while students benefit from the module academically, the prototype did not address the general student concern of curriculum diversity and perceived career applications. To benefit future semesters in the aerospace program for sophomore classes, the authors are currently developing the competency-based learning module and building a framework for overall degree satisfaction based on prototype results. © American Society for Engineering Education, 2019."
"072","Measuring engineering student ethical competencies during industrial internships","Jiménez, P.P.; Pascual, J.; Wilson, P.","2023","10.1109/EDUCON54358.2023.10125181","Competence-based curriculums are a global trend in engineering education. The ethical competence is relevant in the curriculum due to the impact engineers have on society. Assuring the quality of engineering student outcomes is often complex, and it is more so for ethical competencies due to its nature and the way it is developed. The objective of this research is to evaluate the perception of ethical competence in engineering students during their internships. To do this, the conation and action components of ethical competence are operationalized so they can be observed by supervisors. Ethical competence is measured through rubrics that evaluate interns performance and behaviors in day-to-day job activities. This five-year study was conducted at the School of Industrial Engineering, where 850 students were evaluated. Results allowed for the design and implementation of activities to help students improve their achievements in components in which they obtained lower marks. This study also provided feedback on the curricular design of the undergraduate industrial engineering program.  © 2023 IEEE."
"073","Evaluation of doctor of nursing practice students’ competencies in an online informatics course","Kupferschmid, B.; Creech, C.; Lesley, M.; Filter, M.; Aplin-Kalisz, C.","2017","10.3928/01484834-20170518-09","Background: Doctor of Nursing Practice (DNP) programs have experienced rapid growth across the United States. With the expansion of electronic health records, DNP students are expected to acquire the knowledge and skills needed to manage data and apply informatics concepts. However, little information exists to help faculty evaluate student competency in these areas. Method: This retrospective analysis evaluated the competencies of a convenience sample of DNP students enrolled in an online informatics course. Two areas were assessed in this study: acquisition of informatics skills, and analysis or application of informatics concepts. Results: Regarding informatics skills, postbaccalaureate students performed better than post-master’s students. In analysis and application of informatics concepts, post-master’s students performed better than postbaccalaureate students. Conclusion: Different educational strategies may need to be created to meet the varying needs of postbaccalaureate and post-master’s students in DNP programs. © SLACK Incorporated."
"074","Validation of the Omni: A Novel, Multimodality, and Longitudinal Surgical Skills Assessment","Cox, M.L.; Risucci, D.A.; Gilmore, B.F.; Nag, U.P.; Turner, M.C.; Sprinkle, S.R.; Migaly, J.; Sudan, R.","2018","10.1016/j.jsurg.2018.10.012","Objective: The breadth of technical skills included in general surgery training continues to expand. The current competency-based training model requires assessment tools to measure acquisition, learning, and mastery of technical skill longitudinally in a reliable and valid manner. This study describes a novel skills assessment tool, the Omni, which evaluates performance in a broad range of skills over time. Design: The 5 Omni tasks, consisting of open bowel anastomosis, knot tying, laparoscopic clover pattern cut, robotic needle drive, and endoscopic bubble pop, were developed by general surgery faculty. Component performance metrics assessed speed, accuracy, and quality, which were scaled into an overall score ranging from 0 to 10 for each task. For each task, ANOVAs with Scheffé's post hoc comparisons and Pearson's chi-squared tests compared performance between 6 resident cohorts (clinical years (CY1-5) and research fellows (RF)). Paired samples t-tests evaluated changes in performance across academic years. Cronbach's alpha coefficient determined the internal consistency of the Omni as an overall assessment. Setting: The Omni was developed by the Department of Surgery at Duke University. Annual assessment and this research study took place in the Surgical Education and Activities Lab. Participants: All active general surgery residents in 2 consecutive academic years spanning 2015 to 2017. Results: A total of 62 general surgery residents completed the Omni and 39 (67.2%) of those residents completed the assessment in 2 consecutive years. Based on data from all residents’ first assessment, statistically significant differences (p < 0.05) were observed among CY cohorts for bowel anastomosis, robotic, and laparoscopic task metrics. By pair-wise comparisons, mean bowel anastomosis scores distinguished CY1 from CY3-5 and CY2 from CY5. Mean robotic scores distinguished CY1 from RF, and mean laparoscopic scores distinguished CY1 from RF, CY3, and CY5 in addition to CY2 from CY3. Mean scores in performance on the knot tying and endoscopic tasks were not significantly different. Statistically significant improvement in mean scores was observed for all tasks from year 1 to year 2 (all p < 0.02). The internal consistency analysis revealed an alpha coefficient of 0.656. Conclusions: The Omni is a novel composite assessment tool for surgical technical skill that utilizes objective measures and scoring algorithms to evaluate performance. In this pilot study, 3 tasks demonstrated discriminative ability of performance by CY, and all 5 tasks demonstrated construct validity by showing longitudinal improvement in performance. Additionally, the Omni has adequate internal consistency for a formative assessment. These results suggest the Omni holds promise for the evaluation of resident technical skill and early identification of outliers requiring intervention. © 2018"
"075","Transversal competences of university students of engineering","Hernandez-Linares, R.; Agudo, J.E.; Rico, M.; Sánchez, H.","2015","10.15516/cje.v17i2.1062","One of the key changes of the European Higher Education Area is the implementation of a competence-based educational system. Students are now more than ever the axis around which the university system orbits. The competences that students should acquire during their studies include transversal competences, which are those competences related to leadership skills, problem solving, and teamwork, highly valued by labor market. This is particularly important in engineering, as these skills can influence the selection of one candidate over another. So, the evaluation and teaching of these kinds of competences are now some of the main challenges facing university professors as the corresponding learning objectives need to be set and assessed, both for study programs as well as for each individual subject, and this process is new for teachers. Focusing precisely on this aspect, our work, based on an empirical study conducted with a sample of 102 engineering students from the University Center of Merida, uses a tool to measure the progress of such students in different transversal competences. This tool not only allows us to evaluate the level of competence development, but also allows us to detect students’ areas of weakness in cross-curricular training that can then be addressed. © 2015, FACTEACHEREDUCATION. All rights reserved."
"076","Bridging the Gap between Competency-Based Learning and Standardized Exam Results","Elizalde, L.B.M.; González-Guerra, L.H.; Garza, L.R.S.","2025","10.1109/WEEF-GEDC66748.2025.11256223","This paper examines the alignment between competency-based assessments and standardized exam performance among undergraduate engineering students. Through the analysis of two cohorts in a software engineering program, the study compares internal competency evaluations with national exam results from the EGEL-ISOFT assessment. Findings demonstrate a strong correlation between students' internal performance and their outcomes on the standardized exam, indicating that competency-based assessments can serve as reliable predictors of external success. The study also highlights areas where minor discrepancies persist, suggesting opportunities for refining assessment rubrics and improving evaluator calibration. These results support the integration of competencybased learning with standardized exam preparation to provide students with accurate, formative feedback and to ensure they are well-equipped for both academic evaluations and professional demands.  © 2025 IEEE."
"077","Didactic Design of a Remote Collaborative Robotics Laboratory","Kobras, L.; Meussen, B.; Soll, M.","2023","10.1109/GECon58119.2023.10295126","Remote laboratories are a useful mean to improve access of students to laboratory infrastructure. This paper describes the steps taken in designing and implementing a educational laboratory for teaching collaborative robotics technology. First, background knowledge about collaborative robotics, didactic characteristics of laboratory education, as well as competence based teaching and learning is presented. Next, learning outcomes based on Bloom and technical requirements are determined. After that, principles in our laboratory design are laid out. Finally, A small trial run of a Master's course adhering to the concepts and principles laid out herein is presented. The course concept is intended for application in engineering and CS curricula. A first non-course-specific evaluation shows promising results; a large scale evaluation of the laboratory is currently in it's design phase and will be conducted in winter 2023. © 2023 IEEE."
"078","Design and Evaluation of a Competency-Based Recommendation Process","Sablayrolles, L.; Lefevre, M.; Guin, N.; Broisin, J.","2022","10.1007/978-3-031-09680-8_14","The purpose of recommending activities to learners is to provide them with resources adapted to their needs, to facilitate the learning process. However, when teachers face a large number of students, it is difficult for them to recommend a personalized list of resources to each learner. In this paper, we are interested in the design of a system that automatically recommends resources to learners using their cognitive profile expressed in terms of competencies, but also according to a specific strategy defined by teachers. Our contributions relate to (1) a competency-based pedagogical strategy allowing to express the teacher’s expertise, and (2) a recommendation process based on this strategy. This process has been experimented and assessed with students learning Shell programming in a first-year computer science degree. The first results show that (i) the items selected by our system from the set of possible items were relevant according to the experts; (ii) our system provided recommendations in a reasonable time; (iii) the recommendations were consulted by the learners but lacked usability. © 2022, The Author(s), under exclusive license to Springer Nature Switzerland AG."
"079","Evaluating usage of an analytics tool to support continuous curriculum improvement","Hilliger, I.; Miranda, C.; Celis, S.; Pérez-SanAgustín, M.","2019","","Curriculum analytics (CA) consists of using analytical tools to collect and analyse educational data, such as program structure and course grading, to improve curriculum development and program quality. This paper presents an instrumental case study to illustrate the usage of a CA tool to help teaching staff collect evidence of competency attainment in an engineering school in Latin America. The CA tool was implemented during a 3-year continuous improvement process, in the context of an international accreditation. We collected and analysed data before and after tool implementation to evaluate its use by 124 teaching staff from 96 course sections. Data collection techniques included: analysis of documentary evidence collected for the continuous improvement process and teaching staff questionnaires. Findings show that the tool supported staff tasks related to the assessment of competency attainment at a program level. However, usability and functionality issues would have to be addressed to also support course redesign, providing actionable information about students’ performance at an individual level. Lessons learned imply that institutions could adapt and adopt existing CA tools to support curriculum analysis by not only investing in tool development, but also in capacity building for its use for continuous improvement processes. Copyright © 2019 for this paper by its authors. Use permitted under Creative Commons License Attribution 4.0 International (CC BY 4.0)"
"080","Computational thinking and robotics: A teaching experience in compulsory secondary education with students with high degree of apathy and demotivation","Díaz-Lauzurica, B.; Moreno-Salinas, D.","2019","10.3390/su11185109","In present and future society, all individuals must be able to face the problems, risks, advantages and opportunities that will arrive with new paradigms in the labour market, social relations and technology. To reach this goal, a quality and inclusive education together with a proper and complete formation in technology (communications, robotics, programming, computational thinking (CT), etc.) must be imparted at all educational levels. Moreover, all individuals should have the same opportunities to develop their skills and knowledge, as stated in Goal 4 of the Sustainable Development Goals, Sustainable Education. Following this trend, in the present work, a practical experience about how to teach CT using robotics is developed, showing the results and evaluation of the lessons on robotics taught to students in their 4th year of compulsory secondary education, and where the students showed a high degree of apathy and demotivation. The teaching unit was based on an action research approach that includes a careful selection of pedagogical techniques and instruments to attract and keep the attention and interest of the students. In addition to the robotics lessons, a previous computational thinking training with Blockly Games was carried out, which contributed to noticeably increase the students motivation and to introduce them to the programming of robots. Moreover, gamification was used to motivate and evaluate the individual knowledge, and the students were required to present the work performed through a final project. The individual needs of the students were fulfilled with a daily monitoring. The results show that the pedagogical techniques, instruments and evaluation were adequate to increase the motivation of the students and to obtain a significant learning, showing how the teaching of CT may attract students that have lost interest and motivation, while providing them with abilities that will be essential for the learning throughout life. © 2019 by the authors."
"081","Development of nursing informatics education model for strengthening information processing capability","Kim, J.","2017","10.3923/jeasci.2017.6356.6361","This study aimed to develop education model based on Tyler's four-step curriculum theory to enhance the ability of nursing information processing. The subjects of this study were 37 students of undergraduate nursing science course at the university from September, 1, 2014 to December, 11, 2014. Before class begins, the team work skills were assessed, the reevaluation was made at the end of the class and then data were analyzed using descriptive statistics. Developed curriculum and non-curriculum liking integrated education model to enhance the nursing information processing capability, according to Tylor's curriculum development and operation procedures. Curriculum course work included the liberal art course (Excel, Word, etc.) and nursing major course which is the title of nursing informatics. Non-curriculum activity included club activity named NISR (Nursing Information and Statistics Research), special lectures about nursing statistics and mobile application development. After the course work, I checked the 3 learning outcomes (the level of information theory and knowledge, mobile application template development ability and data analysis ability. Analysis of academic achievement degree of learning performance based on the above evaluation criteria. Among the 37 students, learning outcome 1 and 2 were found to be more than 'middle' but in the case of learning outcome 3-5 students (13.5%) were 'low'. Student's teamwork skills after the 1st and 15th lectures of the lectures, the post-test score (3.94, 0.45) was higher than the pre-test score (3.89, 0.39). Curriculum and non-curriculum linkage integrated education model was found to be effective. This study proposes to develop a competency-based curriculum linkage model in accordance with the characteristics of the curriculum. © Medwell Journals, 2017."
"082","The impact of competency-based learning and digital self-assessment on facilitating students’ cognitive and interpersonal skills","Kauffman, Y.; Kauffman, D.","2017","10.1007/978-3-319-42070-7_1","This paper aims to utilize a mixed-methods assessment for an innovative interdisciplinary course, Application Period, in a world-class Russian University. In order to examine how the cognitive (competency-based learning) and motivational (self-efficacy for interpersonal skills) concepts impact students’ achievement in engineering education, an exploratory sequential design was conducted by firstly collecting qualitative data to signify the students’ interactive learning process during the project-based collaboration and team communication. Subsequently, two instruments measuring the students’ learning outcomes were built based on the previous qualitative data and preliminary learning objectives. The suggestions and implications are provided to specify how to employ competency-based learning and self-efficacy for interpersonal skills in teaching and how to assess those content knowledge and pedagogical skills in contemporary education. © Springer International Publishing Switzerland 2017."
"083","Defining proficiency levels of high school students in computer science by an empirical task analysis results of the MoKoM project","Neugebauer, J.; Magenheim, J.; Ohrndorf, L.; Schaper, N.; Schubert, S.","2015","10.1007/978-3-319-25396-1_5","In the last few years an interdisciplinary team of researchers in the fields of organizational psychology and didactics of informatics have worked together to develop an empirical sound competence structure model, a measurement instrument and a competence level model. This is considered a relevant step for the reliable assessment of competences and the development of competence based curricula to foster the recent outcome orientation of the German educational system. In this paper we publish the last component of our efforts: a model of proficiency levels, derived from the results of a competence assessment with over 500 German students. We describe different approaches to define proficiency levels and the process we used to derive them from our data. In the end, a detailed overview of the four proficiency levels is given and supplemented with exemplary tasks students should be able to solve on each. © Springer International Publishing Switzerland 2015."
"084","Leveraging LLM/GAI Agents for Authentic Assessment in Competency-Based Online STEM Programs","Qu, Y.; Evans, H.; Abbas, N.; Cai, R.; Haj-Hussein, M.; Durgin, J.; Biggs, A.; Letort, D.","2025","10.1109/FIE63693.2025.11328141","This research-to-practice full paper presents our innovative approach to integrate Large Language Models (LLMs) and Generative AI (GAI) into authentic assessment methodologies to enhance the accuracy, fairness, and timeliness of assessments in online Science, Technology, Engineering, and Mathematics (STEM) education programs using Competency-Based Learning (CBL). CBL, particularly suited for adult learners in fields like Computer Science and Information Technology, allows for personalized and practical learning experiences. However, challenges such as maintaining academic integrity and providing timely feedback persist. By leveraging LLM/ GAI-enabled agents, this study aims to address these challenges by offering automated, consistent feedback, creating realistic practice scenarios, and facilitating peer reviews. The research also examines the effectiveness of LLM/GAI-enabled agents in maintaining academic integrity and delivering personalized feedback. The findings can contribute to developing more effective and fair assessment methodologies, ultimately improving learning outcomes in online STEM education programs. © 2025 IEEE."
"085","Curriculum reforms without foundation: The effects of inadequate preparation in curriculum reforms on Ghanaian teachers and the education system","Buabeng, I.; Amo-Darko, B.","2025","10.1007/s41297-025-00309-7","Curriculum reforms are essential for improving education systems and ensuring students develop the skills needed for the modern world. Ghana’s introduction of the Standard-Based Curriculum (SBC) represents a significant shift toward competency-based education, emphasizing critical thinking, creativity, and problem-solving. However, the success of this reform relies heavily on teacher preparation and resource availability. This qualitative study examines the readiness of Senior High School (SHS) teachers in the Cape Coast Metropolis for SBC implementation. Eight SHS teachers participated in semi-structured interviews, providing in-depth insights into their experiences. Thematic analysis revealed key challenges, including insufficient training, lack of practical professional development, and inadequate resources, all affecting teaching effectiveness and student engagement. Findings indicate that many teachers revert to traditional instructional methods due to limited pedagogical support, undermining the curriculum’s goals. The study highlights critical barriers such as overcrowded classrooms, limited access to ICT tools, and inadequate STEM resources, which hinder the adoption of student-centred learning. To enhance the effectiveness of the SBC, this study recommends establishing structured, ongoing teacher training programs that emphasize practical application, increased investment in educational resources, and policy adjustments to support schools with infrastructure and technology. These measures will strengthen teachers’ ability to implement competency-based instruction, ensuring meaningful improvements in student learning outcomes. Addressing these gaps will facilitate a more effective transition to a modernized education system, fostering an environment where teachers and students can thrive. © The Author(s) under exclusive licence to Australian Curriculum Studies Association 2025."
"086","Don’t interrupt me! development of a handoff education bundle to simulate the real world","Vanderzwan, K.J.; Kilroy, S.; Burt, L.; O’Rourke, J.","2024","10.1515/ijnes-2023-0092","Objectives: Ineffective nurse-to-nurse handoff communication is associated with information omissions, diagnostic errors, treatment errors, and delays. New nurses report a lack of confidence and ability in handoff communication, which may stem from inadequate training in prelicensure nursing programs. Our objective was to introduce prelicensure nursing students to a standardized, theory-based method for handoff, including behavioral strategies employed by nurses during interrupted handoff. Methods: A handoff education bundle (HEB) was developed. Kern’s six-step curriculum model was utilized to design, implement, and evaluate the handoff curriculum. Results: Student feedback highlighted the importance of integrating multiple, varying distractors during learning cycles and recognition of the impact of distractors on handoff. Conclusions: Implementing a HEB at the prelicensure nursing level could promote competency in handoff communication for new graduate nurses. Implications for International Audience: Handoff is an international patient safety priority, as inadequate communication has been linked to adverse patient events. © 2024 Walter de Gruyter GmbH. All rights reserved."
"087","Challengr, a Classroom Response System for Competency Based Assessment and Real-Time Feedback with Micro-Contests","Moffarts, G.D.; Combefis, S.","2020","10.1109/FIE44824.2020.9273992","This innovative practice work-in-progress paper presents the Challengr tool, a modern Classroom Response System (CRS) used to organise micro-contests in classrooms, especially for higher education. The proposed tool is designed to evaluate students in a fun and challenging way. It also allows instructors to collect feedback about students' performances to adapt and improve their lessons and teaching.CRS is an interesting technology to increase students' motivation and introduce interactions in classrooms in a scalable way. Classical CRS like clickers can be used to implement active and cooperative learning, making students engaged actors of their own learning. The tool proposed in this paper is not meant to provide interaction during the lesson or collect real-time statistics with brief questions to the audience. The micro-contests can take place at the beginning of the lesson to check students' backgrounds or memories of the previous ones. At the end of the lesson, it can be used to probe what they understood. Finally, the system supports local challenges and online remote ones and can accept guests. It additionally offers an API to connect it to other tools, like Learning Management System (LMS).Challengr is suitable for computer science engineering courses, in particular when skills to be mastered by students are piecewise and incremental. This work-in-progress tool is planned to be tested for an introductory programming course. It is critical for instructors to follow up how students are assimilating the material from the lessons. It will also undergo a thorough evaluation measuring the impact on students' learning. © 2020 IEEE."
"088","An integrated STEM–CBE–ELT framework for engineering education: Bridging theory and practice in resource-constrained contexts","Hong, H.T.; Hang, N.T.","2026","10.33902/JPR.202636702","This study introduces and validates an integrated learning framework that combines Science, Technology, Engineering, and Mathematics education, Competency-Based Education, and Experiential Learning Theory to bridge the gap between theory and practice in electrical–electronic engineering programs in Vietnam. Implemented through a design-based research approach in an Automatic Control Engineering course, the framework was applied across several technical universities using iterative cycles of design, intervention, and reflection. Open-source digital simulations, project-based learning tasks, and ABET-aligned competency assessments were incorporated to ensure feasibility, rigor, and alignment with international standards in resource-constrained environments. Quantitative findings from pre–post surveys (N = 250) and comparative analyses with a control group (N = 247) revealed significant gains in five competency domains—technical problem-solving, systems thinking, teamwork and technical communication, digital simulation, and presentation and technical argumentation—with effect sizes ranging from 1.29 to 1.56, indicating large to very large impacts. Complementary qualitative evidence highlighted stronger theory–practice integration, higher engagement, increased motivation, and greater learner confidence when applying theoretical concepts to authentic engineering tasks. Overall, the results indicate that the integrated Science, Technology, Engineering, and Mathematics-Competency-Based Education-Experiential Learning Theory framework offers a cost-effective, scalable, and pedagogically robust model for strengthening engineering competencies in low-resource settings, providing actionable implications for curriculum designers, instructors, and policymakers seeking to align engineering education with contemporary international quality and accreditation standards. © 2026, Duzce University, Faculty of Education. All rights reserved."
"089","Competencies based curricula (Electro-Mechanical Department Case Study)","Abdelghania, H.; Bouakline, M.A.; Gharbi, M.; Ghozzi, Y.; Guezzi, F.; Zerai, M.","2019","","Continuous Improvement of the Electro-Mechanical training provided by ESPRIT School of Engineering has been always one of our first worries. In this context, a project on competency-based-study plan was lead aiming at reforming the study program unifying main competencies provided by CTI and CDIO programs. The main objective of our work is to set up a management process allowing aligning learning outcomes and required market competencies. The first step consisted in involving professionals in this process by filling a questionnaire aiming at defining expected nowadays competencies from an Electro-Mechanical engineer. Considering key-verbs from Bloom's Taxonomy, the questionnaire takes into account the knowledge, know-how, personal and interpersonal skills aspect related to different fields of engineering skills. The panel of professionals was diversified in order to insure credible results. Adding to define the degree of in-depth-study, Bloom's Taxonomy was later used in rewording competencies to learning outcomes. The second step reposed on analyzing the collected data in order to reword the societal and entrepreneurial needs expressed as knowledge, know-how and attitudes to competencies extracted from crossing the two matrices relating the CTI and CDIO initiatives. A reference competency document was then written. The next crucial step consisted in involving all teachers of the department in analyzing extracted competencies and translating them to learning subjects and teaching activities insuring that learning outcomes will match with expected competencies. How the competency-based learning impacts higher education? How the competency can be translated to corresponding study subjects? How evaluating and insuring that targeted competency is acquired? The last step consisted in drawing up the new study plan according to all collected data. Some of proposed modifications were drastic and some others were not so significant. A new study plan was consequently developed. The important dimensions of our project are analyzed such as taking into account professional world expectations or the construction of an exchange space between teachers. Finally, some issues to avoid in such a project are discussed. © 2019 University of Minho. All rights reserved."
"090","AI Chatbots for Competency-Based Training in Programming Languages Courses","Nacheva, R.; Hristova, I.","2024","10.1109/ICNGN63705.2024.10871836","Competency-based training (CBT) is a specialized method for teaching programming languages, focusing on mastering new skills through time-based development. It emphasizes specialized skills in information and communication technologies (ICT), such as logic, syntax comprehension, debugging, and algorithm creation, rather than memorizing information. CBT provides a customized learning experience by integrating real-world problem-solving into the curriculum. AI-powered chatbots can track students' progress, target weaknesses, and offer immediate feedback. Benefits of CBT include increased skill competency, better retention rates, and improved student engagement. However, issues include the need for well-thought-out competence frameworks, resource-intensive implementation, and continuous evaluation of AI's contribution to education. In this sense, insights into best practices in applying CBT frameworks in computer science education are studied in this paper, as well as the integration of CBT with AI-powered chatbots in programming courses is proposed. ©2024 IEEE."
"091","From Learning Outcomes to Competencies based Computing Curricula for India","Vichare, A.","2023","10.1145/3627217.3627228","Competencies based (COM) approaches to curriculum design are a promising and recommended direction to evolve towards. It is then necessary to contrast the current practices with the proposed direction. Some questions have been, and are being, addressed; e.g. work has been done to illustrate defining competencies from given learning outcomes (LO). However globally the transition to competencies based approaches to computing education from LO based approaches is challenging given the diversity of LO practices. In this work we contrast the typical LO practice in India with the proposed competencies approach. We use degree program samples for computer science (CS) and computer engineering (CE) in this work. The LO approaches are obtained by using the AICTE model curriculum for computer engineering and the UGC model curriculum for computer science. The competencies approaches are from the literature around the respective ACM-IEEE curriculum recommendations. With respect to the Indian context we use these to (a) develop a clear contrast between LO based approaches and competency based approaches, (b) critically examine the competencies based approach, and (c) identify a path with incremental changes towards competencies based approaches. We develop a set of considerations and recommendations for an institution that seeks to incrementally move towards a competencies based approach while maintaining compatibility with the Indian educational ecosystem. Finally, we hope that this clarifies a number of potential misinterpretations of competencies based approach, and guides attempts to develop curricula based on it. © 2023 ACM."
"092","Competency Framework in Higher Education: A Bibliometric Analysis from 2000 to 2023","Tjandra, E.; Ferdiana, R.; Setiawan, N.A.; Kusumawardani, S.S.","2024","10.1145/3678726.3678736","This study performs a bibliometric mapping analysis of the competency framework in higher education research utilizing the Scopus database using the Search, Appraisal, Synthesis, and Analysis (SALSA) technique. Our study comprehensively outlines the competency framework research from 2000 to 2023. We analyze and synthesize previous works to uncover topic areas, highlight prospective research subjects, and identify common trends and patterns. We collected all journal and conference publications from 2000 to 2023, from which 366 papers were examined further using the VOSviewer software to determine the co-authorship coupling between documents and discover the most frequently used keywords. This study finds that the competency framework is still being researched worldwide and shows an increasing trend, significantly from 2019 and culminating in 2021 and 2023. Competency framework research is primarily explored in Social Science, Medicine, Nursing, Computer Science, Business, Management, and Accounting. It is performed in 63 countries, mainly in developed countries: the United States, the United Kingdom, and Canada. This paper also finds the main contributors to competency framework studies. We discovered that studies on competency framework are grouped into six clusters of keyword co-occurrences, and the highest linked keywords are”human,””humans,””article,””curriculum,””education,””medical education,” and”clinical competence.” We also provide further analysis and find the newest related keywords that can be used as a basis for future studies. © 2024 Copyright held by the owner/author(s)."
"093","Day-1 Competencies for Veterinarians Specific to Health Informatics","Ouyang, Z.B.; Hodgson, J.L.; Robson, E.; Havas, K.; Stone, E.; Poljak, Z.; Bernardo, T.M.","2021","10.3389/fvets.2021.651238","In 2015, the American Association of Veterinary Medical Colleges (AAVMC) developed the Competency-Based Veterinary Education (CBVE) framework to prepare practice-ready veterinarians through competency-based education, which is an outcomes-based approach to equipping students with the skills, knowledge, attitudes, values, and abilities to do their jobs. With increasing use of health informatics (HI: the use of information technology to deliver healthcare) by veterinarians, competencies in HI need to be developed. To reach consensus on a HI competency framework in this study, the Competency Framework Development (CFD) process was conducted using an online adaptation of Developing-A-Curriculum, an established methodology in veterinary medicine for reaching consensus among experts. The objectives of this study were to (1) create an HI competency framework for new veterinarians; (2) group the competency statements into common themes; (3) map the HI competency statements to the AAVMC competencies as illustrative sub-competencies; (4) provide insight into specific technologies that are currently relevant to new veterinary graduates; and (5) measure panelist satisfaction with the CFD process. The primary emphasis of the final HI competency framework was that veterinarians must be able to assess, select, and implement technology to optimize the client-patient experience, delivery of healthcare, and work-life balance for the veterinary team. Veterinarians must also continue their own education regarding technology by engaging relevant experts and opinion leaders. © Copyright © 2021 Ouyang, Hodgson, Robson, Havas, Stone, Poljak and Bernardo."
"094","Cloud service as the driver for university's software engineering programs digital transformation","Sánchez, J.A.; Valle, B.M.; Nicolás, J.; De Gea, J.M.C.; García-Berná, J.A.; Toval, A.; Fernández-Alemán, J.L.; Puptsau, A.; Misnevs, B.","2019","10.1016/j.procs.2019.01.126","The current capabilities of cloud-based educational services are researched on the example of Competence-Based Assessment implementation as cloud service for Software Engineering programs. In this paper, a conceptual Cloud Service based model and a process for the automatic evaluation of competences applied to the field of Software Engineering is proposed. The proposal is based on multiple choice tests as evaluation instrument and the establishment of the relationship among competences, learning outcomes and the evaluation criterion of the rubrics used for assessment. By linking competences to learning outcomes students can know their academic training needs to apply for a specific position in the labor market. This process is applied to a real subject defined in an e-learning portal, which provides this process as an educational service. © 2019 The Author(s)."
"095","Developing an Integral Assessment Methodology for a Competency-Based Undergraduate Biomechanics Course","Vargas-Oviedo, F.A.; Moya-Bencomo, M.D.; Botello-Arredondo, A.I.; Romero-Flores, C.F.; Carvajal-Rivera, A.E.","2025","10.1109/EDUCON62633.2025.11016477","The present paper shows the results observed in student performance and their competency development, after a few changes and improvements were made to the assessment methods and allotted time in an introductory, college-level course in Biomechanics design and applications. This course was designed under the umbrella of a New Educational Model, and it is immersed in the 5th semester of a competency-based curriculum. It uses the constructivist method and considers Challenge Based and Experiential Learning as the main learning technique. Given how the challenge project was structured, and how the outcomes and content complexity in the Biomechanics class were devised, one of the issues detected in previous iterations of this course was how challenging it had become to properly assess each student individually, given how a significant percentage of the workload and evaluation was team-based, which resulted in a bias in the students' performance and assessment. Therefore, efforts were made to design and implement an integral assessment method, which revolves around improving individual performance through the achievement of teamwork synergy, in a redesigned course that lasts 15 weeks (about 3 and a half months), instead of the original allotted time of 5 weeks (1 month). Several assessment activities were implemented within the different challenge project stages, with the intention of developing individual learning and knowledge that would result in an improved group discussion, that would allow students to better integrate their ideas to reach a feasible solution. Data show that outcome assessment was normalized with respect to final grades. As a result, students showed increased participation and interest in the course. This allowed them to consolidate their knowledge and handle discussions and ideas at the same complexity level among teammates, enabling them to work better together as a team exceeding their expectations regarding teamwork, and to individually identify their areas of opportunity. This meant that students were able to develop and solve the challenge project in real contexts, with enough time to generate congruent, wellgrounded conclusions and meet the assessment criteria. Further work is needed to determine the impact of different teaching styles for the same course and topics covered. © 2025 IEEE."
"096","Building capacity for medical device assessment: online training for Ukrainian experts","Filiniuk, O.; Migliore, A.; Bidino, R.D.; Vicari, N.; Kohler, R.; Sucu, R.","2026","10.1017/S026646232610350X","As Ukraine works to modernize its healthcare system and align with international standards, integrating health technology assessment (HTA) into the national decision-making process has become a strategic priority. While HTA practices for pharmaceuticals have advanced, substantial gaps persist in the evaluation of medical devices (MDs), which require distinct methodological approaches given their characteristics. This article presents the rationale, development, implementation, and results of a comprehensive online training program aimed at building national capacity in the MD assessment. The program targeted 71 Ukrainian professionals with prior experience in pharmaceutical evaluation but limited exposure to MD. Through 40 hours of live online sessions delivered from September to December 2024, the course emphasized interactive learning, contextual adaptation, and international best practices. Assessments showed significant knowledge gains, with 87 percent of participants completing the program successfully. The initiative demonstrates that targeted, competency-based training can enhance national HTA capacity and may serve as a model for other transitioning healthcare systems. © The Author(s), 2026. Published by Cambridge University Press."
"097","Enhancing students ICT problem solving skills using flipped classroom model","Wen, A.S.; Zaid, N.M.; Harun, J.","2017","10.1109/ICEED.2016.7856069","The role of Information and Communication Technology (ICT) is so great and growing significantly in teaching and learning of this 21st Century. The flipped classroom model has grown in popularity as it is the only blended learning model that utilized both in class time and out of class time. There is a need to evaluate the quality of the best flipped learning approach that could enhance students' ICT skills as mastering ICT skill is becoming the key of learning in this 21st century. The ability to educate students for higher order learning using technology does enhance the learning processes as compared to the traditional settings. There are only a few studies conducted on the students taking ICT subject and none have in depth studies in their ICT skills. Therefore, this paper proposed a new flipped classroom model that increases students' ICT skills. The model incorporates the Social Constructivism theory and Flipped Classroom Model that are derived from blended learning. There are also two learning strategies used in this model which is Competency-based Learning and Inquiry-based Learning which helps to enhance students' ICT Problem Solving Skill. © 2016 IEEE."
"098","The Development of Competencies-Based Curriculum in Solar Cell Installation System According to the National Labor Skill Standard in the Field of Solar System Installers, Level 1","Srichanpiyom, K.; Yensiri, C.; Dechpratum, P.; Intakhruea, N.","2024","10.1109/iSTEM-Ed62750.2024.10663188","The purpose of this research was to create a develop a competency-based curriculum in solar cell installation system according to the national labor skill standard in the field of solar system installers, Level1, Performance test a curriculum development using E1/E2 with efficiency set to 85/85 and performance test of the solar cell system installation of students in electrical engineering and education field. The media prepared contains a training document entitled 'Installation of the power generation system with solar cells on the roof.' Presentation slide and video media kits. This research organizers began to study information on creating a competency-based curriculum package. Then designed and built a training package. The training document consists of four learning units, 1) Fastening safety equipment for working at heights job, 2) Preparation before installing a solar cell system job, 3) Work on installing a solar cell system job, and 4) Solar cell system installation inspection job. Then, we designed and created a series of 11 video learning materials, including 4 slides for training, and created two training manuals: 1) Teacher's Manual and 2) Trainee's Manual After the training package has been prepared, it has been sent to 5 experts for evaluation. The results of the research found that the efficiency value of the competency-based curriculum was 85.91/86.18. The students who participated in the sample of 60 received individual training and work with an average score of 84.75 points and passed the mocking exam with 100 %. © 2024 IEEE."
"099","A pedagogical case study on enhancing laboratory proficiency through virtual mammalian cell culture laboratory","Berenjian, A.; Seifan, M.; Kipper, M.J.; Robertson, N.","2026","10.1016/j.ece.2025.10.004","This study investigates the effectiveness of virtual laboratory simulations in improving proficiency in mammalian cell culture among graduate biomedical and chemical engineering students. Laboratory skills, especially in mammalian cell culture, are critical but challenging to acquire due to resource constraints, safety issues, and logistical limitations. Utilizing a newly developed virtual lab, this research involved 19 students enrolled in a cell and tissue engineering course at Colorado State University. Participants completed comprehensive pre-lab and post-lab assessments that included quantitative surveys and qualitative feedback. Results revealed substantial gains in students' confidence, procedural competence, and conceptual understanding. Specifically, over 90 % of students reported high levels of confidence in aseptic techniques, cell thawing, cryopreservation, and cell counting. The quantitative analysis also demonstrated that the virtual lab significantly enhanced students’ understanding of the principles underlying cell culture and media preparation. Performing virtual lab enabled them to acquire the knowledge and skills necessary to perform, control, and monitor experiments in a physical laboratory setting. Although the virtual lab also contributed to improved understanding in certain areas such as the environmental conditions within a biosafety cabinet these gains were not statistically significant. This study demonstrates that virtual labs serve as valuable supplements to significantly enrich engineering education. By reinforcing fundamental concepts and providing virtual hands-on experience, virtual lab s can bridge the gap between theory and real-world application. © 2025 Institution of Chemical Engineers"
"100","Student Competency Assessment and Presentation Methods Based on Algorithm Courses","Zhang, Y.; Zheng, N.; Li, S.; Liu, W.","2025","10.1109/FIE63693.2025.11328247","This full research paper describes the assessment and presentation of student competencies in algorithm courses, grounded in the CC2020 competency model. With the growing emphasis on bridging the gap between academic training and industry demands, competency-based education, which integrates knowledge, skills, and dispositions, has become pivotal in computer science education. To bridge the gap, we need to develop a comprehensive framework to evaluate competencies (knowledge, skills, and dispositions) in computer science education. The research aims to analyze learning behavior patterns, design methods for competency assessment in algorithm courses, and evaluate the difficulty of course experiments to inform curriculum design. We collected programming experiment and written assignment data from 169 students, adapting it to the xAPI specification for unified analysis. In this work, Markov process modeling was employed to analyze behavioral sequences, revealing cognitive patterns during programming tasks. Multiple methods were applied to quantify competencies (knowledge, skills, dispositions) and identify distinct student clusters. Course difficulty was quantified using proactiveness metrics derived from submission timeliness. This work contributes a scalable framework for competency assessment in algorithm courses and offers actionable insights for personalized teaching and curriculum optimization. Practically, it enables instructors to tailor interventions based on student clusters and optimize task difficulty. Future work will integrate more students' performance to validate competency models and extend the framework to broader computer science curricula. © 2025 IEEE."
"101","Beyond the Cognitive: Educator Readiness for Fostering Dispositions","Tagare, D.; Tavakoli, J.; Exter, M.; Sabin, M.; Frezza, D.S.","2023","10.1109/FIE58773.2023.10343241","This paper explores Computing and Engineering (C&E) educators' perceptions about dispositions and investigates their readiness to integrate dispositions into their teaching. Dispositions are the underlying beliefs, attitudes, and values that influence how individuals apply their knowledge and skills. Employers recognize the importance of dispositions in the workplace, yet in C&E education the cultivation and assessment of dispositions is not frequently emphasized. Recent guidelines and frameworks in C&E education require dispositional competencies. However, implementing these guidelines requires pedagogical and curricular transformations, including authentic teaching and learning experiences and innovative assessment techniques. This study aims to address an important gap in C&E education by investigating educators' perceptions and readiness for integrating dispositions into curricula, thereby contributing to the ongoing efforts to align educational programs' objectives with industry needs to foster graduates' success in their careers. This work is guided by the Agency Influence Framework, adapted to incorporate educators' worldview (epistemology) in addition to their beliefs, abilities, and motivations towards their readiness for change. The study provides preliminary insights and serves as a foundation for future research in educators' perception about dispositions. © 2023 IEEE."
"102","Design of a competencies-based software tool for training in the research of bacterial behavior on robot swarms","Rodríguez C., E.A.; Romero S., D.M.; Martínez S., F.H.","2021","","Higher education in Colombia since 2000 began to consolidate a training model oriented towards the competitive transformation of the student, in which processes are focused on problem-solving, which implies not only knowing the problem but also its conceptual and real approach. This trend has been structured over 20 years in what is known as competencies-based training and corresponds to the current state of higher education programs in the country. Although this approach has had a high degree of identification with the work environment, the truth is that the skills, knowledge, and abilities generated by the model are also applied to organizations and/or institutions. This article describes the design model of a specialized competencies-based software tool. The tool is part of the specialized training strategy of the research group and corresponds to the first of an integrated system of specialized research training. The design contemplates key elements at the pedagogical, didactic, and software engineering levels. The design architecture is made up of four stages which characterize each one of the tool’s creations stages: educational design, computational design, production, and application. In the prototype, the problem of autonomous navigation of robots has been addressed, specifically, the implementation of a decentralized algorithm of the research group inspired by bacterial interaction. The preliminary evaluation of the tool has been advanced with undergraduate students linked to the research seedbed of the research group. ©2006-2021 Asian Research Publishing Network (ARPN). All rights reserved."
"103","Competence-based Curriculum Learning for Multilingual Machine Translation","Zhang, M.; Meng, F.; Tong, Y.; Zhou, J.","2021","10.18653/v1/2021.findings-emnlp.212","Currently, multilingual machine translation is receiving more and more attention since it brings better performance for low resource languages (LRLs) and saves more space. However, existing multilingual machine translation models face a severe challenge: imbalance. As a result, the translation performance of different languages in multilingual translation models are quite different. We argue that this imbalance problem stems from the different learning competencies of different languages. Therefore, we focus on balancing the learning competencies of different languages and propose Competence-based Curriculum Learning for Multilingual Machine Translation, named CCL-M. Specifically, we firstly define two competencies to help schedule the high resource languages (HRLs) and the low resource languages: 1) Self-evaluated Competence, evaluating how well the language itself has been learned; and 2) HRLs-evaluated Competence, evaluating whether an LRL is ready to be learned according to HRLs' Self-evaluated Competence. Based on the above competencies, we utilize the proposed CCL-M algorithm to gradually add new languages into the training set in a curriculum learning manner. Furthermore, we propose a novel competenceaware dynamic balancing sampling strategy for better selecting training samples in multilingual training. Experimental results show that our approach has achieved a steady and significant performance gain compared to the previous state-of-the-art approach on the TED talks dataset.  © 2021 Association for Computational Linguistics."
"104","Challenge-based learning: an I-semester for experiential learning in Mechatronics Engineering","Félix-Herrán, L.C.; Rendon-Nava, A.E.; Nieto Jalil, J.M.","2019","10.1007/s12008-019-00602-6","An Educational Innovation approach denominated, “I-semester,” for Mechatronics Engineering students was designed, implemented and evaluated. The teaching–learning concept applied herein is interactive, experiential, motivates students and encourages their creativity to provide solutions to real-world challenges. Within the frameworks of competency-based education (CBE) and challenge-based learning (CBL), learning experiences were designed consisting of educational modules and challenges focused on developing disciplinary and transversal competencies during an academic semester. The modules provided theoretical and practical knowledge, whereas challenge activities promoted the development of competencies and the generation of creative–solution proposals. This educational research effort included a formal methodology that started with a problem statement and a hypothesis, followed by the method and an experiment that consisted of the I-semester implementation with a sample of students enrolled in the Mechatronic Engineering program at Tecnologico de Monterrey. The methodology, the development of the experiment and the findings through the analysis of gathered data could contribute to educational research focused on CBE–CBL approaches in educational programs for undergraduate engineering students. © 2019, Springer-Verlag France SAS, part of Springer Nature."
"105","A competency-based flipped classroom for a first year hands-on engineering design course","Ramakrishnan, S.","2017","","This paper presents the implementation and results from combining a specific flipped classroom technique with a competency-based learning approach. Results from the analysis of student performance on selected course objectives indicate improved student motivation to attempt the course objectives. Significant difference was also observed in the percentage of students that were able to successfully complete the selected course objectives. Strengths of this teaching method include greater overall student satisfaction with in-class assistance and competency-based assessment. Results also suggest an impact on mid-level and low achieving students leading to a higher overall class performance. Criticisms suggest simplification or emphasis on the workings of the system from time to time. The effect of this course delivery on different assessment formats is discussed, with recommendations on the type of assessments that are best suited for this method. Based on the analysis of the data collected, modifications for future offerings of the course are discussed. Overall, results suggest that a combination of competency-based assessment and flipped classroom approach is more effective in a first-year hands-on engineering design course than each of these individual styles of course delivery. © American Society for Engineering Education, 2017."
"106","Models and algorithm for managing of the human capital development in a digital transformation of the machine-building enterprise","Bondarenko, Y.V.; Azarnova, T.V.; Kashirina, I.L.; Uhin, A.L.; Sunteev, A.N.","2020","10.1088/1757-899X/862/4/042020","The article is devoted to the development of models and an algorithm for managing the process of continuous training of personnel as the most important direction in the development of human capital of an engineering enterprise. The proposed approach is based on a competency-based approach to learning. The paper proposes an algorithm for managing staff training. The basis of the algorithm is made up of mathematical models: a two-criteria model for the formation of an effective test package and a model for the formation of an optimal staff training schedule. The model for the formation of an effective test package makes it possible to select the minimum set from the set of tests, which makes it possible to obtain a quantitative assessment of the employee's competency level. The model for creating the optimal schedule for staff training allows each employee to choose a program and a time period for training that ensure that the company achieves the maximum value of the total competence of employees. The model takes into account the production capabilities and needs of the enterprise in qualified personnel in the context of digital transformation. © 2020 IOP Publishing Ltd."
"107","AI Augmented Software Engineering - A Case of Competency-Based Education and its Institutional Effectiveness","Durrani, U.; Malik, A.; Akpinar, M.","2025","10.1109/ITT69610.2025.11352914","—The transformative impact of Artificial Intelligence (AI) on software engineering (SE) necessitates a parallel evolution in educational paradigms. This paper presents a comprehensive case study on the institutional effectiveness of a competency-based educational (CBE) intervention designed to integrate AI-augmented tools into an undergraduate capstone project. A cohort of thirty students participated in a hands-on workshop focused on orchestrating a requirements-to-code workflow using a toolchain of n8n, JIRA, GitHub, and Large Language Models (LLMs). Grounded in the ARCS (Attention, Relevance, Confidence, Satisfaction) model of motivational design, this study employed a pre-test/post-test research design to quantitatively measure changes in student motivation. A detailed analysis of collected 5-point Likert scale survey data revealed statistically significant improvements (p < 0.001) across all four ARCS constructs, with large effect sizes (Cohen's d > 0.8). The most substantial gain was in Confidence, which increased by 1.20 points, indicating a successful transition from apprehension to self-assurance. The findings robustly demonstrate that a structured, project-based workshop can significantly enhance student motivation and perceived competency in AI-augmented software engineering. This study provides a validated, replicable model and a robust assessment framework for institutions seeking to modernize their SE curricula, thereby enhancing institutional effectiveness in preparing a workforce for human-AI collaboration. ©2025 IEEE."
"108","Competency based IT experienes","Li, C.; Said, H.; Michael, R.; Johnson, M.; Meyer, H.","2016","10.1109/FIE.2016.7757572","This paper introduces an ongoing National Science Foundation funded project that prepares high school students for college readiness and fosters student interests in careers in Information Technology. The project targets a mixed student population from urban, low-income settings. Based on the project's first-year results, the paper proposes significant changes that will be implemented in the project's second year. These changes include a competency-based education curriculum in which students' IT knowledge and skills can be assessed in a way that three college course credits can be awarded to students who are still in high schools, a 12-hour graduate certificate program that prepares both in-and pre-service teachers to teach college IT courses for University of Cincinnati at their high schools through an Ohio College Credit Plus program, and a more concentrated research in computational thinking, which has been brought up for national attention and recognized as one of the essential competencies among Science, Technology, Engineering, and Mathematics disciplines. © 2016 IEEE."
"109","The Progression of Competencies and Dispositions: How do Maturing Software Engineers Compare?","Clear, T.; Clear, A.","2024","10.1109/FIE61694.2024.10892834","This research paper describes and extends the outcomes from an in- depth study investigating the difference in the expected skills requirements from junior software engineers to senior software engineers, and reflections on the findings from that study. It is a given that senior software engineers have more experience and skills than junior software engineers. However, a focus on their differing competencies and dispositions provides an enhanced mechanism for comparison. Gaps were identified in assessing 'professional knowledge' as categorized by the IEEE/ACM Computing Curriculum Overview Report (CC2020), and in assessing 'dispositions'. It appeared that the specific scenario of comparing the expected competencies between junior and senior software engineers, tested the framework for assessing competencies developed in the CC2020 project and applied in its mapping to the IEEE/ACM Computer Science (CS2013) approved curriculum. In this study into the difference between Junior and Senior Software Engineers, an initial review of relevant literature was conducted. The review found that research analyzing job requirements for software engineers of different levels was limited; 'experience' as a keyword was seldom mentioned; and a common distinction was made between 'soft' and 'hard' skills - the latter being skills that were 'technical', such as programming languages, frameworks, libraries, and tools, whereas soft skills referred to skills such as personality traits, attitudes, and teamwork skills. In our extension of that work the notion of soft skills was unpacked into professional skills and dispositions. The process of mapping from the CC2020 competency framework to the CS2013 curriculum had deliberately modelled how to represent a competency-based rather than a knowledge-based curriculum. The critical deficiency identified here was the limitation imposed by adopting a skills framework based on the cognitive taxonomy, and thereby unwittingly omitting the crucial companion aspects addressed within the affective taxonomy. This paper explores that limitation and its implications, by extending the mapping methodology used in CC2020 assessing the development of professional skills and nurturing of dispositions. This methodology was employed to demonstrate how the software engineers moved in competency from junior roles to senior roles. A new approach that marries the cognitive and affective aspects of learning 'professional knowledge' and developing 'dispositions' for competency-based curricula is presented. An example and a strategy for its extension in assessing the development of software engineers' competencies are provided. © 2024 IEEE."
"110","The Transformative Role of Innovation in the Higher Education: A Case Study","Kiss, F.; Vass, V.","2019","10.1007/978-3-030-11935-5_31","The main objective of this paper is to explore the relationship between transformation and innovation in the context of higher education. It is argued in academic theory that the process of changing role of the universities has two dimensions: interdisciplinarity and competency-based development is an integral part of transformation and innovation. In order to explore this relationship, the basic statement of the paper, that innovation has enormous transformative role in the higher education at different levels (curriculum, teaching methodologies, assessment). The contextual background of the paper is a challenge full “skill gap”, which is increasingly strengthening at the Age of 4th Industrial Revolution. This paper adopts a case study approach to analyze the horizontal dimensions of competency-based curriculum planning. The conclusions are drawn from the main analytical results of the theoretical part and the case study approach. © 2019, Springer Nature Switzerland AG."
"111","The Feasibility of Introducing Mobile Technology in Kenyan Schools that Utilize the Competency Based Curriculum","Brown, K.; Schnars, M.; Karan, A.T.; Ucar, I.; Gershenson, J.","2023","10.1109/GHTC56179.2023.10354692","Competency Based Learning is an emerging curriculum in Kenya that provides students with a well-rounded education focused on learning both foundational and practical skills. The Competency Based Curriculum (CBC) was recently introduced but is not integrating well into the current system because there is a lack of instructor training and knowledge in the new educational program. The CBC incorporates digital literacy; however, it does not provide schools with the necessary technology. Through two experiments performed in Kisumu, Kenya, the time saved using a tablet as an assessment tool and time to learn an unfamiliar educational app were quantified. Instructor comfort level was also recorded. It was found that instructors were able to comfortably use multiple tablets to assess multiple students at the same time. Additionally, a tutorial video was sufficient for them learn to assess a student and perform basic tasks.  © 2023 IEEE."
"112","Improving professionalism in first year computer science students teaching what can’t be taught","Keogh, S.; Bradnum, J.; Anderson, E.","2019","10.1145/3294016.3294027","Professionalism is a philosophy or a notional standard by which a person can be judged or can aspire to be perceived in their approach and behaviour in the context of professional practice. Far from being a tangible object, which one can see, hear or touch, it is a philosophically and socially constructed ideal.i We argue that professionalism is essential in computing to protect the public as computing is ubiquitous and reaches into every sphere in society. Teaching professionalism is always a challenge. It is acknowledged that there is no agreed definition of what constitutes a professional in any profession, despite the concept being around for centuries. As computers become more crucial to our existence it is vital that we ensure our computer science students have a deep understanding, but, more importantly, they adopt professional practice in their endeavours. The foundation for this research project was conceived from concerns that although we teach students professionalism in the curriculum, this may not be sufficient to encourage adoption of professional practice, we argue that for students to be truly professional they have to drive their own learning outside as well as inside curriculum activity. We cannot require our graduate students to be members of a professional body, but it is a requirement of a professional body such as the ACM or the BCS that we make visible the teaching and learning of professionalism in the curriculum. This objective is more easily achieved if we have distinct professionalism visible across a degree courseii As academics, more focus should be on the evidence that students are committed to professional practice rather than to passing assessments. This may require an attitude shift on the part of academics as well as students. While we can teach skills and impart knowledge, only by adoption can a professional attitude be achieved. In an attempt to incorporate an early intervention for computer science students, this research examined a self-selecting group of first year computer science students who volunteered to drive their own professional development through a co-creation of activities inside and outside the curriculum. This research aimed to establish student motivation, the availability and prioritisation of opportunities and the impact of outcomes. The research also sought to discover what attracted the students to this initiative and how they assessed any personal development when the project ended. The findings from this preliminary research will be followed up with a further study into the development of a framework to establish a competency based approach to programme learning outcomes to support the teaching and learning of professionalism. Learning outcomes that will not be specifically linked to modules or individual subjects, but will be a requirement for students to demonstrate professional development at the end of each year of their programme of study. A similar approach is used by closed, statutory, professional bodies, such as doctors and nurses, where continuous professional development and practice has to be demonstrated for a member to retain membership and continue to practice. © 2019 Association for Computing Machinery."
"113","Integrating informatics content into the nursing curriculum","Weiner, E.; Trangenstein, P.; Gordon, J.; McNew, R.","2016","10.3233/978-1-61499-658-3-302","Contemporary nursing curricula require that nursing informatics content be integrated across the various levels of the programs that are offered. Many such programs face national accreditation requirements that typically relate more to technology than to informatics. International standards vary in these requirements. How can nursing programs meet these vastly different criteria yet continue to level informatics content that follows quality curriculum standards? This presentation describes one approach across programs that considers already developed competencies in nursing informatics while also taking into consideration the various roles that the graduates will have to assume in advanced practice nursing roles. Levels discussed include the baccalaureate, master's, doctorate in nursing practice, and the traditional Doctor of Philosophy degrees. © 2016 IMIA and IOS Press."
"114","Automated Competency Assessment in Pilot Training based on Behavior Modeling of Flight Performance and Visual Attention","Fermitsch, A.; Fritz, P.; Thomay, C.; Gollan, B.; Norden, C.; Mangasser, C.","2025","10.1145/3733155.3733195","In this paper we present a data-driven Competency Based Training and Assessment (CBTA)-assistance system for estimation of competency grades during simulator training of pilots. Its core module is a behavioral analysis framework, that estimates performance metrics from observations of pilot trainee behavior in an XR training simulation environment. For the realization of CBTA, dependable quantifiable and context-aware information of the trainee's behavior is essential. We extract information of flight state and pilot-machine interaction from the simulator software, we model the 3-D scene of the cockpit environment and incorporate the trainee's gaze information from the eye tracking technology and the head pose using 3-D tracking from a Varjo XR3 headset, which is part of the flight simulator. With this information we achieve a deep temporal and spatial understanding of interaction, behavior and visual attention of the pilot. Our behavioral analysis framework models the pilot's behavior from observations using somatic indicators and sensors and deducts competency skill levels of the pilot, following the CBTA guidelines of the European Union Aviation Safety Agency (EASA). With our work we contribute an assistive system for pilots and flight training instructors, aiming to complement and improve assessment of training performance, providing additional information.  © 2025 Copyright held by the owner/author(s)."
"115","Beyond Programming: A Computer-Based Assessment of Computational Thinking Competency","Lai, R.P.Y.","2022","10.1145/3486598","Computational Thinking (CT), entailing both domain-general and domain-specific skills, is a competency fundamental to computing education and beyond. However, as a cross-domain competency, appropriate assessment design and method remain equivocal. Indeed, the majority of the existing assessments have a predominant focus on measuring programming proficiency and neglecting other contexts in which CT can also be manifested. To broaden the promotion and practice of CT, it is necessary to integrate diverse problem types and item formats using a competency-based assessment method to measure CT. Taking a psychometric approach, this article evaluates a novel computer-based assessment of CT competency, Computational Thinking Challenge. The assessment was administered to 119 British upper secondary school students (M = 16.11; SD = 1.19) with a range of prior programming experiences. Results from several reliability analyses, a convergent validity analysis, and a Rasch analysis, provided evidence to support the quality of the assessment. Taken together, the study demonstrated the feasibility to expand from traditional assessment methods to integrating multiple contexts, problem types, and item formats in measuring CT competency in a comprehensive manner.  © 2021 Copyright held by the owner/author(s)."
"116","Assessment of Student Competency Development in Research Seminar Modules: A Comparative Evidence from Two Peruvian Engineering Faculties","Morales, A.M.; Rosales, J.M.V.; Huaman, P.L.R.; Bello, R.D.A.","2025","10.1109/ICACIT66767.2025.11369507","- This study examines the development of competencies in students from two faculties enrolled in a Research Seminar course between 2023 and 2024. Faculty A demonstrated strengths in critical thinking, information analysis, and ICT use, while Faculty B excelled in self-evaluation, reflecting stronger self-regulatory capabilities. Both faculties showed similar performance in research skills, digital identity, ethical information use, and collaborative learning, with Faculty A slightly ahead in experiential learning. Year-on-year improvements suggest positive trends in competency development. Correlation analysis revealed strong links between autonomous learning and digital information management, supporting the value of integrated curricula. An inverse relationship between self-evaluation and critical thinking also emerged, indicating the need for balanced instructional strategies. The findings highlight opportunities for reciprocal learning: Faculty A could adopt practices enhancing self-regulation, while Faculty B might benefit from methods fostering critical analysis. The study recommends reinforcing digital competence and autonomy, expanding collaborative learning opportunities, and using ongoing data analysis to guide curriculum design. With targeted interventions, both faculties can advance toward developing more autonomous, critical, and digitally skilled student profiles. ©2025 IEEE."
"117","ASSESSMENT of STUDENT RETENTION and SATISFACTION in COMPUTER SCIENCE SERVICE COURSES WHEN USING COMPETENCY-BASED GRADING and ASSIGNMENT CHOICE","Lightfoot, R.; Jaison, D.; Liu, X.; Smith, N.; Hammond, T.","2025","10.18260/B34C-90-14863","Introductory engineering courses that include computer science components—particularly for non-computer science majors—often provoke anxiety, especially among students with limited or no prior programming experience. This apprehension is exacerbated by the presence of peers who possess advanced coding backgrounds. To address these challenges, this study explores the implementation of assignment choice and competency-based grading in a Computer Science I (CS-1) service course. Grounded in Self-Determination Theory, the intervention allows students to select from multiple assignment pathways, each aligned with the same core learning objectives. This autonomy is intended to promote student agency, intrinsic motivation, and engagement while still ensuring mastery of fundamental programming concepts. A mixed-methods design compares two parallel course sections: one using traditional instructional methods and another offering assignment choice and competency-based assessment. Quantitative data includes standard performance metrics, such as D, F, and withdrawal (DFQ) rates, while qualitative data is drawn from student feedback and course evaluations. Results indicate that students in the assignment choice section report increased satisfaction, deeper engagement, and a stronger sense of ownership over their learning. The section also showed a reduced DFQ rate, suggesting improved student retention. The approach was especially effective for non-CS majors, many of whom felt more confident and capable navigating the course content at their own pace and with personalized relevance. This study contributes a flexible instructional framework that preserves rigor while promoting student-centered learning. The findings support the use of assignment choice and competency-based grading as strategies to improve student outcomes in engineering service courses involving programming. Implications for scaling and adaptation to other technical domains are also discussed. © 2025, American Society for Engineering Education. All rights reserved."
"118","Training evaluators for program accreditation and engineers certification","Chuchalin, A.I.; Gasheva, Y.V.; Shamritskaya, P.S.","2015","10.1109/ICL.2015.7318174","This article is focused on the forms and strategies of training evaluators for program accreditation and certification of engineers developed and implemented by the Association for Engineering Education of Russia. Current training programs are discussed as well as future proposals are mentioned. Evaluator competencies are defined and briefly described. The main principles of development and implementation of evaluator training programs are outlined, namely competency-based approach, student-centered approach and the theories of constructivism and connectivism. In conclusion recommendations for training evaluators for program accreditation and engineers certification are provided. © 2015 IEEE."
"119","Understanding Students' Perceptions of Human Dispositions in Computing Education","Pereira, T.; Impagliazzo, J.","2025","10.1109/FIE63693.2025.11328419","This research-to-practice full paper examines students' perceptions of human dispositions and their role in facilitating knowledge acquisition and skill development. Unfortunately, many universities teach computing or engineering from a knowledge-based perspective rather than a competency-based approach that requires three components-knowledge, skills, and human dispositions-as outlined in the Computing Curricula 2020 report. Graduates of knowledge-based programs may not have the competence to be productive in the workplace. To study the effects of human disposition, 109 undergraduate students enrolled in the engineering and information systems management program evaluated the importance of seven dispositions: inventive, meticulous, self-directed, purpose-driven, proactive, collaborative, and adaptable. Students ranked these dispositions on a scale ranging from essential to insignificant and reflected on their engagement during formative assignments. The findings showed that students considered all seven dispositions highly relevant to their learning experience. Moreover, fostering an understanding of individual dispositions contributes to the development of competency, enabling students to approach workplace challenges with greater confidence and effectiveness. This work provides educators with insights into the role of human dispositions in curriculum design, course development, and syllabus creation. It emphasizes the importance of aligning educational practices with the attributes essential for computing and engineering professionals. © 2025 IEEE."
"120","Advancing AI education: Assessing Kenyan in-service teachers' preparedness for integrating artificial intelligence in competence-based curriculum","Fundi, M.; Sanusi, I.T.; Oyelere, S.S.; Ayere, M.","2024","10.1016/j.chbr.2024.100412","With the advancement of technology, emerging technologies like Artificial Intelligence (AI) have also been growing rapidly and becoming more common than ever before. Kenya has taken tremendous steps in adopting the use of emerging technology in different sectors of the economy. In realization of the need to have a skilled digital workforce to develop solutions using these emerging technologies, Kenya has undertaken curriculum reforms and introduced the Competency-Based Curriculum (CBC) which has included digital literacy and coding in elementary school. Furthermore, computer science has been introduced in Junior Secondary School. In view of these changes, teachers should be adequately prepared with knowledge, skills, and attitudes to effectively teach these new technologies. However, in Kenya, AI was not and still is not part of the teacher training curriculum. Additionally, there are inadequate professional development opportunities in AI for both pre-service and in-service teachers since AI is not part of the CBC curriculum. That notwithstanding, it is inevitable for teachers in the current world to introduce AI to learners. Therefore, this study's objectives were to assess the confidence in AI, attitudes toward AI, AI ethics, subjective norms, perceived threats, and the readiness to teach AI among Kenyan K-12 in-service teachers and to assess how these factors influence their readiness to teach AI. To achieve these objectives, this study employed a quantitative research methodology by administering a survey using Google Forms to a random sample of 308 teachers from different grades from 37 out of 47 counties in Kenya. The findings showed that confidence in AI, AI ethics and subjective norms significantly influenced AI readiness while attitude towards AI and perceived threats did not significantly influence AI readiness. These results are significant in providing a basis for education policy change on AI education in Kenya, such as transforming the teacher training curriculum to include AI and designing AI professional development programs for in-service teachers to ensure they are well-equipped to teach AI. © 2024 The Authors"
"121","Towards standardized robotic surgery in gastrointestinal oncology","Knab, L.M.; Zureikat, A.H.; Zeh, H.J.; Hogg, M.E.","2017","10.1007/s00423-017-1623-4","Purpose: Minimally invasive techniques have revolutionized the field of surgery over the past several decades. Specifically, robotic surgery is increasingly being used for complex operations, although the appreciable learning curve required to become proficient has deterred many surgeons. We describe how use of a proficiency-based training program can decrease the learning curve and lead to standardized robotic surgery. Methods: The steps of a proficiency-based robotic training program are described, including (1) a proficiency-based virtual reality simulation curriculum, (2) an inanimate biotissue curriculum, (3) a video library training, (4) intraoperative evaluation, and (5) skill maintenance with ongoing assessment. The learning curve for robotic gastrointestinal surgery is explored, as well as outcomes compared to laparoscopic and open techniques. Results: The implementation of a proficiency-based robotic training program is feasible. Surgical oncology fellows who participated in the program demonstrated improvement in both the simulation and biotissue curricula. Analyzed as a group, the participants improved in time and errors after the biotissue curriculum. Conclusions: Published outcomes from robotic gastrointestinal surgery have demonstrated safety, feasibility, and preserved oncologic resections. A proficiency-based robotic curriculum is ideal to enable surgeons to achieve mastery in robotic surgery while minimizing the learning curve required. © 2017, Springer-Verlag GmbH Germany."
"122","Introduction to the Mathematics of Control Education in Calculus for Engineering Students","Kocsis, I.; Hajdu, S.; Mikuska, R.; Korondi, P.","2025","10.1109/TE.2024.3520590","We have introduced a novel approach to competency-based education in mechatronics from the undergraduate to the postgraduate level. What distinguishes this approach is the integration of modeling and control of sampled systems right from the beginning of the undergraduate education. It is achieved by changing the structure of the first-semester Calculus course to focus on discrete-time systems: emphasizing numerical differentiation and integration and difference equations. The curriculum is enriched by interdisciplinary homework project assignments that, given in subsequent courses throughout the education, are tied to the same quarter-vehicle model but vary in theoretical complexity. It demonstrates multiple dimensions of the same engineering problem, leading to a deeper understanding. Based on the discrete-time modeling studied in Calculus, students can solve the problem at a basic level and verify the results with measurements. Later, they can compare these solutions with those obtained using more advanced tools. This approach creates a synergy between different subjects ranging from the basics to the advanced control theory. This article focuses primarily on the mathematical toolkit that facilitates the achievement of our didactic goals. © 1963-2012 IEEE."
"123","Competency-Based Approach and Learning Plans in Moodle. A Case of International Engineering Educator Certification Program (IEECP) in Latin America","Palmieri, J.M.","2023","10.1007/978-3-031-26876-2_53","The competency-based approach is in constant discussion in Argentina and Latin American universities. InnovaHiEd Academy and IGIP Argentine section are authorized training centers that offer the International Engineering Educator Certification Program (IEECP) to Latin American institutions and individuals interested in improving their teaching competencies. This paper describes the experiences of three consecutive online cohorts of the IEECP regarding the educational and technological decisions that allow the integrations of the CBE, outcomes assessment and learning plans into the Moodle LMS. This paper describes Moodle features to support competencies, outcomes assessments, learning plans, its configuration and contribution in the context of the IEECP. It also highlights evidence about the aforementioned innovations impact on teaching practices, learning model and student active role in the learning process. This article is intended to serve as a reference for those institutions and program managers interested in integrating the CBE approach of their online training programs in their Moodle LMS. © 2023, The Author(s), under exclusive license to Springer Nature Switzerland AG."
"124","An Evaluation System (Assessment Center) for Disciplinary and Transversal Competencies of Engineers in Scenarios Linked to the Professional Practice","Velazquez, E.G.C.; Mejia-Manzano, L.A.; Ramirez-Suaste, A.Y.","2025","10.1109/CISPEE64787.2025.11124168","Any change in the educational sector under the context of competencies-based education requires a consistent evaluation process that contributes to the solid and comprehensive development of competencies in higher education students, accentuating their constant updating, which undoubtedly leads to the competencies redefinition and curriculum development process. Thus, the evaluation in a validated process is of great relevance for confirming the knowledge, skills and values acquired and developed by the undergraduate students at the end of their study programs. The present work integrates an implemented methodology in undergraduate students through unconventional experiential environments focusing on the measurement and ensuring of the development degree of disciplinary and transversal competencies before undergraduates' graduation. The Assessment Center (AC) was established in the context of the methodologies Challenge-Based Learning (CBL) paradigm and case method technique for solving real problems. The guidelines were established under a collaborative environment connected to work real situations, promoting the participation and the interaction through reflection, critical analysis, group discussion, and decision-making. This initiative allowed the students to apply theoretical knowledge in practical situations. A survey was designed and applied to the performance observation and analysis process with input from academics, employers, consultants, and human resources experts. The deployment of this exercise was carried out at the end of the Chemical Engineering (CE) curricula at Tecnologico de Monterrey during the fall semester in 2020. Under this evaluation system, the students located their level of competence development, a comparative of his/her individual performance with the team and cohort performance, opportunity areas and complete feedback through a report. The present work establishes the basis for a curriculum evaluation, future improvement, and update using an integral evaluation exercise linked to the professional practice in an engineering program.  © 2025 IEEE."
"125","Identifying and assessing competencies for staff working in public health emergencies","Utunen, H.; Black, A.; Stucke, O.; Attias, M.; Gamhewage, G.M.","2020","10.3233/SHTI200417","Competency-based learning involves identifying the knowledge, skills and attributes required for carrying out workplace roles. In 2018, the World Health Organization's (WHO) Health Emergencies Programme (WHE) introduced a competency framework with competency-based assessment (CBA) methodology. The CBA focuses on behavioural indicators that participants demonstrate and training faculty observe during training events. This article introduces the CBA of WHE. It is essential to use the framework to design learning programmes and provide the basis to appraise and manage WHE personnel and team performance. © 2020 European Federation for Medical Informatics (EFMI) and IOS Press."
"126","Discordance between global versus reductionist approach in competency-based assessment for medical students in a transition to residency course","Caretta-Weyer, H.A.; Yarris, L.M.","2026","10.1080/0142159X.2025.2566967","Introduction: The advent of competency-based education has led to concerns regarding reductionism in the assessment of clinical competence. This apprehension stems from using the assessment of isolated subunit competencies to build a complete picture of clinical competence. Some argue that the entrustable professional activity (EPA) framework complements the construct of competencies, as EPAs describe units of work and require a global approach to their assessment. To that end, we aimed to discern whether the assessment of separate subunit competencies subsequently aggregated is equivalent to the global assessment of EPAs. Methods: We designed a simulation-based workshop and assessed each student using the subunit competencies mapped to the core EPAs (the bottom-up approach) compared to the assessment of the global EPAs (the top-down approach) using 1) a supervision scale, 2) a global statement regarding entrustment and 3) a statement regarding readiness for residency. We aimed to determine whether the global assessment of EPAs was equivalent to aggregating the corresponding subunit competency assessments. The subunit competency assessments were additionally compared to aggregate workplace-based assessment data on the various subunit competencies from core clerkships. Results: All eligible students participated (136/136). Assessment data obtained using the subunit competencies mapped to the EPAs were highly correlated with the assessment of subunit competencies obtained in the workplace during core clerkships. However, these subunit competency assessments obtained during the TTR course did not correlate with EPA-based global supervision scale ratings, entrustment decisions, or perceived readiness for residency. Discussion: Global assessment of EPAs and the judgment of entrustment appear to be separate processes from aggregating the assessment of subunit competencies. This may reflect variations in the approach to global assessment when compared to the assessment of subunit competencies and the need to consider the construct of trustworthiness in addition to the learner’s ability to perform each activity. © 2025 Informa UK Limited, trading as Taylor & Francis Group."
"127","Competency-Based Assessment of Biomedical Engineering Students Through the Project-Based Learning Process","Rios, M.B.; Perdiz, N.P.; Gallardo, J.M.; Risk, M.R.","2024","10.1007/978-3-031-51723-5_62","The trainers of future biomedical engineers must provide during their studies the teaching methodologies, technological and experimental tools that motivate and bring the student closer to the professional world and acquire the necessary skills to face the labor market, increase their employability and encourage their proactivity. This paper describes the educational experience in the subject “Introduction to Research and Development Practice I” of Biomedical Engineering, applying the Project-Based Learning methodology. During the course, an exchange of students who attended this subject the previous year was proposed. The projects served as motivating axes to bring students closer to the profession, the “know-how” and enhance their vocation related to biomedical engineering, since after the covid-19 pandemic no projects were developed or have been left unfinished. The students involved in this methodology and organized in groups analyzed the transfer and finished the projects, developing a 3D printing device and two Raspberry Pi devices. The implementation of this active teaching methodology added to the use of technological tools increased the motivation and self-confidence of our students, allowing the acquisition of several skills: digital, project management, verbal and written communication, problem identification and resolution, reading comprehension, autonomy, self-regulation of learning and teamwork. © The Author(s), under exclusive license to Springer Nature Switzerland AG 2024."
"128","Instructor perspectives on the use of tag-organised assessment to facilitate formative assessment strategies in STEM courses","Castleberry, C.; Hanner, A.; Burks, G.; Amos, J.","2023","10.1080/03043797.2023.2173559","As classroom diversity increases across educational domains, additional stress is placed on instructors to provide effective and personalised learning experiences. Formative assessments can inform instructors of learning differences between student cohorts and individual students, allowing adaptation of learning experiences to individual student needs. This work is motivated by the need for faculty to implement formative assessment strategies, such that instructors can adapt the classroom-assessment environment by identifying learning goals, categorising or tagging assessment questions by learning goal categories, and organising the assessment data by tag. This paper summarises how tag-organised assessment (TOA) may be implemented and visualised to facilitate formative assessment strategies. We validated our TOA approach by interviewing instructors on needs in classroom-assessment environments and the usefulness of TOA visualisations to address assessment needs. Instructors perceived TOA visualisations as beneficial for synchronising learning goals with assessment coverage, improving student feedback, and communicating learning goals and success criteria to students. © 2023 The Author(s). Published by Informa UK Limited, trading as Taylor & Francis Group."
"129","COMPETENCIES-BASED LEARNING MODEL DEVELOPMENT FOR A CYBER-PHYSICAL SYSTEMS IMPLEMENTATION","Ghozzi, Y.; Karoui, A.; Sassi, M.H.; Bagga, S.","2024","","We might wonder about the professional motivations that drive students to pursue electromechanical (EM) engineer graduate studies. In this sense, we approach the notion of professionalization not only in the field of work, but also in the field of education, so that teachers and learners confront work situations and articulate work and training more closely within the framework of multiple specialisations in a dynamic environment. In this framework, a Competencies-Based Learning (CBL) approach was developed to list, prioritise, and complement competencies of the reference job repository of an EM engineer with the learning outcomes to cover the training areas through the specified curricula (Standards 1, 2). These competencies were transformed during the developing process of a learning factory established by a Cyber-Physical Systems (CPS) to meet the training needs of an EM engineer in a pedagogical environment faced with a professional situation (Standards 5, 6, 7). For an EM engineer, we study the different situations encountered and experienced by the learner and draw up a list of specific professional skills encountering different layers of the pyramid of automation and industry 4.0 by referring to our technological installations within spaces set up for this purpose. A synergistic process between the different technological layers has been set up to support the learning process to match the targeted learning outcomes through the technological aspect defined via the CPS platform in an iterative process (Standards 3, 4, 8). Thus, a modular CPS platform is adapted to an engineer work environment and fed by real industrial projects ensuring knowledge, skills, and attitudes necessary to CDIO framework implementation. © 2024 CDIO. All Rights Reserved."
"130","Challenges in the curriculum developmentsteps to collaborative teaching","Kantanen, M.-S.; Ruottu, M.","2017","","The engineers need not only good knowledge of their special technical field but also e.g. social, analytical thinking, problem solving and language skills. Especially knowing how to learn and adopt new and how to combine their own knowledge with other specialists is important. All these require consideration when reforming the new curricula. This article describes the process of the curriculum development in the Mechanical Engineering Education. The new curriculum is based on competence and problem-based learning. This new curriculum challenges the teachers to be more like counsellors in the students' learning processes. This new curriculum also motivates the teachers of different subjects to cooperate and teach together with each other. This makes the teachers plan, check, guide and assess the courses together. Competency-based curriculum considers the students more as individuals than as groups and this requires the students to be more active in their learning process. In the department of Mechanical Engineering, the new curriculum consists of the academic year and semester themes. The academic year themes are Learning about Work of Mechanical Engineers, Engineer's Toolbox, Creative Engineers and Pre- Engineers. Every semester has a CDIO-type semester project course and all the other courses support this project course."
"131","Strategy for the evaluation and monitoring of competencies in engineering programs to improve students’ learning and quality of education","Hermosilla, P.; Muñoz-La Rivera, F.; Ateaga, N.; Gallardo, E.","2021","10.3390/su132111721","The Sustainable Development Goals (SDGs) and the Education for Sustainable Development (ESD) framework propose the concept of competencies as a key cognitive, attitudinal, and procedural aspect aimed at the integral development of students, which implies a challenge in the way of evaluating them. Thus, the traditional monitoring of students’ progress through their grades is not enough, and monitoring competency is becoming more important. This research proposes a system for monitoring competencies in engineering programs. The system identifies the expected learning outcomes (LOs) of each course and cross-references them according to the ponderation of each evaluation planned. Subsequently, it links each LO with the competencies of the course, allowing the student to be monitored throughout their career. The strategy was applied to a civil engineering course. The students’ results, according to the course competencies, were obtained, linking them correctly with the LO and the grades obtained. The evolution of these competencies was evaluated until the end of the semester in which the students were taking the course. The analysis of the results shows the differences between the monitoring by grades versus by competencies, evidencing that there were cases in which a student passed the course by grades but failed to develop the expected competency. © 2021 by the authors. Licensee MDPI, Basel, Switzerland."
"132","CTI and CDIO competences based curricula (Civil Engineering Case Study)","Ajaïlia, N.; Gharbi, M.; Zéraï, M.","2019","","This communication describes the elaboration process of Civil Engineering curricula that are derived from a set of competencies defined by a previous investigation. For the development of the curricula we adopted the approach of the CDIO initiative - of which ESPRIT is a member. Recall that the CDIO standards describe curricula that are centred on the student and translate the essence of engineering by focusing on the core areas of Conceiving, Designing, Implementing and Operating real-world systems and products. As Esprit is accredited by the CTI (Commission des titres d'Ingénieurs, the French ABET) our study plans must also comply with the requirements of CTI. In (Ajailia, N. & all. 2019) it has been shown that by complying with the standards of the CDIO we will also meet the requirements of the CTI since both are highly correlated. The first step of this process, described in (Ajailia, N. & all. 2019), was to develop the qualitative and quantitative analyses based on collecting the societal and entrepreneurial needs expressed as knowledge, know-how and attitudes from a panel of 27 active professionals in the civil engineering domain. The second step, object if the present article, is a translation of the expected competencies of our Civil Engineer in sets of learning outcomes combined with the definition of learning situations and assessments modalities. The project has culminated by the reorganization of the civil engineering education program starting from the academic year 2018/2019. The paper evaluates the enterprise and discusses its stakes especially in terms of the involvement of the actors. From the point of view of educational engineering, the issue of operationalization remains a major challenge. How to adapt training curricula at the request of the company? What construction processes should be put in place with the actors (institutional leaders, teachers, students)? What new training and evaluation methods to put in place? What are the pitfalls to avoid? © 2019 University of Minho. All rights reserved."
"133","Steering the Future of Nursing in Jordan: Translating the International Council of Nurses 2025 Definitions Into Practice, Education, and Policy","Alshraideh, J.A.; Alfraheed, S.; Al Nawafleh, H.; Abu-Snieneh, H.; Dammra, A.; Alamsidin, A.; Naga, B.B.; Omar, N.","2026","10.1111/inr.70174","Background: In 2025, the International Council of Nurses renewed the definitions of “nursing” and “a nurse” and articulated core concepts that emphasize social justice, human connection, scientific knowledge, and professional accountability. Aim: To analyze the International Council of Nurses’ 2025 definitions and discuss practical implications and implementation recommendations for nursing practice, education, and policy in Jordan. Sources of Evidence: An interpretive policy analysis of the International Council of Nurses’ final project report, complemented by global and Jordan-focused evidence on nursing workforce priorities, practice environments, and digital health transformation. Discussion: The definitions offer coherent professional language aligned with global health and workforce agendas that emphasize leadership, advocacy, autonomy, and accountability. In Jordan, operationalization requires policy and regulatory alignment (including advanced practice pathways), workforce retention and wellbeing strategies, curriculum crosswalks, and minimum informatics and AI governance standards. Implications for Nursing Practice: Nurses should strengthen autonomous clinical judgment, culturally safe and people-centered care, advocacy, quality improvement, and digital competence, while working in partnership with multidisciplinary teams and communities. Implications for Policy and Education: The Jordanian Nursing Council and stakeholders should translate the definitions into updated scope-of-practice and licensure expectations, competency-based curricula, advanced practice education pathways, and continuing professional development linked to service needs and equity. Conclusion: A phased, nationally coordinated implementation plan with monitoring and evaluation is needed to convert definitional aspirations into measurable improvements in care quality, workforce sustainability, curricula updates, and health equity in Jordan. © 2026 International Council of Nurses."
"134","Nursing Education and Artificial Intelligence","Carrington, J.M.; Love, R.; Bumbach, M.D.; Maymi, M.A.; Newbutt, N.","2024","10.3233/SHTI240127","The American Association of Colleges of Nursing (AACN) is shifting the nursing education paradigm to competency-based education. Competency-based nursing education focuses on the nursing students' demonstration of knowledge. This shift in nursing education will rely on performance measures and data to determine success. Data and artificial intelligence can provide the nursing student with a targeted evaluation from the nursing faculty. Building on prior applications of 'precision' and the use of data to drive precision medicine or precision nursing, nursing informatics is well-positioned for this paradigm shift to support data and artificial intelligence in nursing education. Little is understood about the concept of 'precision nursing education' and its implications. We completed a concept analysis and defined the concept of 'precision nursing education' as the use of data and artificial intelligence to measure student nurses' performance with competency-based nursing education.  © 2024 The Authors."
"135","Case Study: Design of a Training Strategy to Improve Learning Outcomes Through the Development of Integrative Projects","Martínez, L.F.M.; Quintero, B.C.; Sanguino, M.R.R.","2024","10.1007/978-3-031-75236-0_14","Currently, the implementation of learning outcomes in the Systems Engineering program at the Universidad Francisco de Paula Santander Ocaña (UFPSO) seeks to align the curriculum with national and international standards to improve educational quality through competency-based assessments. This study evaluated students of Proyecto Integrator I, II and III during the first semester of 2022, using a classroom project strategy. The findings show progressive skill development in alignment to the revised Bloom's Taxonomy, from the acquisition of foundational knowledge to the ability to formulate and evaluate complex solutions. The study not only assesses student progress, but also guides curricular adjustments to effectively meet learning objectives. The project-based learning strategy fosters interdisciplinary collaboration, promotes inquiry-oriented learning, and prepares students to face real challenges in the field of systems engineering. The results led to the conclusion that the implementation of learning outcomes and assessment through projects in the classroom represents a significant advance towards the improvement of educational standards and the adaptation of the program to the current and future demands of the technology sector. © The Author(s), under exclusive license to Springer Nature Switzerland AG 2024."
"136","Promoting technical and methodological competencies in medical-oriented engineering degree courses by building digital transmitted-light and holographic microscopes: A pilot project","Hanshans, C.; Burkhardt, F.","2025","10.3205/zma001782","This work presents a structured cross-course teaching concept designed for biomedical engineering students, focusing on acquiring technical skills through the construction and application of 3D-printed robotic and holographic microscopes, spanning over different lectures. The project is embedded within the lectures of Medical Engineering, Medical Imaging and Anatomy and Physiology, aiming to bridge theoretical knowledge and hands-on applications. The concept includes theoretical lectures, interactive seminars, and practical laboratory sessions as well as self-study phases and project implementation phases. Students are guided through the technical implementation such as 3D printing, wiring, programming and assembly as well as the use of the microscopes. Key learning objectives include physics, mastering manufacturing processes, and applying open-source resources and finally using their own built microscope within the practical part of a medical lecture. Besides that, the project-based approach should foster methodological competence and problem-solving skills as well as social competences and teamwork. The first run shows increased student engagement and improved exam performance among participants, while qualitative feedback highlights the project's motivational impact. Although designed for biomedical engineering students, the concept offers transferable elements for a wide range of usage within medical education. Besides the didactic aspects the use of DIY approaches based on open-source and 3D printing offer cost-effective, sustainable alternatives to cost-intensive, traditional lab equipment. Copyright © 2025 Hanshans et al.; Diese Arbeit beschreibt ein fachübergreifendes Lehrkonzept für medizinnahe Studiengänge. Die Studierenden bauen, testen und optimieren hierbei über ein Semester zwei Typen von Mikroskopen – kostengünstige, digitale, automatisierte Durchlichtmikroskope und 3D-holografische Mikroskope. Das Projekt ist in die Vorlesungen Medizintechnik, Medizinische Bildgebung sowie Anatomie und Physiologie eingebettet und zielt darauf ab, theoretisches Wissen mit praktischer Anwendung zu verknüpfen.Das Konzept umfasst Vorlesungen, interaktive Seminare, Laborübungen und selbstständige Projektarbeit. Die Studierenden erlernen praktisch die technischen Schritte: 3D-Druck, Verkabelung, Programmierung, Zusammenbau und Anwendung der Mikroskope. Zu den wesentlichen Lernzielen zählen das physikalische Grundlagenwissen, die Anwendung von Fertigungsverfahren, die gezielte Nutzung von Open-Source-Ressourcen und schließlich der Einsatz des selbst konstruierten Mikroskops im praktischen Teil einer medizinischen Vorlesung. Darüber hinaus fördert der projektbasierte Ansatz methodische Kompetenzen, Problemlösefähigkeiten sowie soziale Kompetenzen und Teamfähigkeit.Der erste Durchlauf zeigte eine gesteigerte Beteiligung der Studierenden und verbesserte Prüfungsergebnisse bei den teilnehmenden Studierenden. Qualitative Rückmeldungen hoben die motivationale Wirkung des Projekts hervor. Obwohl das Konzept für Studierende der Medizintechnik entwickelt wurde, enthält es gut übertragbare Elemente, die sich in vielen Bereichen der medizinischen Ausbildung nutzen lassen. Neben didaktischen Aspekten bieten Ansätze auf Basis von Open-Source und 3D-Druck kostengünstige und nachhaltige Alternativen zu teuren traditionellen Laborgeräten."
"137","Competency-based approach teaching software engineering","Zaitseva, L.; Misnevs, B.","2019","10.1007/978-981-13-8260-4_22","The paper studies the possibilities of practical implementation of the competence-oriented approach in university software engineering courses. The emerging problems of such a transition are identified and options for their practical solution are discussed on an example of Software Engineering programs implementation at two Latvian technical universities. The paper describes definition and practical evaluation of Software Engineering competences in existing bachelor and master programs in accordance with the requirements of e-CF (European Competence Framework). © Springer Nature Singapore Pte Ltd 2019."
"138","Coverage of IMIA-recommended Competencies by Masters in Health Informatics Degree Programs in East Africa","Were, M.C.; Gong, W.; Balirwa, P.; Balugaba, B.E.; Yeung, A.; Pierce, L.; Ingles, D.; Kim, Y.; Shepherd, B.E.","2020","10.1016/j.ijmedinf.2020.104265","Objective: The International Medical Informatics Association (IMIA) has provided recommendations on Education in Biomedical and Health Informatics (BMHI) as guidance on competencies relevant to education of BMHI specialists. However, it remains unclear how well these competencies have been adopted to guide emerging degree programs in low- and middle-income countries (LMICs). We evaluated comprehensiveness of IMIA-recommended competency coverage by Masters in Health Informatics (MSc HI) programs in East Africa. Materials and methods: Two investigators independently reviewed curricula for seven accredited MSc HI university programs in the East Africa region to extract covered competencies using an instrument based on the IMIA education recommendations. Descriptive statistics were used to determine competency coverage by institution and across institutions and by IMIA-defined competency domains. Duplication of competency coverage in courses within each curriculum was also evaluated. Multivariable logistic regression was used to test whether coverage of IMIA-recommended competencies differed between institutions. Results: Cohen's Kappa for coding competencies within courses was 0.738 (95% CI, 0.713–0.764). Coverage of the 40 recommended required IMIA competencies by institutional curricula ranged from 25 (62.5%) to 39 (97.5%) (p < 0.0001), with only 18 (45%) of these competencies covered by all seven institutions. No significant variations in competency coverage were observed between the domains of information sciences (83.7%), health sciences (71.4%), and core BMHI competencies (83.5%) (p = 0.13). On average, each competency was covered by 3.06 courses in each curriculum (range 0 - 14). Curricula also contained 25 additional competencies not part of the IMIA recommendations, 15 of which were found only within the curriculum of a single institution. Discussion: There is significant variability in coverage of IMIA-recommended competencies across MSc HI curricula evaluated, with observed duplication of competency coverage within each curriculum. The additional competencies uncovered that were not part of the IMIA-recommendations were not universally shared across institutions. Conclusion: The IMIA education recommendations provide a relevant, comprehensive reference guide for developing and improving health informatics degree programs within LMIC settings. Variability in competency coverage needs to be addressed for institutions within similar educational and labor regions. © 2020 Elsevier B.V."
"139","COMPETENT DESIGNERS: INCULCATING DESIGN COMPETENCIES THROUGH COURSES","Thandlam Sudhindra, S.; Khan, S.; Hendra, I.; Binte Abdul Muthalib, N.L.; Blessing, L.T.M.","2023","","This paper presents the use of the Design Competency Assessment (DesCA) framework to enhance collaboration between courses in an interdisciplinary design-based curriculum at the Singapore University of Technology and Design (SUTD). The paper illustrates the use of this framework in SUTD’s second term Design Thinking Project (DTP). The DTP explicitly brings together the learnings of the courses taking place in that term, in particular the introductory Design Thinking and Innovation (DTI) course. DTP as a joint project is facilitated by faculty from different disciplines. Students have to demonstrate how different disciplines have influenced their design project. DesCA was introduced in the planning of the project to identify competencies needed for DTP and overlay these onto the existing course schedule. The results of this case study suggests that DesCA, as a competency-based approach, provides a common language between faculty of different disciplines and is an effective means: to gain a common understanding of the required competencies; to obtain coherence between courses in an interdisciplinary curriculum; and to form the basis for assessment. This should allow for a more coherent and integrated approach to design education, which is essential for producing graduates with a broad range of knowledge and skills and attitudes to tackle complex global challenges. © 2023 Proceedings of the 25th International Conference on Engineering and Product Design Education: Responsible Innovation for Global Co-Habitation, E and PDE 2023. All rights reserved."
"140","Predictive models of academic success: A case study with version control systems","Guerrero-Higueras, Á.M.; DeCastro-García, N.; Conde, M.Á.; Matellán, V.","2018","10.1145/3284179.3284235","Version Control Systems are commonly used by Information and Communication Technology professionals. These systems allow monitoring programmers activity working in a project. Thus, Version Control Systems are also used by educational institutions. The aim of this work is to demonstrate that the academic success of students may be predicted by monitoring their interaction with a Version Control System. In order to do so, we have built a Machine Learning model to predict student results in a specific practical assignment of the Ampliación de Sistemas Operativos subject, from the second course of the degree in Computer Science of the University of León, through their interaction with a Git repository. To build the model, several classifiers and predictors have been evaluated. In order to do so, we have developed Model Evaluator (MoEv), a tool to evaluate different Machine Learning models in order to get the most suitable for a specific problem. Prior to the model development, a feature selection of the input data is done. The resulting model has been trained using results from 2016-2017 course and later validated using results from 2017-2018 course. Results conclude that the model predict students' success with a success high percentage. © 2018 Copyright is held by the owner/author(s). Publication rights licensed to ACM."
"141","Aligning assessment results with learning outcomes","VOß, M.; Bozkurt, H.; Sauer, T.","2017","","Competence-based education concentrates on learning outcomes instead of meticulously prescribing what to learn. A major problem for many lecturers and programme directors today is the lack of practical methods when it comes up to practical implementation. The paper describes a structured method that helps educators to map which learning outcomes they already address in their teaching. The presented step-by-step procedure is based on the QFD approach. The article leads the reader through all areas of the correlation matrix and exemplifies the procedure by presenting its implementation in an Engineering Design course of a BEng programme in Mechanical Engineering."
"142","Development of and reflection on introducing a pass/fail course for first-year engineering students","Brown, N.; Tunnicliffe, M.","2021","10.52202/066488-0012","CONTEXT The first-year courses for all College of Sciences programmes at Massey University were redesigned and a new set of courses were introduced in 2020. One of the new first year courses was 247.114 Science and Sustainability for Engineering and Technology. In this project-based learning course, groups of students take a component of a consumer product and examine its lifecycle. They then propose ways for the component to be more sustainable. It was decided that this course would be a pass/fail course rather than a graded course. This new course replaced a graded project-based learning course, and it is the only pass/fail course in the Bachelor of Engineering with Honours and Bachelor of Food Technology with Honours programmes. PURPOSE OR GOAL This paper provides an overview of the drivers for introducing a pass/fail course; how it was developed and implemented; reflection after the first offering of the course; and discussion on proposed strategies to improve the next offering. APPROACH OR METHODOLOGY/METHODS During the delivery of the course and at the end of the semester staff reflected on the overall course and the approach used for the assessments. Areas for improvement for the next offering were identified and discussed. ACTUAL OR ANTICIPATED OUTCOMES Key lessons learnt during the implementation of this pass/fail course are discussed along with areas for improvement and the approach which will be taken for the next offering of the course. It was found that this style of course aligns with competency-based learning very well and this helps guide the future direction for the course. CONCLUSIONS/RECOMMENDATIONS/SUMMARY Pass/fail courses allow the focus to be on achieving a certain level of competency for each learning outcome rather than achieving 50% overall in a course. The assessments and marking rubrics need to be developed with this in mind and designed to minimise 'game playing'. This will be one of the key changes for the next offering. The style of assessments including quizzes, team gate meetings and individual written assignments suited the pass/fail approach very well. This course is moving towards a competency-based learning approach, however there are challenges which still need to be addressed. How to maintain motivation within the course when more effort is not rewarded by higher grades requires more consideration. Copyright © Nicola Brown and Mark Tunnicliffe, 2021."
"143","Subject-level quality assurance in computing: Experiences from three national perspectives","McDermott, R.; Daniels, M.; Lárusdóttir, M.","2015","10.1109/FIE.2014.7044182","This paper examines some aspects of the Quality Assurance processes in Computing departments in three European universities. We first examine the operation of a quality assurance activity in the School of Computer Science in Iceland. The next case is an example from Sweden and finally we present a case from the United Kingdom. In each case, we examine the motivation for the outcome-based assurance methodologies that predominate in countries that are engaged in the Bologna Process in terms of the use of competence-based assessment. We compare the application of these processes to departmental review, focusing on the aims and objectives, who controls the process, the areas covered, the methodology and the use to which the information is put. We discuss some of the implications for teaching when different quality assurance processes are used and finally, we make some observations about the relatively sparse literature on Computing Education subject-specific quality assurance. © 2014 IEEE."
"144","Workshop: Development of Competency-Based Curriculum","Soares, L.P.; Orfali, F.","2024","10.5281/zenodo.14062941","The development of a curriculum for an engineering program is always challenging as it needs to identify and address competencies that are indeed relevant for the future engineers. While engineering programs typically emphasize technical skills, competencies such as communication and teamwork are currently considered equally vital. It is important to ensure that all planned competencies are properly spread out over the student's years of education and given enough attention across different classes. The primary goal of this workshop is to tackle the challenge of balancing competencies across the various courses within an engineering program, ensuring that each course adequately covers its designated competencies. Additionally, we will explore how competencies can be effectively broken down to understand and evaluate skills, knowledge, and attitudes. We'll briefly discuss teaching methods and explore potential learning strategies with workshop participants. Furthermore, we'll address the process of writing learning objectives or outcomes for a course syllabus and close the loop by verifying whether the set of courses is indeed adhering to the program's proposal to proportionally empower students with a defined set of competencies. © 2024 University of Minho. All rights reserved."
"145","Designing a Cyber-Physical-Systems and Human Factors Engineering Course for Industry 4.0","Garay-Rondero, C.L.; Thierry-Aguilera, R.; Schneider, A.K.; Bourguet-Diaz, R.E.; Salinas, M.L.; Zavala, G.","2021","10.1109/IEEECONF53024.2021.9733753","This research presents a novel methodology and instructional, curricular design for the Cyber- Physical Systems and Human Factors Engineering course for an Industrial Engineering program in Higher Education. The research proposal offers a Competency-Based Education Model, Challenge-based Learning, and Experiential Learning design to create a curricular adaptation to prepare the future workforce for Industry 4.0, driven by digital technologies and strengthening the structure of Education 4.0 in pandemic times. The curricular design was explored and implemented in a national Industrial Engineering virtual course in five different facilities of a Higher Education Institution. Five professors participated in the exploratory study with 265 students in four country regions. The quantitative analysis provided positive findings regarding knowledge delivery and student competency development, confirming the good practices and standards in the proposed curricular design methodology. The final student evaluation results for the course have been favorable. They emphasized the importance of developing skills and knowledge about the enablers and components of Industry 4.0, such as Cyber-Physical-Systems and machine learning. Moreover, they remarked on the importance of human factors to develop a more sustainable society. The research contributes new ideas and perspectives for professors and instructional designers to shape the future of Higher Education. Furthermore, these new research paradigms for competencies in educational innovation shape the emerging virtual and hybrid educational practices in the COVID-19 pandemic and post-pandemic era.  © 2021 IEEE."
"146","Longitudinal Study on Higher Education Engineering Students: How Their Competency-Evaluations Evolve?","Valdes-Ramirez, D.; Samhir Grijalva Quiñonez, C.; Zavala, G.","2026","10.1109/RITA.2025.3644605","Previous studies on competency-based education (CBE) in Higher Education (HE) have primarily relied on small samples, short time frames, and self-perceived measures of competencies, leaving a gap in understanding how STEM students’ competencies evolve through direct evaluations. This study addresses the challenge of evaluating how students’ competencies evolve throughout CBE programs in HE. We conducted longitudinal analyses of competency evaluation data from a cohort of 4,044 STEM students enrolled in CBE programs. The study examines the evolution of students’ observed competency ratios across six academic periods and analyzes variations according to four between-subject variables: sex, preparatory school background, geographic region, and knowledge area. Competency data were collected through institutional evaluation processes and transformed for longitudinal analysis. Statistical procedures, including repeated measures ANOVA, post-hoc tests, and linear mixed-effect models, were applied to identify significant changes in competency ratios across time and between groups. Results revealed statistically significant improvements in the observed competency ratios throughout the six academic periods, indicating consistent growth in students’ demonstrated competencies. However, differences across some demographic and institutional factors highlight points where competency development progresses unevenly. These findings provide empirical evidence of how CBE models influence STEM students’ competency acquisition over time. They offer valuable insights for educators, curriculum designers, and policymakers seeking to strengthen CBE implementation. In particular, the study emphasizes the importance of continuous monitoring and targeted instructional support during specific academic stages to ensure that all students achieve the intended competencies by graduation. © 2013 IEEE."
"147","Curriculum Development Approach – the Case of Computing Education","Dushutina, E.V.","2021","10.1007/978-3-030-65857-1_15","Formation of a curriculum is a process, which requires considering a huge number of constraints, conditions, parameters, and therefore even partial automation and unification of this process can significantly facilitate the work of curriculum architects. Our studies are aimed at both complexity reduction of the curriculum formation in higher computing education and improving the quality of certain educational programs or curriculum. The formal problem statement is defined for two purposes: correction of an existing curriculum and the formation of a new one. The proposed algorithm for the problem solution is based on the competence weight matrix, obtained as a result of learning outcomes analysis. The analysis is implemented with mathematical statistics methods such as the Rasch measurement model, the Bloom’s taxonomy using a specifically developed framework. The proposed framework is applied for analysis and comparison of different learning strategies and learning progress. The case study uses a data set, which contains the data about studying more than 600 students over 5 years. The curriculum analysis and correction are shown for the system software subjects included in computer science bachelor degree programs. Also, some terminological aspects of the competence model and educational trajectories are discussed. We consider modern learning management system capabilities of providing necessary statistics, used as source data for the analysis outcomes. As a result of the research, we formulate a holistic competence-based approach to curriculum formation in computing education. This article may be useful for curriculum developers and university professors. © 2021, The Author(s), under exclusive license to Springer Nature Switzerland AG."
"148","Effectiveness of the rubric of competency-based assessment on the achievement of performance in the workbench practicum for students in engineering education","Wu, M.-C.; Nurhadi, D.","2017","","The adoption of an assessment method for instructors is ultimately decisive in measuring the success of teaching-learning processes of college students. An assessment process is said to be successful if it gives a clear understanding about the instructor's method in assessing his/her students. A rubric of competency-based assessment has been implemented for seven years to assess competence achievement of engineering education students on their performance in projects and assignments in the workbench practicum. Subsequently, to ensure the success of the assessment, the researchers used an evaluation model, the so-called CIPP (context, input, process and product), to discover the effectiveness of the rubric in engineering education. The data for this research were collected by surveying all college students having taken the workbench practicum and interviewing the course instructor. Furthermore, the explanation of evaluation components is explained in this article. © 2017 WIETE."
"149","A review of techniques in automatic programming assessment for practical skill test","Lajis, A.; Baharudin, S.A.; Kadir, D.A.; Ralim, N.M.; Nasir, H.M.; Aziz, N.A.","2018","","Computer programming ability is a challenging competency that requires several cognitive skills and extensive practice. The increased number of students enrolled in computer and engineering courses and also the increased of failure and drop rate in programming subject is the motivational factor to this research. Due to the importance of this skill, this paper intends to study the landscape of current scenario in assisted assessment for hands-on practical programming focusing on competency-based assessment. The Bloom Taxonomy is used as a competency-based assessment platform. The review showed to-date that there are several automatic assessments for programming skills. However, there is no common grading being applied. Thus, further research is required to propose an automatic assessment that grades the student achievement based on learning taxonomy such as Bloom Cognitive Competency model. © 2018 Universiti Teknikal Malaysia Melaka. All Rights Reserved."
"150","Construction of a syllabus adhering to the teaching of software testing using agile practices","Elgrably, I.S.; Ronaldo Bezerra Oliveira, S.","2020","10.1109/FIE44824.2020.9274266","This Research to Practice full paper presents an investigation into the construction of a software testing syllabus, using agile practices as support to make it adherent to teaching by academic skills. In most Brazilian universities, software testing is approached mainly as subtopics of the subjects of Software Engineering or Software Quality; this little contact with the topic can become a discouraging problem for higher education students seeking knowledge about this important area. For the development of the syllabus, we had as reference the competence and syllabus guidelines of the Ministry of Education of Brazil, which is the regulator of the syllabus guidelines for undergraduate and graduate courses in computing in Brazil. In conjunction with these guidelines, other assets in the area were aligned, such as the academic syllabus of the Brazilian Computer Society and the ACM / IEEE, in conjunction with the SWEBOK test-oriented knowledge areas, the Test Maturity Model Integration process areas and guided by agile practices, principles and techniques found in the literature. After this stage, the construction of teaching units for teaching of software testing was carried out. These teaching units were evaluated as part of the software testing teaching model by means a focus group, composed of three doctors who are also specialists in the teaching of software engineering, with experience in teaching and research. Thus, this work also provides a set of skills that we consider favorable to the teaching of software testing, considering several academic syllabuses analyzed. Academic program managers and teachers can use the knowledge generated in this article to facilitate the construction of syllabuses or subjects related to tests, learning objects and academic syllabus. Our findings can also be learning facilitators for competency-based teaching and learning experiences for testing professionals. © 2020 IEEE."
"151","A Pragmatic Framework for Assessing Learning Outcomes in Competency-Based Courses","Vargas, H.; Heradio, R.; Farias, G.; Lei, Z.; De La Torre, L.","2024","10.1109/TE.2023.3347273","Contribution: A competency assessment framework that enables learning analytics for course monitoring and continuous improvement. Our work fills the gap in systematic methods for competency assessment in higher education. Background: Many institutions are shifting toward competency-based education (CBE), thus encouraging their educators to start evaluating their students under this paradigm. Previous research shows that structured assessment models are fundamental in guiding educators toward this adoption. Intended Outcomes: An assessment model for CBE that is easy to adopt and use, while facilitating the application of learning analytics techniques. Application Design: The new framework considerably extends a prior model we proposed three years ago. Two engineering competency-based courses used the framework for assessment. Assessment rubrics were prepared and used for evaluating and collecting the students' data progressively, thus enabling the use of learning analytics for decision-making. Findings: Thanks to the model: 1) students received a detailed report of their achievements, including a thorough explanation and justification of the evaluation criteria and 2) instructors could improve the course and provide objective evidence of their actions to quality assurance agencies. As a result, the framework is presently being used in 15 courses taught at eight different university degrees at the Pontifical Catholic University of Valparaiso (PUCV).  © 1963-2012 IEEE."
"152","Equivalent Certificate Training Program for Gynecologic Robotic Surgery: A Multicenter Feasibility Study","Komatsu, H.; Sunada, M.; Baba, T.; Terai, Y.; Yokoyama, Y.; Mandai, M.; Kobayashi, H.","2026","10.1111/ases.70266","Objective: To evaluate the feasibility, safety, and short-term effectiveness of a society-led, proctor-guided Equivalent Certificate program designed to support the supervised initiation of robot-assisted gynecologic surgery in Japan. Methods: A multicenter pilot program was conducted across four academic institutions. Fourteen surgeons without prior da Vinci console experience were enrolled. The training pathway included: (1) manufacturer-provided e-learning, on-site system training, and written assessment; (2) institution-based, proctor-supervised training with mandatory simulator proficiency (≥ 80 points across 10 tasks) and at least five bedside assistant cases; (3) standardized proctor evaluation of technical readiness using a 5-point Likert scale; and (4) post-case assessment following each surgeon's first console case. Upon completion of all requirements, participants received an equivalency-based Certificate of da Vinci System Training issued by Intuitive Surgical. Results: Eleven surgeons completed the full program and performed at least one robotic procedure. No intraoperative complications or proctor takeovers occurred. Proctor evaluations demonstrated satisfactory performance across all assessed skill domains, with mean scores ranging from 3.09 to 4.55 out of 5. Instrument insertion and exchange received the highest ratings (mean 4.55), while third-arm control showed relatively lower scores (mean 3.09), consistent with known early learning challenges. The overall composite score was 3.79, indicating performance approaching a “well done” level under supervised conditions. Conclusion: This feasibility study suggests that a structured, society-led Equivalent Certificate program is a feasible and safe approach for the supervised introduction of robot-assisted gynecologic surgery. By integrating manufacturer-aligned education with institution-based proctor supervision and objective performance benchmarks, this framework may serve as a complementary training pathway as robotic surgery education continues to evolve in Japan. © 2026 Asia Endosurgery Task Force and Japan Society of Endoscopic Surgery and John Wiley & Sons Australia, Ltd."
"153","An Experience in Learning Outcomes Assessment in Software Engineering Using Belbin Roles, Lego Serious Play and Multimodal Learning Analytics","Cornide-Reyes, H.; Munoz, G.; Monsalves Cabello, D.A.; Riquelme, F.","2023","10.1109/CHILECON60335.2023.10418720","Nowadays, the vast majority of university careers declare a competency-based curriculum. However, having concrete evidence to measure learning outcomes can be a complex problem in engineering. Academics make great efforts to design active learning experiences to stimulate skills development. However, more evidence is required to describe methodologies integrated with technological tools to evaluate learning outcomes. In this paper, we propose using the Lego Serious Play (LSP) methodology and Multimodal Learning Analytics (MMLA) techniques to assess learning outcomes in the Software Engineering I course. The results obtained are quite promising since it was possible to identify difficulties in acquiring and applying knowledge.  © 2023 IEEE."
"154","Adversarial Thinking as a Professional Disposition for Computing Education","Servin, C.","2025","10.1145/3769694.3771130","Cybersecurity threats are growing in sophistication, exposing the limitations of preparing computing professionals through technical training alone. While adversarial thinking - anticipating malicious actions, challenging assumptions, and viewing systems from an attacker's perspective, is widely recognized as a core element of cybersecurity education, it is too often treated as a discrete technical skill. This narrow framing overlooks its potential as a professional disposition: an enduring, internalized mindset that shapes how individuals approach problems, assess risks, and make ethical decisions across computing domains. This paper reframes adversarial thinking as a disposition within a competency-based education framework, which integrates knowledge, skills, and dispositions to define the expectations for computing professionals. Drawing from the ACM/IEEE-CS/AAAI CS2023 Curricula guidelines and the NSA/DHS CAE-CD knowledge units, the authors analyze points of intersection that support embedding adversarial thinking into curriculum design. Our study focuses on a two-year college designated as a National Center of Academic Excellence, leveraging strong partnerships with industry and four-year institutions. Input from industry advisory board members is used to identify workforce-valued characteristics of an adversarial mindset, complementing ethical reasoning, critical analysis, and resilience. By articulating adversarial thinking as a cross-domain competency, we provide curricular strategies and assessment approaches - such as reflective portfolios and project-based learning - that enable students to demonstrate these dispositions in authentic contexts. This work contributes to the ongoing discourse on professional dispositions in computing education, offering a model for integrating adversarial thinking into IT and cybersecurity programs to strengthen workforce preparedness and adaptability in the face of evolving threats.  © 2025 Copyright held by the owner/author(s)."
"155","COMPARATIVE JUDGMENT: ASSESSING COMPETENCE DEVELOPMENT IN THE CONTEXT OF HUMANITARIAN ENGINEERING EDUCATION","Nizamis, N.; van Mensvoort, W.S.H.; Martinetti, A.","2024","10.5281/zenodo.14254734","Addressing current complex issues characterised by growing populations lacking access to fundamental resources, conflicts or climate change requires innovative socio-technological solutions. Thus, there is a need for a new generation of engineers equipped with competencies to work in challenging, volatile and complex societal contexts. While much work focuses on how can students develop such competencies, assessing the acquisition of these competencies in higher education is still challenging. To address this, new, objective methods beyond traditional testing focused on knowledge acquisition are required. In this research, we investigated whether comparative judgment has the potential to be a more consistent and fair method for summative competency-based assessment. Comparative judgment was used for the summative assessment of a competence self-reflection essay within the challenge-based learning master's course Introduction to Humanitarian Engineering at the University of Twente. Elevel assessors evaluated 18 essays, making a total of 245 comparisons, and shared their perceived experiences in an online survey. The findings suggest that while assessors generally view comparative judgment positively, it may be better suited for peer learning and formative assessment rather than for summative assessment in challenge-based learning settings. © 2024 SEFI 2024 - 52nd Annual Conference of the European Society for Engineering, Proceedings: Educating Responsible Engineers. All rights reserved."
"156","The next accreditation system in ophthalmology","Lee, A.G.; Arnold, A.C.","2015","10.1016/j.survophthal.2014.08.004","The accreditation of graduate medical education through the evaluation of residency programs and the teaching hospitals that offer them in the United States is the primary mission of the Accreditation Council for Graduate Medical Education (ACGME). In 1999, the ACGME formulated the six ACGME competencies and, ten years later, developed a multi-year plan to restructure the accreditation process in order to assess educational outcomes. The result of these evolving efforts has been termed the Next Accreditation System (NAS). The stated goals of the NAS are 1) to enhance the ability of the peer-review system to prepare physicians for practice in the 21st century; 2) to accelerate the ACGME's movement toward accreditation on the basis of educational outcomes; and 3) to reduce the burden associated with the current structure and process-based approach. The NAS is an interesting and novel approach to re-engineer the GME accreditation process to become more equitable, fair, and transparent and less costly and burdensome, and to improve resident education and ultimately patient care. The new process will rely upon measurable and meaningful outcomes rather than simply structure and process assessments. Instead of the episodic program biopsies with site visitor reports, detailed program information forms, and formal residency review committee evaluations that characterized the old accreditation system, the NAS will be based upon annual reports of specific quantitative, trended, performance benchmarks; the ACGME milestones; and an institutional clinical competency committee. In addition, a separate but related specialty-specific Clinical Environment Learning Review (CLER) will be a more detailed examination of the learning environment and infrastructure. The CLER, however, will not have a direct role in the accreditation decision-making process of the NAS. © 2015 Elsevier Inc."
"157","Models of Mastery Learning for Computing Education","Szabo, C.; Parker, M.C.; Friend, M.; Jeuring, J.; Kohn, T.; Malmi, L.; Sheard, J.","2025","10.1145/3641554.3701868","The application of mastery learning, where students progress through their learning in a self-paced manner until they have mastered specific concepts, is considered appealing for teaching introductory programming courses. Despite its growing popularity in computing and its extensive use in other disciplines, there is no overview of the design of courses that use mastery learning. In this position paper, we present an overview of five mastery learning models and discuss examples of how these can be applied in practice, both in foundational programming as well as more advanced courses. Our analysis focuses on the student progression through the course, the assessment structure, and the support for self-paced learning, including for struggling students. This work provides a greater understanding of mastery learning and its application in a computing education context. © 2025 Copyright held by the owner/author(s)."
"158","Developing students’ scientific competence through the STSE model: an active learning intervention","Nguyen, Q.L.; Cao, T.K.; Tran, Q.H.; Nguyen, T.N.","2025","10.1007/s44217-025-00766-2","In Vietnamese secondary education, traditional science teaching that focuses on theory over practical application presents a challenge to developing students’ scientific competence, a key priority of the national curriculum. Scientific competence is broadly defined as the ability to explain phenomena, conduct investigations, and apply knowledge in real-world situations. The science-technology-society-environment (STSE) model is an active learning framework designed to foster these abilities by connecting science to tangible societal and environmental issues. This study investigates the model’s effectiveness in teaching the ""electricity and life"" topic to 8th-grade students. Using a one-group pre-test/post-test design with 89 students at Chu Van An Secondary School, Thai Nguyen, we implemented a 6-week STSE-based intervention. Scientific competence, assessed through pre- and post-tests covering 12 behavioral indicators across three components, was analyzed using paired samples t-tests. Results demonstrated a significant overall improvement in students’ scientific competence following the STSE intervention (p < 0.05), with notable gains in indicators related to explaining phenomena, linking science to practice, and conducting investigations. The positive impact was consistent across both male and female students, with no significant gender differences observed (p > 0.05). This research provides empirical evidence supporting the STSE model’s efficacy in the Vietnamese context, offering valuable insights for educators and policymakers seeking to implement competency-based approaches aligned with the 2018 General Education Program. © The Author(s) 2025."
"159","Building entrepreneurial self-efficacy in engineering students: towards a new methodological framework","Ahmad, A.; Amry, D.; Chen, Z.; Hu, Y.","2026","10.1007/s41959-025-00156-7","Engineering education often prioritises technical skills over the development of creativity and entrepreneurial thinking. Measuring the efficacy of entrepreneurship education (EE) remains challenging, as traditional metrics—such as startups launched, or funding raised—are impractical for students to show achievement on during a course of study. Hence, we adopt the European Commission’s EntreComp framework to assess entrepreneurial self-efficacy (ESE) through competency-based outcomes. An 8-wave quasi-experimental study with 95 postgraduate students (10% engineering, 90% non-engineering) was performed during the 2023–24 academic year. Students completed an EntreComp-aligned entrepreneurial aptitude test (EAT) at induction and after each of seven experiential EE ‘touchpoints’. We tested five hypotheses focused on self-efficacy gains, cumulative effects, disciplinary and gender differences, and competency-level variation. To enhance methodological robustness, we triangulated survey data with tutor observations and critical reflections on student artefacts. Results showed a significant overall increase in ESE (ΔM = + 2.27, p <.001). Gains were cumulative, with distinct patterns by academic background and marginal gender effects. The strongest improvements were in ‘Valuing Ideas’, ‘Taking the Initiative’, and ‘Working with Others’. These findings demonstrate that scaffolded, experiential EE can effectively build entrepreneurial competencies, particularly cognitive and behavioural ones. The study offers engineering educators a robust method to evidence and enhance entrepreneurial impact in diverse student cohorts. © The Author(s) 2025."
"160","Evaluation of Training Program Based on Comptencecy of Building Mechanical Works Building using Kirkpatrick","Rizal, F.; Rahmad, R.; Jalinus, N.","2019","10.1088/1742-6596/1179/1/012108","Padang city field one of the cities that have experienced large-scale earthquake, causing buildings badly damaged. To overcome the damage, one of the efforts is done so that the building is resistant to earthquakes with a certain scale, it must be maintained the quality of the building and the quality of the workforce through a technical training according to the standards. The research aims to obtain data and information to provide an overview of the results of the evaluation of the implementation of competency-based training program building mechanical works by using the method of evaluation kirpatrik.Competency-based training methode on the mechanical work of building using weighting formula Kirkpatrick conducted on four levels, namely 1) level of participant satisfaction with the implementation of training, as measured by a questionnaire for participants; 2) participants' level of understanding of the training material, as measured by the pre-test and post-test questions for participants; 3) Changes in the work behavior of trainees after returning to work, as measured by questionnaires for supervisors and subordinates of participants; 4) The impact of changes in training participants' work behavior on the level of organizational productivity, as measured by a decrease in absenteeism and delays in training participants. The first three levels of data are processed with mathematical equations forweighting Kirkpatrick. The results show that the level of satisfaction of participants ranged from 79.2 to 84%. The initial test average value is close to 47.25%, while the final test average score is 58.50%. Of the 30 participants, 27 people had better work behavior according to their supervisors' ratings, and all were good according to their subordinates. The level of absence and delay was relatively small before training, namely 1.2% delay and 97.4% attendance, while after training no one was late or not present. © 2019 IOP Publishing Ltd. All rights reserved."
"161","Training practices of cell processing laboratory staff: Analysis of a survey by the Alliance for Harmonization of Cellular Therapy Accreditation","Keever-Taylor, C.A.; Slaper-Cortenbach, I.; Celluzzi, C.; Loper, K.; Aljurf, M.; Schwartz, J.; Mcgrath, E.; Eldridge, P.","2015","10.1016/j.jcyt.2015.08.006","Background aims: Methods for processing products used for hematopoietic progenitor cell (HPC) transplantation must ensure their safety and efficacy. Personnel training and ongoing competency assessment is critical to this goal. Here we present results from a global survey of methods used by a diverse array of cell processing facilities for the initial training and ongoing competency assessment of key personnel. Methods: The Alliance for Harmonisation of Cellular Therapy Accreditation (AHCTA) created a survey to identify facility type, location, activity, personnel, and methods used for training and competency. A survey link was disseminated through organizations represented in AHCTA to processing facilities worldwide. Responses were tabulated and analyzed as a percentage of total responses and as a percentage of response by region group. Results: Most facilities were based at academic medical centers or hospitals. Facilities with a broad range of activity, product sources and processing procedures were represented. Facilities reported using a combination of training and competency methods. However, some methods predominated. Cellular sources for training differed for training versus competency and also differed based on frequency of procedures performed. Most facilities had responsibilities for procedures in addition to processing for which training and competency methods differed. Although regional variation was observed, training and competency requirements were generally consistent. Conclusions: Survey data showed the use of a variety of training and competency methods but some methods predominated, suggesting their utility. These results could help new and established facilities in making decisions for their own training and competency programs. © 2015 International Society for Cellular Therapy."
"162","Identification of Core Competencies for Bachelor of Science Degree in Aeronautical Engineering Technology","Yother, T.L.; Dubikovsky, S.; Ropp, T.; Thom, J.M.; Wang, P.H.; Hagovsky, T.C.; Davis, J.M.; Barnes, D.","2022","","The Bachelor of Science in Aeronautical Engineering Technology (AET) program at Purdue University is an ABET-ETAC accredited, prac-titioner-based education system. AET holds at its core a principle that technical competency empowers people, enables diverse opportunities, and promotes the ability for graduates to lead across a wide variety of jobs in aviation, aerospace, and space industries. To accomplish AET’s mission, graduates are prepared to stand at the intersection of engineering science, business, and technology. In this context, various competencies arise when the subject matter excellence needs of the AET program are overlaid with the literature regarding the “soft skills” needed for interpersonal communications, personal maturity, growth, and improved safety for the success of the industry. The purpose of this paper is to examine, evaluate, and identify competencies using a modified Delphi method for competency-based education for AET graduates. A complete dissection and reconstruction of the AET curriculum, including individual course content was done in the summer of 2018. This total reevaluation allowed for a close examination of the course and curriculum goals for the entire program. This provided for a realignment of the program with external stakeholders, the Federal Aviation Administration, the industries served by the AET program, and the ABET, Inc. accreditation organization. The AET faculty used a modified Delphi method to identify six preliminary competencies: leadership, subject matter excellence, communications (verbal and written), teamwork, ethics, and individual resilience. © 2022, American Society for Engineering Education. All rights reserved."
"163","Training pathways and formal curricula in robotic bariatric surgery: a systematic review","Brucchi, F.; Zhang, D.; Bertoli, S.; Colosimo, S.; Dionigi, G.","2026","10.1007/s11701-026-03247-2","The adoption of robotic platforms in bariatric and metabolic surgery has increased steadily, raising important questions regarding how surgeons are trained to safely acquire robotic skills. While structured and competency-based training models are increasingly adopted in other fields of robotic surgery, training approaches in robotic bariatric surgery remain less standardized. A systematic review was conducted in accordance with PRISMA 2020 guidelines to identify studies describing structured training pathways or formal curricula for robotic bariatric surgery. PubMed, Embase, Scopus, and Cochrane Library, were searched from inception without date restrictions. Eligible studies explicitly reported training programs, curricula, or educational pathways for robotic bariatric procedures. Learning curve analyses without a defined curriculum were excluded. Data were synthesized using a structured narrative approach. Five studies met the inclusion criteria. Training models included stepwise intraoperative curricula, simulation-based and proficiency-driven programs, and modular educational interventions. Common components across curricula were simulation training, task decomposition, supervised progression, and defined competency benchmarks. Assessment strategies were heterogeneous and ranged from simulation-based proficiency thresholds to operative participation metrics and subjective workload measures. No study reported standardized certification or long-term competency outcomes. Structured training pathways for robotic bariatric surgery have been described and incorporate elements aimed at supporting safe skill acquisition. However, existing curricula remain heterogeneous and lack standardized assessment frameworks. Future efforts should focus on developing competency-driven and proficiency-based progression training models to support reproducible and safe adoption of robotic bariatric surgery. © The Author(s) 2026."
"164","Reinventing Evaluations with Competency Based Assessments: A Practical Experiment with Future Computer Science Engineers","Combefis, S.; De Moffarts, G.","2020","10.1109/FIE44824.2020.9274207","This innovative practice work-in-progress paper presents a pedagogical device, supported by a tool, moving evaluations at the heart of the learning process. The device gives back to students the control over their own learning and provides them with real-time feedback about their progress. Instructors can also monitor the progress of their classrooms.Designing a proper evaluation is not an easy task for instructors. It must make sense to students and should be adapted to the way they learn. Students are often quite afraid, stressed and not motivated by evaluations whose main perceived role is to achieve a decent grade to succeed the course. The method presented in this paper follows a competency based assessment approach. Each course's objectives are described with a list of competencies to get. Students have to prove they master them by passing evaluations ranging from simple quizzes to projects, including missions, codings and oral interviews. Students can choose the assessments to work on, that best suit their own way of learning. They can present them at their own pace.The proposed pedagogical device and associated developed tool are being tested for the first time during this 2019-2020 academic year. It has been proposed to second-year bachelor to master computer science engineering students, on classrooms with between 17 and 34 people. First feedback collected from students is globally positive and engaging, and the system will undergo a more formal and thorough evaluation. © 2020 IEEE."
"165","An Analysis and Application of Competency-Based Education Techniques for Collegiate Engineering Lab Courses","Buccafusca, L.","2025","10.1109/EDUCON62633.2025.11016550","With the rise of individualized learning, newer and more personalized mechanisms have risen to allow students to master material and complete learning objectives. Arguably one of the most important, yet oft overlooked is that of competency-based education (CBE). Implementation of CBE changes the mechanism under which students are deemed to have completed a lab assignment or task. Traditionally this involves changing the submission from a lab report or data table into a conversation with a faculty member or teaching assistant and answering follow-up questions. Structuring these questions as a way for students to think critically and apply the learned knowledge from the lab into a new situation allows for the information to be retained for longer, and expose students to new ways of applying the content. This work aims to discuss how to use CBE in conjunction with traditional learning mechanisms to maximize student engagement with material, and increase retention of key content. When properly aligned with student learning outcomes, CBE offers an alternative to repetitive lab tasks and can improve student performance. © 2025 IEEE."
"166","COMPARATIVE ANALYSIS FOR STATE-OF-THE-ART SIMULATION TRAINING SYSTEMS THOSE INFLUENCE ONTO THE FUTURE ENGINEERS’ KNOWLEDGE AND SKILLS","Bohdan, Y.; Bohomolova, I.; Satulov, A.; Voloshynov, S.; Savchuk, V.","2021","","Within the rapid changes of technologies and shipping digitalization, the requirements for specialists’ proficiency have been constantly increasing which, in turn, demands for changes in the maritime education and training (MET). Having been discussed in great detail, this issue was examined in the context of utilizing virtual reality, augmented reality, mixed reality and e-learning applications specifically for MET [1-3]. However, this paper answers the question of possibility of Kherson State Maritime Academy (KSMA) marine engineer cadets’ knowledge and skills formation being influenced by non-immersive 3D virtual reality (VR), immersive virtual reality (IVR) using a head-mounted display (HMD) simulation training system. The role of VR simulation technologies from the point of competency-based learning and the voluntary experiments results of different methods of using simulation technologies for marine engineers’ training are defined in this paper. Based on the example of “Virtual-real vessel” simulation complex at KSMA, the profit of implementing VR technologies has been shown i.e. a connection between educational process and practice, educational process changes according to the specific professional tasks, and an establishment of more proficient degree of practical skills within no life and health threating. The paper compares the results of several cadets’ subgroups studying under the “Ship Technical Systems and Complexes Operation” bachelors’ program. The machinery operation task of preparing to start and starting an emergency generator has been carried out utilizing the Wartsila Engine Room Simulator “ERS 5000 TechSim”, HTC head-mounted display and a real diesel generator in the different combinations of simulation equipment and cadets’ experience. The results of the experiment are certainly to be evaluated as an empirical evidence of the simulators training system usage effectiveness and conclusively to have been validated on real diesel generator. © 2021 21st Annual General Assembly, IAMU AGA 2021 - Proceedings of the International Association of Maritime Universities ,IAMU Conference. All rights reserved."
"167","Teaching hands-on informatics skills to future health informaticians: A competency framework proposal and analysis of health care informatics curricula","Hasan Sapci, A.; Aylin Sapci, H.","2020","10.2196/15748","Background: Existing health informatics curriculum requirements mostly use a competency-based approach rather than a skill-based one. Objective: The main objective of this study was to assess the current skills training requirements in graduate health informatics curricula to evaluate graduate students' confidence in specific health informatics skills. Methods: A quantitative cross-sectional observational study was developed to evaluate published health informatics curriculum requirements and to determine the comprehensive health informatics skill sets required in a research university in New York, United States. In addition, a questionnaire to assess students' confidence about specific health informatics skills was developed and sent to all enrolled and graduated Master of Science students in a health informatics program. Results: The evaluation was performed in a graduate health informatics program, and analysis of the students' self-assessments questionnaire showed that 79.4% (81/102) of participants were not confident (not at all confident or slightly confident) about developing an artificial intelligence app, 58.8% (60/102) were not confident about designing and developing databases, and 54.9% (56/102) were not confident about evaluating privacy and security infrastructure. Less than one-third of students (24/105, 23.5%) were confident (extremely confident and very confident) that they could evaluate the use of data capture technologies and develop mobile health informatics apps (10/102, 9.8%). Conclusions: Health informatics programs should consider specialized tracks that include specific skills to meet the complex health care delivery and market demand, and specific training components should be defined for different specialties. There is a need to determine new competencies and skill sets that promote inductive and deductive reasoning from diverse and various data platforms and to develop a comprehensive curriculum framework for health informatics skills training. © A Hasan Sapci, H Aylin Sapci. Originally published in JMIR Medical Informatics (http://medinform.jmir.org), 21.01.2020. This is an open-access article distributed under the terms of the Creative Commons Attribution License (https://creativecommons.org/licenses/by/4.0/), which permits unrestricted use, distribution, and reproduction in any medium, provided the original work, first published in JMIR Medical Informatics, is properly cited. The complete bibliographic information, a link to the original publication on http://medinform.jmir.org/, as well as this copyright and license information must be included."
"168","Assessment Mapping Strategies for Competency-Based Computing Education","Wong, N.H.L.","2024","10.1109/TENCON61640.2024.10902854","There is an increasing trend in higher education on the emphasis on competency-based education (CBE). It is recognized that CBE can be highly effective in training industry-ready graduates. An important component of devel-oping CBE courses is the design and planning of appropriate competency-based assessments. While assessment methods have been well-studied in general, the practical aspects of planning how assessments map to competencies in a course and how to feasibly implement an assessment plan in real-time has been less studied. In this paper, we look at practical strategies to map and implement competency-based assessments in computing education by presenting examples applied to courses with topical or topic-agnostic competencies.  © 2024 IEEE."
"169","Professional Competencies in Computing Education: Pedagogies and Assessment","Raj, R.; Sabin, M.; Impagliazzo, J.; Bowers, D.; Daniels, M.; Hermans, F.; Kiesler, N.; Kumar, A.N.; MacKellar, B.; McCauley, R.; Nabi, S.W.; Oudshoorn, M.","2021","10.1145/3502870.3506570","Competency-based learning has been a successful pedagogical approach for centuries, but only recently has it gained traction within computing. Competencies, as defined in Computing Curricula 2020, comprise knowledge, skills, and professional dispositions. Building on recent developments in competency and computing education, this working group examined relevant pedagogical theories, investigates various skill frameworks, reviewed competencies and standard practices in other professional disciplines such as medicine and law. It also investigated the integrative nature of content knowledge, skills, and professional dispositions in defining professional competencies in computing education. In addition, the group explored appropriate pedagogies and competency assessment approaches. It also developed guidelines for evaluating student achievement against relevant professional competency frameworks and explores partnering with employers to offer students genuine professional experience. Finally, possible challenges and opportunities in moving from traditional knowledge-based to competency-based education were also examined. This report makes recommendations to inspire educators of future computing professionals and smooth students' transition from academia to employment.  © 2021 ACM."
"170","The problem resident behavior guide: strategies for remediation","Williamson, K.; Quattromani, E.; Aldeen, A.","2016","10.1007/s11739-015-1367-5","In 2012, the ACGME supplemented the core competencies with outcomes-based milestones for resident performance within the six competency domains. These milestones address the knowledge, skills, abilities, attitudes, and experiences that a resident is expected to progress through during the course of training. Even prior to the initiation of the milestones, there was a paucity of EM literature addressing the remediation of problem resident behaviors and there remain few readily accessible tools to aid in the implementation of a remediation plan. The goal of the “Problem Resident Behavior Guide” is to provide specific strategies for resident remediation based on deficiencies identified within the framework of the EM milestones. The “Problem Resident Behavior Guide” is a written instructional manual that provides concrete examples of remediation strategies to address specific milestone deficiencies. The more than 200 strategies stem from the experiences of the authors who have professional experience at three different academic hospitals and emergency medicine residency programs, supplemented by recommendations from educational leaders as well as utilization of valuable education adjuncts, such as focused simulation exercises, lecture preparation, and themed ED shifts. Most recommendations require active participation by the resident with guidance by faculty to achieve the remediation expectations. The ACGME outcomes-based milestones aid in the identification of deficiencies with regards to resident performance without providing recommendations on remediation. The Problem Resident Behavior Guide can therefore have a significant impact by filling in this gap. © 2015, SIMI."
"171","Factors and didactic characteristics that determine the information and educational environment of the university","Brovka, N.; Medvedev, D.","2020","","The development of Informatization and the need to ensure the quality of education determine the relevance of research on the information and educational environment of the University. A departure from formalism in understanding the goals and objectives of education is possible only based on a combination of a set of paradigms. The environmental approach, combined with the system approach, is aimed at organizing such connections and relationships in the educational system that will contribute to improving the efficiency of its functioning. Activity-based, personality-oriented and competence-based approaches are the basis for the modernization of the educational environment in which the updating of the content, forms, and methods of communication and training is focused on the developing nature of modern higher education under the axiological approach. The information and educational environment for University students is a teleonomic open pedagogical system. The didactic characteristics of this environment, which are caused by the need to correlate external and internal assessments of the quality of education, include Informatization, intersubject, connectivity, heterogeneity, flexibility and manageability, and productivity of interaction between the components of the environment. The methodological system of training as the core of the information and educational environment, functions, is adjusted and developed under the macro- and micro-goals of training specialists in higher education. Under the methodological system of training students of engineering specialties in the subject of information educational environment of the University is understood as a set of components, leading of which are the subjects of teaching and learning, whose interaction is determined by the order covers didactic principles, contents, forms, methods of teaching, training and methodological support of educational process and enhances the effectiveness of training in the University. These didactic characteristics of the information and educational environment determine the emergence and expediency of the methodological system of teaching mechanics students. Copyright © 2020 for this paper by its authors."
"172","MyCompetencies: Competency tracking mobile application for is students","Gottipati, S.; Shankararaman, V.","2016","10.1109/EDUCON.2016.7474562","The overall aim of learning outcomes and competency based education is to improve the efficiency and effectiveness of higher education. It's important to track regularly student's competency acquisition so that the faculty can improve the teaching delivery and adapt the content accordingly. Student based self-assessment of competency tracking on a weekly basis aids faculty to intervene in course delivery process for effective teaching and learning experience. It also helps students to have a better understanding of their competency levels and accordingly prepare for weekly sessions. To enable students to self-assess the competencies in more structured format, there is a need for a systematic tracking tool. Additionally, it is also important for this tool to leverage on the latest technology for enhancing user friendliness and provide pervasive access through mobile technology. In this paper, we present a mobile web application, MyCompetencies, which enables faculty and students to track competencies on a weekly basis. We evaluated the tool in an undergraduate course over one semester comprising 110 students. We experiments showed that the tool helped the faculty to intervene and adapt the content to the students' learning pace. © 2016 IEEE."
"173","Project based curriculumfor millennial learners @ florida polytechnic university","Srinivasan, S.S.","2018","","On the project based learning, the author of this abstract (instructor of the course) adopted “Bridge Design Competitions” based on his Statics “Engineering 3311” course. Students in a team of four or five are provided with accessories such as popsicle sticks and wood glue etc. to build their unique bridge design based on the concepts they learned in the classroom, these are namely, distribution of forces, moment couple, support reactions, trusses, zero force members etc.This project based teaching and learning approach was alos deployed in our recently funded ""Renewable Energy and Sustainability Systems Course (EEL 3287)"" which shed some success in terms of students' learning outcome and competencies based assessments. © 2018, Rajarambapu Institute Of Technology. All rights reserved."
"174","Adapt or perish: A new approach for industry needs-driven Master's level low-carbon energy engineering education in the UK","Rowley, P.; Walker, C.","2020","10.3390/en13092246","This paper describes the results of recent research carried out with the UK energy sector to assess low-carbon related skills gaps and training requirements at the masters-level. Via iterative engagement across the industry, the characteristics of the market for new 'needs-driven' industry-focussed masters-level training offerings were defined. The results, taken together with the outcomes of a gap analysis of existing masters-level training, support the creation of a new framework for masters-level energy education that will more effectively meet the growing unmet need for such skills in the UK and beyond. The outcomes of the research indicate that flexibility in both delivery mode and curriculum content across both technical and non-technical disciplines is essential, along with improved supplier agility to rapidly develop new courses in evolving engineering specialisations. Without responding effectively to such demands from industry, we conclude that the advanced skills needed across the highly dynamic UK and global energy engineering sector will be in increasingly short supply. © 2020 by the authors."
"175","Semestre i as an active methodology to modify the teaching-learning process in engineering","Regis-Hernandez, F.; Martinez-Medina, G.; Borjas-Vazquez, H.C.; Olais-Govea, J.M.","2020","10.1109/EDUCON45650.2020.9125372","This article aims to show the design and implementation of a curricular innovation within an academic program of industrial engineering. The innovation relies on actively introducing a training partner, from the productive sector, in the classic teaching-learning process. While the training partner proposes a real problem of your company, a teaching support teamreorganizes the curriculum to replace a full semester of courses with a project that incorporates that problem. Thus, an educational experience is designed where the teaching, learning, and consulting processes merge through a real-world problem. The generated learning environment gives rise to a new paradigm on the ways of building and applying, in real-time, knowledge, disciplinary competencies, and attitudes naturally linked to a workplace. The teaching-learning-consultingtriad, the product of curricular innovation, is the cornerstone of the proposed learning environment, decentralizing the teacher and the school from the classic teaching-learning process. The implementation of this methodology, called Semestre i, significantly improves disciplinary and transversal competences in engineering students, by following the developed evaluation model. © 2020 IEEE."
"176","Peer and Near-Peer Teaching Models in Surgical Education: A Systematic Review","Chai, B.S.; Mah, A.E.; Hossenzadeh, A.; Tang, D.T.","2026","10.1016/j.jsurg.2026.103886","Objectives: To identify what types of models exist for peer teaching in surgery to acquire surgical skills, to summarize the impact of peer teaching models and to discuss their potential implications on competency-based medical education. Design: In this systematic review, MEDLINE, EMBASE, and Web of Science were searched from inception to May 14, 2025. Randomized controlled trials (RCTs), cohort, cross-sectional, and quasi-experimental designs evaluating peer or near-peer teaching for surgical skill acquisition were included. Risk of bias was assessed using Cochrane RoB 2.0, ROBINS-I, and JBI checklists. Setting: Studies were conducted in undergraduate and postgraduate surgical training programs across academic institutions internationally. Participants: Twenty-one studies (12 RCTs, 1 cross-sectional, 1 prospective cohort, 6 pre-post) were included. Participants included medical students and residents serving as learners or peer-teachers. Results: Peer and near-peer instruction improved learner confidence and technical proficiency, with performance outcomes often similar to those observed in faculty-led instruction for basic surgical skills. Workshop (n = 8), classroom (n = 8), and simulation (n = 4) models most commonly targeted suturing, knot-tying, and laparoscopic skills. Effectiveness was greatest when peer-teacher experience matched skill complexity. Resident-led models effectively taught advanced laparoscopic and robotic techniques, whereas medical student tutors were most effective for foundational tasks. Most studies (81%) demonstrated moderate risk of bias, with only 2 assessing teacher outcomes. Conclusion: Peer and near-peer teaching provide an effective approach for surgical skill development, supporting competency-based medical education. Structured alignment of skill complexity with peer-teacher expertise may achieve competency outcomes comparable to faculty instruction while also enhancing learner confidence, teaching competence, and scalability in surgical education. © 2026 The Author(s)"
"177","Precision Learning Through Data Intelligence","Watz, E.; Neubauer, P.; Shires, R.; May, J.","2023","10.1007/978-3-031-34735-1_13","Simulations and learning environments often generate massive amounts of human performance data, which can be a challenge to manage and interpret in a meaningful manner. Lacking a context that provides meaning to data, it exists as information stored on computers, data centers, and cloud infrastructure. With the ever-increasing need to understand and act on learner performance data, there is a growing interest in tools and techniques that can help organizations transform performance data into actionable insights. The assessment of human performance is critical to providing efficient and effective training. Modern training environments, especially live and virtual distributed environments, are rich with data representing multiple modalities and formats. One foundational challenge involves storing this wealth of data in a common format with metadata to support queries and analyses such as predictive models and proficiency tracking necessary to support managed learning over time. This paper presents use cases behind a scalable data lake architecture and considerations for a common human performance assessment data storage method. In addition, lessons learned in storing, managing, and cleaning longitudinal data are presented. These methods provide insights into a data-centric solution that offers scalability, flexibility, maintainability, and usability. Within a precision learning ecosystem, interoperability between applications can be achieved through proper application of software design methods and architectures, as well as information exchange based on established standards for data exchange. To effectively realize a precision approach to learning and training competency-based assessments, organizations need to be able to collect, integrate, and share performance data in a way that is both efficient and effective. This includes the use of enterprise-level tools and systems that can handle the scale and complexity of the data while also providing the necessary analytics and reporting capabilities. These solutions must be able to convert and present performance data in ways that are meaningful and actionable, such as by visualizing data in charts and graphs, or using advanced analytics techniques to uncover deeper insights into learner performance. This paper explores software architectures that enable rich data exchange and interoperability in a learning and training ecosystem and paper includes lessons learned from integrating modeling and simulation applications with cloud-native, big data handling tools. Precision learning and training systems that fuse multiple data sources to predict current proficiency and future training needs are essential to managing localized and longitudinal learning goals for individuals, teams, and teams of team. This is the foundation for adaptive proficiency-based training that improves training efficiency and effectiveness. One approach to leveraging performance data to inform proficiency-based training is through the use of competency-based assessments. The process of defining competencies is known as knowledge engineering and involves defining the specific skills and knowledge required for a particular role or task, then measuring an individual's performance against these defined competencies. By capturing and analyzing data on competency-based performance, organizations gain valuable insights into the strengths and weaknesses of their workforce, which can be used to inform training and development initiatives. This paper addresses the needs and data tagging requirements that enable robust capture and processing of learner performance. These metadata are shown as key enablers to unlocking actionable insights from information that began as purely data. © 2023, The Author(s), under exclusive license to Springer Nature Switzerland AG."
"178","Introduction to Programming with Micro:Bit by Solving Real-Life Problems: Evaluation of Learners' Self-Efficacy","Katanosaka, T.; Ferdous Khan, M.F.; Sakamura, K.","2025","10.1109/ICCT-Pacific63901.2025.11012809","The significance of learning computational thinking has been increasingly recognized, especially with the rapid developments in AI and IoT. Children, in particular, are entering a world where these technologies are widely used in daily life. This backdrop underscores the need for educational materials that allow children to easily learn programming using relatable themes so that they can make best use of these technologies. In this study, we developed educational materials using micro:bit and a temperature/humidity sensor to create a heat index measurement program for heatstroke prevention. This process allows learners to address a significant real-life issue in Japan-heatstroke. A preliminary evaluation was conducted with 57 participants. The results indicated that engaging with programming through the lens of real-life problems can enhance learners' self-efficacy.  © 2025 IEEE."
"179","Training and assessment for colorectal surgery and appendicectomy– a systematic review","Hertz, P.; Rattenborg, S.; Haug, T.R.; Houlind, K.; Konge, L.; Bjerrum, F.","2024","10.1111/codi.16905","Aim: There is currently an increased focus on competency-based training, in which training and assessment play a crucial role. The aim of this systematic review is to create an overview of hands-on training methods and assessment tools for appendicectomy and colon and rectal surgery procedures using either an open, laparoscopic or robot-assisted approach. Method: A systematic review of Medline, Embase, Cochrane and Scopus databases was conducted following the PRISMA guidelines. We conducted the last search on 9 March 2023. All published papers describing hands-on training, evaluation of performance data and development of assessment tools were eligible. The quality of studies and the validity evidence of assessment tools are reported. Results: Fifty-one studies were identified. Laparoscopic assessment tools are abundant, but the literature still lacks good-quality assessment tools for open appendicectomy, robotic colectomy and open rectal surgery. Overall, there is a lack of discussion regarding the establishment of pass/fail standards and the consequences of assessment. Virtual reality simulation is used more for appendicectomy than colorectal procedures. Only a few of the studies investigating training were of acceptable quality. There is a need for high-quality studies in open and robotic-assisted colon surgery and all approaches to rectal surgery. Conclusion: This review provides an overview of current training methods and assessment tools and identifies where more research is needed based on the quality of the studies and the current validity evidence. © 2024 The Authors. Colorectal Disease published by John Wiley & Sons Ltd on behalf of Association of Coloproctology of Great Britain and Ireland."
"180","Modified team-based and blended learning perception: a cohort study among medical students at King Saud University","Albarrak, A.I.; Zakaria, N.; Almulhem, J.; Khan, S.A.; Karim, N.A.","2021","10.1186/s12909-021-02639-2","Background & Objective: Medical schools have evolved toward competency-based education and active learner-centered strategies. Medical informatics course was introduced in 2011 in the 3rd year at the College of Medicine (CoM), King Saud University (KSU), to enhance future medical graduates with technological and information competencies. Modified team-based learning and blended learning were emphasized using face-to-face lectures, various e-learning technologies, workshop and seminars. The current study’s main objective was to assess students’ perceptions towards blended and modified team-based learning at the CoM in KSU. Methods: A survey was distributed to medical students in three consecutive years: 2017–2019. The survey contains items regarding student perception of various types of blended learning techniques applied in the course. The survey was administered using i-Clicker; an interactive device that enables students to answer survey questions. Descriptive statistics were used to examine the perception of students on these blended learning dimensions investigated. Results: Seven-hundred and one student responded to the questionnaire (male; 69.5%, female 30.5%). Out of which, 59.1% of students found team interactions positively supported discussions and asked questions freely, and 48.1% expressed that working in groups facilitated their learning process. However, 56.0% of students chose face-to-face lectures as the most preferred class activities followed by discussion 23.8%. More than 78% of participants agree that online quizzes are good experience and enjoyable. Grade center where students can check for marks and attendance also received high perception (66.3%). Conclusion: Introducing modified team-based and blended-learning are considered challenging, and therefore, investigating their perceptions can provide useful insights into how these methods could be used more effectively. The blended-learning technique is highly essential in teaching medical informatics to overcome challenges faced due to a large number of students and the need for various exposures to reach the course’s learning goals. Moreover, it is noticed that students were engaged in face-to-face and online activities, furthermore, modified team-based learning reported facilitating learning and asking questions without embarrassment. © 2021, The Author(s)."
"181","The Evolution of Colorectal Surgery Training","Dharmadhikari, S.; Galandiuk, S.; Simon, H.","2025","10.1055/s-0045-1813660","From its origins in the late 1800s, colon and rectal surgery has evolved from itinerant practitioners to a highly specialized surgical discipline. We highlight the historical development and the current state of the colorectal surgery training programs. The American Proctologic Society (APS) was founded by Joseph M. Mathews in 1899 that catalyzed the formation of early training programs in University of Minnesota (1916) and Mayo Clinic (1919). The American Board of Colon and Rectal Surgery (ABCRS) was recognized as the eighteenth medical specialty board in 1949. Formal accreditation of the programs began in 1975, with the Accreditation Council of Graduate Medical Education (ACGME) gradually implementing standardized curricula and competency-based training milestones. The National Residency Match Program (NRMP) and Electronic Residency Application Service (ERAS) adopted in 1984 and 2003, respectively, further streamlined the application process. Training innovations like the laparoscopic education committees (1997) and robotic surgery programs (2010) bear testament to the dedication of the program directors to continually advance this field. With a structured curriculum, rigorous examinations, and a plethora of study resources, this specialty has evolved from informal apprenticeships to competency-based residency programs. Current challenges include grade inflation in evaluation, a 67% match rate (2024) despite program expansion, adapting to evolving trends in medical and surgical care, and mastering new surgical techniques in a limited amount of time. The collaboration between governing bodies ensures high-quality training standards for the colon and rectal surgeons of the future. © 2025. Thieme. All rights reserved."
"182","Sustainable language learning and ePortfolio application","Polyakova, O.","2024","10.1515/cercles-2023-0022","Adapting engineering education to a sustainable ESP (English for Special Purposes) training and competence-based education requires dedicated effort. Although active learning methodologies are commonly utilised in Higher Education institutions, there remains a need for enhanced curricular coordination and coherence. To address this, we are investigating the latest syllabus updates by introducing and verifying a valuable and student-friendly tool - an electronic portfolio in English. We view the ePortfolio as a comprehensive platform to facilitate students' academic and professional growth, as well as their development of competences. This quasi-experimental study utilised a pre-/post-training trial design and nonrandomised control group to investigate the implementation of ePortfolios. During the diagnostic assessment, the first questionnaire allowed students to express their ideas regarding their competences, portfolio understanding, ESP and professional growth. The second was used to determine the undergraduates' learning outcomes and perceptions after three months of training. There was a significant increase in learners' support of several types of transversal competences, whereas some other competences appeared to be declining. This indicates that the ePortfolio tool stimulated a fresh process of self-reflection among the students. Our research focuses on examining the creation of the ePortfolio in the context of an ESP course to integrate technical students' reflections on capacity building and advanced professional development in English. © 2024 De Gruyter Mouton. All rights reserved."
"183","Towards an Automatic Approach for Assessing Program Competencies","Chang, X.; Wang, B.; Hui, B.","2022","10.1145/3506860.3506875","Skills analysis is an interdisciplinary area that studies labor market trends and provides recommendations for developing educational standards and re-skilling efforts. We leverage techniques in this area to develop a scalable approach that identifies and evaluates educational competencies. In this work, we developed a skills extraction algorithm that uses natural language processing and machine learning techniques. We evaluated our algorithm on a labeled dataset and found its performance to be competitive with state-of-the-art methods. Using this algorithm, we analyzed student skills, university course syllabi, and online job postings. Our cross-sector analysis provides an initial landscape of skill needs for specific job titles. Additionally, we conducted a within-sector analysis based on programming jobs, computer science curriculum, and undergraduate students. Our findings suggest that students have a variety of hard skills and soft skills, but they are not necessarily the ones that employers want. The data also suggests these courses teach skills that are somewhat different from industry needs, and there is a lack of emphasis on soft skills. These results provide an initial assessment of the program competencies for a computer science program. Future work includes more data gathering, improving the algorithm, and applying our method to assess additional educational programs.  © 2022 ACM."
"184","Lean Six Sigma competency frameworks: evaluating the competencies required for the Lean Six Sigma Black Belt","Salentijn, W.; Lameijer, B.; Antony, J.","2026","10.1108/TQM-10-2025-0573","Purpose – This study aims to describe, synthesize and integrate current Lean Six Sigma competence frameworks to provide a structured metamodel that improves comparability, credibility and application among certification programs. This research rigorously analyzes existing frameworks and aligns them with contemporary competency classification systems to support standardization and adaptation to current industry requirements in the absence of a globally agreed standard. Design/methodology/approach – A strategic literature review identified 27 pertinent competency models, succeeded by a three-round Delphi study with 15 certified Lean Six Sigma Black Belts (LSSBBs). The Delphi study helped us reach expert consensus on the essential competencies and their required proficiency levels, and then position them within the European Qualifications Framework and the Dublin Descriptors. Qualitative data further strengthened the framework's empirical foundation and practical applicability. In particular, participants who finished a competency-based Lean Six Sigma Black Belt exam provided input and more than 200 usable responses were collected. Findings – The findings show that there is a substantial agreement on technical skills like DMAIC, statistical methodologies, and problem-solving. However, there are differences in leadership, experimentation, and belt structures. Practitioner feedback indicated that competence-based evaluations are perceived as more authentic and demanding than multiple-choice tests. The final framework combines technical, methodological and behavioral abilities and has been tested in literature, by experts and by practitioners. Originality/value – This research advances Lean Six Sigma competency management by explicitly framing the Black Belt role through educational competency frameworks, bridging the gap between education, certification and organizational excellence. © Willem Salentijn, Bart Lameijer and Jiju Antony"
"185","Changing Medical School IT to Support Medical Education Transformation","Spickard, A.; Ahmed, T.; Lomis, K.; Johnson, K.; Miller, B.","2016","10.1080/10401334.2015.1107488","Problem: Many medical schools are modifying curricula to reflect the rapidly evolving health care environment, but schools struggle to provide the educational informatics technology (IT) support to make the necessary changes. Often a medical school's IT support for the education mission derives from isolated work units employing separate technologies that are not interoperable. Intervention: We launched a redesigned, tightly integrated, and novel IT infrastructure to support a completely revamped curriculum at the Vanderbilt School of Medicine. This system uses coordinated and interoperable technologies to support new instructional methods, capture students' effort, and manage feedback, allowing the monitoring of students' progress toward specific competency goals across settings and programs. Context: The new undergraduate medical education program at Vanderbilt, entitled Curriculum 2.0, is a competency-based curriculum in which the ultimate goal is medical student advancement based on performance outcomes and personal goals rather than a time-based sequence of courses. IT support was essential in the creation of Curriculum 2.0. In addition to typical learning and curriculum management functions, IT was needed to capture data in the learning workflow for analysis, as well as for informing individual and programmatic success. We aligned people, processes, and technology to provide the IT infrastructure for the organizational transformation. Outcomes: Educational IT personnel were successfully realigned to create the new IT system. The IT infrastructure enabled monitoring of student performance within each competency domain across settings and time via personal student electronic portfolios. Students use aggregated performance data, derived in real time from the portfolio, for mentor-guided performance assessment, and for creation of individual learning goals and plans. Poorly performing students were identified earlier through online communication systems that alert the appropriate instructor or coach of low quiz grades or missed learning goals. Graphical and narrative displays of a student's competency performance across courses and clinical experiences informed high-stake decisions made about student progress by the promotions committee. Similarly, graphical display of aggregate student outcomes provided education leaders with information needed to adjust and improve the curriculum. Lessons Learned: With the alignment of people, processes, and technology, educational IT can facilitate transformational steps in the training of medical students. © 2016 Taylor & Francis Group, LLC."
"186","Competency based assessment in dynamics","De Goede, K.M.","2018","","This paper examines the effectiveness and limitations of implementing a competency-based grading system in Engineering Dynamics. Rather than assessing the students on how well they performed the many skills studied (traditional grading system) students were assessed on how many skills they can do well (competency or mastery-based grading). To earn a passing grade in the competency-based grading system, students demonstrated proficiency on two foundational skills for dynamic analysis. Proficiency required solving a problem in a test environment, assessed as correct or containing only trivial errors. In our curriculum, prerequisites are met with a grade of C-or higher. To earn this grade, students must have further demonstrated competency in two additional skills, determined as required for continued advanced study in dynamics. Students could demonstrate proficiency on additional skills to earn higher grades. Each skill increased the final letter grade by 1/3 of a grade. Comparisons were made using the rate at which students demonstrated proficiency. Competency-based offerings of the course were compared to a similar group of students assessed with a more traditional grading system (2014 offering). In the competency-based courses, >93% of the students demonstrated proficiency on the required skills, compared to 43% in the traditional offerings (Chi-Squared p<0.01). Several aspects of course design can help foster the successful use of the competency-based system of assessment. A structure where the additional skills are not co-dependent for developing competency allows the course to have no more than two independent groups of students. A physical classroom environment conducive to managing parallel groups working on different sets of skills fosters effective use of class time. Students move at different rates, so the instructor must create frequent opportunities to demonstrate competencies. © American Society for Engineering Education, 2018."
"187","Academic approach to transform organisations: One engineer at a time","Juárez, E.; Aldeco-Pérez, R.; Velázquez, J.M.","2020","10.1049/iet-sen.2019.0041","Every year software development industry requires a higher number of trained software engineers who are not only skilled programmers but also talented software projects managers To deliver high-quality software projects, engineers require of the application of sound engineering competencies along with discipline. Obtaining those practices usually require years of experience. Companies are not prepared to invest this time on engineers resulting in a high percentage of deficient projects. Here, the authors present a bachelor-level competency-based approach that develops and evaluates such competencies during a challenge-based learning experience. In this way, the rate of successful projects where software engineers are involved will be higher, as they have obtained the appropriate competencies to deliver such projects. © 2020 Institution of Engineering and Technology. All rights reserved."
"188","Students' grading control and visualisation in competence-based learning approach","Umbleja, K.","2015","10.1109/EDUCON.2015.7095985","This paper analyses how students familiarize themselves and cope with novel competence-based approach to learning in online e-learning environment where the focus is on personal learning. Learners have freedom to mark their own path through the courses without deadlines by choosing themselves what, when and how much they learn. That methodology concentrates on measuring what a person can actually do as a result of learning. In order to have that kind of detailed picture of everyone's abilities, different kind of approach for assessment was developed using automatic algorithms that mimic student's answering process with small repeatable exercises. As every competence is being graded separately with high level of granularity, one definitive final grade requires a more complex aggregation function to be designed. Grades are suggested for students when enough work has been done and on their own discretion they can either accept that result or keep working to achieve a higher grade. As this kind of personalized approach to learning leaves all responsibility of planning to a learner, they have to have a proper overview of their own progress and an access to sufficient data in order to make educated learning decisions. To facilitate that problem five different student's progress visualization tools were offered to students. Their usage, benefits and drawbacks according to students' feedback have been analyzed. The conclusions drawn are that visual tools have helped majority of students to follow their process better than before and every student prefers different kinds of tools depending on their personality. While some students have benefited a lot from the freedoms offered by the system, others had hard time motivating themselves to work and therefore found it to be difficult to complete the course on time. © 2015 IEEE."
"189","Comparing competency assessment in electronics engineering education with and without industry training partner by challenge-based learning oriented to sustainable development goals","Dieck-Assad, G.; Ávila-Ortega, A.; Peña, O.I.G.","2021","10.3390/su131910721","This study assessed the “creation of technological solutions for electronic devices” competencies evaluation when faculty–industry liaison is available. This experience at Tecnológico de Monterrey (TEC) was developed with challenge-based learning provided by the automotive electronics industry addressing subjects oriented toward some objectives of the Sustainable Development Goals (SDGs). The Electronics Engineering faculty and project engineers from automotive electronics and instrumentation companies promote design competencies in college students. This study analyzed the competency performance and outcome results of students who took applied electronics courses for the undergraduate level under the “i-Semester with industrial partner” for one semester and compared results with students that took the course under the traditional program. The competence evaluation was classified into three preliminary domain levels: 1 or low-level, 2 or medium-level, and 3 or high-level. Students were exposed to the conceptual, procedural, and attitudinal contents applied to solve the challenge assigned by the industrial partner. Students with an industrial partner showed a higher engagement, and they were more motivated in learning the subject, compared to students having classes in the traditional way. This study showed that in developing the competency “create technological solutions for electronic devices”, 55 students with an industrial partner obtained higher domain levels than 61 students with the traditional course. © 2021 by the authors. Licensee MDPI, Basel, Switzerland."
"190","Empowering educators: AI literacy as a catalyst for competency-based health information training","Dolezel, D.; Lambert, E.; Watzlaf, V.; Morton, M.; Lalani, K.; Sand, J.; Marquez, B.; Bailey, M.; Fenton, S.","2026","10.1177/18333583261427155","Background: Artificial intelligence (AI) transforms healthcare data collection, analysis, and application, making AI proficiency a growing necessity across health professions. Objective: This study aimed to examine the influence of demographic factors on AI literacy among Health Information (HI) professionals, identify key knowledge gaps and inform workforce-aligned training recommendations. Method: This mixed-methods study analysed convenience-sampled survey data on AI literacy among HI professionals. Quantitative responses were examined with descriptive statistics, t-tests, Analysis of Variance (ANOVA), Spearman rank-order correlation, linear regression, geospatial analysis and a random forest to examine AI knowledge across demographic groups. The one qualitative open-ended response was analysed with latent Dirichlet allocation (LDA) topic modelling to identify themes. Results: A total of 128 valid responses were analysed, including 22 participants who completed the technical knowledge section and 48 who responded to the open-ended question on AI education. Higher educational attainment and geographic location significantly predicted greater general AI literacy. However, no significant associations were found between AI literacy (general or technical) and age group, possession of non-health informatics credentials or prior AI experience. The cross-validated Random Forest models were assessed with and without oversampling. Accuracy was identical across both models (0.95), indicating that the overall prediction correctness of low versus high AI literacy was not affected by oversampling. The oversampled model had a superior ability to detect the minority class, making it more suitable for imbalanced classification tasks where recall is critical. Conclusion: This study identified several important knowledge gaps on the influence of demographic factors on AI literacy, which informs workforce-aligned training recommendations. These findings underscore the need for competency-based education to strengthen AI readiness within the health information workplace. Implications for health information management practice: The thematic analysis demonstrated the urgent need for AI knowledge, training and literacy for HI professionals and students. Themes from the LDA topic modelling informed the development of AI educational frameworks, structured into domains, subdomains and specific components of educational competencies. With multidisciplinary collaboration and further research, standardised AI core competencies for HI professionals could be created, validated by experts and adopted across educational programs to improve AI literacy in the HI field. © The Author(s) 2026"
"191","Re/upskilling the agricultural labour force: Micro-credentials as innovative LLL strategy","Vidric, V.; Treiber, M.; Paulus, C.; Mayr, M.; Grebner, S.; Mandler, A.","2023","10.21427/BNHC-RF97","Industry 4.0 had a strong impact on globalization by changing the workforce and increasing access to new skills and knowledge. According to the World Economic Forum, by 2025, 50% of all employees will need reskilling due to new technology. Industry 5.0 addresses long term prospects such as sustainability, resilience and human-centricity regarding efficiency and productivity. Agriculture is the most exposed economic sector to climate change with cascade effects on agro ecosystems. Innovations in the agricultural sector are inevitable to ensure food security and social and environmental sustainability. This paper presents two Erasmus+ projects that highlight the importance of future engineering education in the agricultural sector considering change drivers and challenges (e.g., climate change, labour market needs, digitalization, pedagogical approaches, micro-credentials). The goal is to provide holistic competence-based education that helps learners develop sustainability skills for responsible action. Therefore, we combine innovative pedagogic approaches with substantial content, to allow up/reskilling in a short period of time. We consider opportunities and limitations and how comprehensive agricultural engineering courses must be designed to be effective. We present innovative learning approaches in the realm of agricultural engineering and evaluate the efficiency of short courses (6 ECTS), micro credentials. Analysing the experiences of several courses conducted at different European universities in past years, we can conclude that if the right pedagogic methods are paired with substantial content, up/reskilling is possible in a short period of time (6 ECTS). Main beneficiaries are agricultural professionals, who are interested in innovative, remote learning opportunities. © 2023 SEFI 2023 - 51st Annual Conference of the European Society for Engineering Education: Engineering Education for Sustainability, Proceedings. All Rights Reserved."
"192","Software Engineering Competence-Based Learning in Collaborative Virtual Environments","Battaglia, N.; Neil, C.; De Vincenzi, M.","2021","10.1109/EDUNINE51952.2021.9429119","The constant change in learning due to new possibilities provided by emerging technologies makes us think about how effective the traditional method of teaching is. Teaching students how to be competent instead of simply giving them content for their formation might change learning, where not only new graduates will know the content of an area of knowledge but will also apply that content into professional tasks that they experimented through their formation. To boost learning with the use of competences, it is important to use tools and applications, such as Computer-Aided Software Engineering tool (CASE, a type of software tool which is primarily used to design applications), that allow learning anywhere and anytime. It is necessary to use an evaluation method adapted to a competence-based learning, allowing students to comprehend and follow each of the competences, for which we recommend the use of rubrics that facilitate evaluation and self-evaluation.  © 2021 IEEE."
"193","Deconstructing the Tower of Babel: a design method to improve empathy and teamwork competences of informatics students","Blanco, T.; López-Forniés, I.; Zarazaga-Soria, F.J.","2017","10.1007/s10798-015-9348-6","The competence-based education recently launched in Spanish universities presents a set of abilities and skills that are difficult to teach to students in higher and more technologically-oriented grades. In this paper, a teaching intervention that is based on design methodologies is proposed, to upgrade the competitive capacities of computer engineering students. In particular, this intervention targets those aspects relating to working in multidisciplinary teams and to defining requirements based on the user’s empathy and knowledge. The main idea inspiring this technique is that the underlying challenge is a communication problem. As Brooks (1995) states in his book The Mythical Man-Month: Essays on Software Engineering, even a project having all of the prerequisites for success (a clear mission, manpower, materials, time and adequate technology) could fail as a Tower of Babel. The proposed technique through mixed methods has been evaluated with students enrolled in different courses, confirming the repeatability and validity of this method from quantitative measurement, from observation of the results, and from ascertaining the value perceived by students and their attitudes. © 2015, Springer Science+Business Media Dordrecht."
"194","Training Surgical Residents With a Haptic Robotic Central Venous Catheterization Simulator","Pepley, D.F.; Gordon, A.B.; Yovanoff, M.A.; Mirkin, K.A.; Miller, S.R.; Han, D.C.; Moore, J.Z.","2017","10.1016/j.jsurg.2017.06.003","Ojective Ultrasound guided central venous catheterization (CVC) is a common surgical procedure with complication rates ranging from 5 to 21 percent. Training is typically performed using manikins that do not simulate anatomical variations such as obesity and abnormal vessel positioning. The goal of this study was to develop and validate the effectiveness of a new virtual reality and force haptic based simulation platform for CVC of the right internal jugular vein. Design A CVC simulation platform was developed using a haptic robotic arm, 3D position tracker, and computer visualization. The haptic robotic arm simulated needle insertion force that was based on cadaver experiments. The 3D position tracker was used as a mock ultrasound device with realistic visualization on a computer screen. Upon completion of a practice simulation, performance feedback is given to the user through a graphical user interface including scoring factors based on good CVC practice. The effectiveness of the system was evaluated by training 13 first year surgical residents using the virtual reality haptic based training system over a 3 month period. Results The participants’ performance increased from 52% to 96% on the baseline training scenario, approaching the average score of an expert surgeon: 98%. This also resulted in improvement in positive CVC practices including a 61% decrease between final needle tip position and vein center, a decrease in mean insertion attempts from 1.92 to 1.23, and a 12% increase in time spent aspirating the syringe throughout the procedure. Conclusions A virtual reality haptic robotic simulator for CVC was successfully developed. Surgical residents training on the simulation improved to near expert levels after three robotic training sessions. This suggests that this system could act as an effective training device for CVC. © 2017 Association of Program Directors in Surgery"
"195","Energy Standards in Training Programs: International Experiences and Proposals for Vietnam","Chung, D.T.","2025","10.1109/EEE-AM66675.2025.11473808","In the context of energy transition, sustainable development, and deep international integration, integrating energy technical standards into engineering education is essential for Vietnam. This paper examines the role of energy standards in developing a qualified technical workforce, particularly in electricity, renewable energy, and environmental engineering. By synthesizing international experiences from the European Union, Japan, and South Korea, it highlights effective curriculum models and evaluates current policies and practices in Vietnam's technical education. The study identifies major challenges, including the absence of standardized frameworks, limited faculty capacity, weak university-industry-standards linkages, and a lack of competency-based assessment systems. It concludes by proposing key policy and institutional solutions to enhance standard integration in education, contributing to workforce standardization and national competitiveness.  © 2025 IEEE."
"196","Modern management principles come to the dental school","Wataha, J.C.; Mouradian, W.E.; Slayton, R.L.; Sorensen, J.A.; Berg, J.H.","2016","","The University of Washington School of Dentistry may be the first dental school in the nation to apply lean process management principles as a primary tool to re-engineer its operations and curriculum to produce the dentist of the future. The efficiencies realized through re-engineering will better enable the school to remain competitive and viable as a national leader of dental education. Several task forces conducted rigorous value stream analyses in a highly collaborative environment led by the dean of the school. The four areas undergoing evaluation and re-engineering were organizational infrastructure, organizational processes, curriculum, and clinic operations. The new educational model was derived by thoroughly analyzing the current state of dental education in order to design and achieve the closest possible ideal state. As well, the school’s goal was to create a lean, sustainable operational model. This model aims to ensure continued excellence in restorative dental instruction and to serve as a blueprint for other public dental schools seeking financial stability in this era of shrinking state support and rising costs. © 2016 American Dental Education Association. All Rights Reserved."
"197","From dV-Trainer to Real Robotic Console: The Limitations of Robotic Skill Training","Yang, K.; Zhen, H.; Hubert, N.; Perez, M.; Wang, X.H.; Hubert, J.","2017","10.1016/j.jsurg.2017.03.006","Objectives To investigate operators’ performance quality, mental stress, and ergonomic habits through a training curriculum on robotic simulators. Design Forty volunteers without robotic surgery experience were recruited to practice 2 exercises on a dV-Trainer (dVT) for 14 hours. The simulator software (M-scorea) provided an automatic evaluation of the overall score for the surgeons’ performance. Each participant provided a subjective difficulty score (validity to be proven) for each exercise. Their ergonomic habits were evaluated based on the workspace range and armrest load—validated criteria for evaluating the proficiency of using the armrest. They then repeated the same tasks on a da Vinci Surgical Skill Simulator for a final-level test. Their final scores were compared with their initial scores and the scores of 5 experts on the da Vinci Surgical Skill Simulator. Results A total of 14 hours of training on the dVT significantly improved the surgeons’ performance scores to the expert level with a significantly reduced workload, but their ergonomic score was still far from the expert level. Conclusion Sufficient training on the dVT improves novices’ performance, reduces psychological stress, and inculcates better ergonomic habits. Among the evaluated criteria, novices had the most difficulty in achieving expert levels of ergonomic skills. The training benefits of robotic surgery simulators should be determined with quantified variables. The detection of the limitations during robotic training curricula could guide the targeted training and improve the training effect. © 2017"
"198","Curriculum Reform, Competency Framework, and Technological Innovation in Undergraduate Materials Science and Engineering Education: A Systematic Review","Gai, X.; Kim, M.S.","2026","10.1021/acs.jchemed.5c01454","Undergraduate education in Materials Science and Engineering (MSE) is evolving to cultivate engineers with integrated knowledge, practical skills, and professional competencies. This systematic review synthesizes 15 empirical studies published between 2016 and 2025 on curriculum reform, competency frameworks, assessment practices, and technology integration. Following PRISMA guidelines and thematic synthesis, the analysis revealed a shift from traditional knowledge transmission to competency-based learning, driven by external factors, including policy mandates, accreditation requirements, and industry demands, as well as internal curricular gaps. Two curriculum orientations were identified: a concept-oriented approach, leveraging simulations and research tools to deepen theoretical understanding, and a practice-oriented approach, emphasizing industry collaboration, project-based learning, and simulated professional tasks. Technology-enhanced learning supports both orientations: clarifying abstract concepts or modeling industrial decision-making. The gaps between broad competency goals and conventional assessment methods remain a challenge, although rare, yet innovative performance-based assessments have proven critical for capturing integrated competencies. The findings highlight that systemic curriculum design, strategic technology integration, and authentic assessment are essential for preparing graduates with the knowledge, skills, and adaptive capabilities required for professional success in MSE. © 2026 American Chemical Society and Division of Chemical Education, Inc."
"199","Iterative Driven Competency-Based Assessment in a First-Year Engineering Computation Module","Bittner, J.; Barron, M.; Hamlin, A.J.","2025","10.18260/1-2--56902","Introduction In our connected world, engineers must possess a strong foundation in applied computation. Daily engineering decisions rely on data analysis, which necessitates the use of computational tools. This work investigates the transition from manual grading to a competency-based automated grading system for introductory computation engineering problems. Introductory knowledge of programming and problem solving is often core components to a broad first-year engineering curriculum. While traditional computer science curriculum often emphasizes scientific theories, practicing engineers focus on the societal impact and practical applications of their work. As a result, teaching introductory programming concepts to young future engineers can be a challenging task. One common tool to aid in teaching beginning programming theory is to program an automated assessment. Automated assessment tools have long been deployed successfully in teaching computer science curriculum [1]. The benefits of an automated assessment tool are documented to include more timely feedback, and building up the student’s confidence [2]. Despite adoption within computer science curriculum, automated graders have had limited deployment within engineering programming curriculums [3]. Several common limitations to deployment are the upfront costs of developing and running a system, creating sample problems that are engaging for engineers and assessment checks that are relevant. Recent available commercial software, MATLAB Grader, has provided an accessible and unified framework for automated assessment of engineering programing assignment [4]. The Grader software package allows the instructor to build personalized a problem statement of their choosing. Then the instructor creates a reference solution of an answer in MATLAB code and designs a series of tests to check the students’ submissions against the reference solution. Points can be awarded based upon the number of tests passed or only when all tests successfully pass. In the original design the comparison against the reference solution was a static behavior comparing numerical equivalency. Learners have unlimited attempts to submit and test their problem solutions, emphasizing application and utility, a key focus for engineers. In addition to the software documentation, Bartolini initiated efforts to share a series of engineering focused introductory programming tasks [5]. Other efforts towards more robust testing of code submissions have created two independent external libraries GraderPlus [6], and Malab-Grader-Utils [7]. Each of these libraries provides a series of capabilities that can be leveraged by an instructor to create dynamic and enriching problem sets. GraderPlus was created with a focus on engineering evaluation and Matlab-Grader-Utils focused primarily on the mathematical processes behind a solution. In the automated grading system concept there is a notable loss of the numerous ‘human-in-the-loop’ checks that a trained human grader would provide [8]. In submission of assignments validating integrity of the solution is critical to maintaining rigor within the learning environment. In this paper we document our process of taking a rubric graded summative assessment and converting each rubric item into an automatically assessed MATLAB Grader test. Additionally, we will explore results of a small formative programming assignment that was assigned as a manual graded assignment and as an automatically assessed assignment in two sequential offering of our course. © American Society for Engineering Education, 2025."
"200","Can Technical Festivals Help in Attaining Undergraduate Engineering Programme Outcomes?","Dhanalakshmy, D.M.; Murali, R.","2024","10.1109/TALE62452.2024.10834350","The curriculum framework of an undergraduate engineering programme contains clearly defined learning outcomes. It is expected that students who graduate from a specific degree / diploma are able to attain these goals. Towards this, while not mandatory, every institution is encouraged to also host technical events such as technical festivals, workshops, technical competitions, hackathons, etc. This work explores the challenges and merits in leveraging undergraduate technical festivals to enable an evaluation of students towards the attainment of qualitative Programme Outcome. Using qualitative analysis strategies including surveys and one-on-one interviews, this work shows that technical festivals provide unparalleled hands-on experience in medium to large-scale project management, encompassing crucial disciplines that are often overlooked in the classroom evaluation rubrics. The major takeaways from organizing a technical festival can be summarized as large-scale organizing of events, better time and people management, improved communication skills, and the positive attitude / ability to learn new things. This work also mapped the specific programme outcomes to the actual learning that could be attained though the organization of a technical festival. This work also highlights the importance of such events in order to bridge the gap between industry & academia while being able to assess qualitative outcomes effectively. © 2024 IEEE."
"201","Educating With Edge: Aligning Bloom’s Revised Taxonomy With the Substitution, Augmentation, Modification, and Redefinition Model to Enhance Graduate Nursing Education for the Artificial Intelligence Era","Passwater, C.; Passwater, M.","2025","10.1891/JDNP-2025-0039","Background: Artificial intelligence (AI) has rapidly emerged as both an opportunity and a challenge for nursing education. As AI tools become increasingly prevalent in clinical practice, Doctor of Nursing Practice (DNP) programs must reconsider traditional pedagogical strategies. Embedding competencies in informatics and technology into curricula is essential to align with the American Association of Colleges of Nursing Essentials and evolving health care practice. Objective: This article aims to present a practical instructional design framework that guides the integration of AI competencies into DNP curricula, preparing graduates to lead innovation while maintaining the unique identity and impact of the DNP-prepared nurse. Methods: A combined instructional design approach synthesizing Bloom’s Revised Taxonomy (BRT) and the Substitution, Augmentation, Modification, and Redefinition (SAMR) model was developed. Bloom’s taxonomy provides a structured method for creating learning outcomes across cognitive complexity levels and knowledge domains. The SAMR model complements this taxonomy by scaffolding technology integration from basic enhancement to transformative applications. Results: Synthesizing BRT and SAMR highlighted a flexible instructional design blueprint that aligns cognitive progression with levels of AI engagement. This pairing supports educators to intentionally embed AI-related competencies into coursework, ensuring students advance in both critical thinking and technological fluency. Recent literature reinforces the need for structured AI competencies in DNP education, highlighting the value of frameworks that integrate cognitive and technological dimensions. Conclusions: Deliberate use of BRT and SAMR together offers a practical strategy for embedding AI into nursing curricula. This approach equips faculty with a tool aimed at intentional design that balances cognitive learning outcomes with meaningful AI integration. Implications for Nursing: Adopting this framework allows nursing educators to enhance students’ critical thinking, promote technological fluency, and prepare DNP-prepared nurses to effectively leverage AI in health care settings. Through structured instructional design, programs can ensure graduates are ready to navigate and lead innovation in a technology-driven health care climate. © 2025 Springer Publishing Company, LLC."
"202","""embedding Dispositions in Peer Assessment for Software Teams: More than just a \""Product\"" Focus""","Crick, T.; Prickett, T.; Turnbull, A.","2023","10.1145/3610969.3611142","Both the Computing Curricula 2020 (CC2020) and emerging Computer Science Curricula 2023 (CS2023) guidelines indicate a shift towards competency-based education, where learners apply their knowledge, dispositions and skills in tasks as part of their studies. This approach aims to further enhance graduates' work-readiness and tackle global issues of unemployment and underemployment among computing graduates. Peer assessment is increasingly used in team software engineering and capstone projects to ensure fair recognition of individual contributions. As competency-based learning becomes more prevalent, peer assessment needs to not only consider project outcomes, but also aspects of knowledge, dispositions and skills. This poster presents preliminary work on how one UK university's computer science undergraduate degree employs the Team-Q metric to address this challenge. © 2023 Owner/Author."
"203","Evaluating engineering competencies: A new paradigm","Queiruga-Dios, A.; Jesus Santos Sanchez, M.; Perez, J.J.B.; Martin-Vaquero, J.; Encinas, A.H.; Gocheva-Ilieva, S.; Demlova, M.; Rasteiro, D.D.; Caridade, C.; Gayoso-Martinez, V.","2018","10.1109/EDUCON.2018.8363490","The team that has developed this project is part of a consortium of several European institutions that have joined with a common goal: To help the current engineering teaching-learning system, so that to make possible a competencies-based assessment. Moreover advocacy and networking will be part of the consortium activities during the whole project. RULES-MATH acronym corresponds to 'New rules for assessing mathematical competencies', and that is exactly what we propose: To work with the mathematical competencies, specifically try to incorporate them into the assessment process. We focus on science and engineering degrees, since in all these studies several Mathematics courses are part of their curriculum, mainly in the first couple of years. In this paper we present one of our first activities that we want to achieve under the project: The selection of several tools and rules that will make possible an assessment and evaluation according to our high education common European space. These ideas are part of the objectives of promoting and institutionalizing good teaching practices and the enhancement of teaching materials. Other goals are to improve the dissemination of academic activities to the business world, administrations and society in general. © 2018 IEEE."
"204","Competency-based assessment tools for engineering higher education: a case study on complex problem-solving","Garay-Rondero, C.L.; Castillo-Paz, A.; Gijón-Rivera, C.; Domínguez-Ramírez, G.; Rosales-Torres, C.; Oliart-Ros, A.","2024","10.1080/2331186X.2024.2392424","Higher Education faces challenges in providing learning experiences and cultivating competencies in our modern environment. Academic discourse centres on tutoring automation, a complicated educational dilemma in the age of Machine Learning, Deep Learning, and Artificial Intelligence. Establishing a structured technique for real competency assessments is an early challenge. Therefore, this research develops and implements a structured evaluation process to assess student competencies in complex problem-solving scenarios. The study finds dimensional variation in student performance through statistical analysis of multivariate data from two engineering courses, demonstrating that each evaluation method measures different competencies. Key findings demonstrate that while traditional evaluation methods provide quantitative results, the newly proposed instruments offer a nuanced understanding of student abilities by capturing quantitative and qualitative data. This approach standardises the assessment process and lays the groundwork for developing intelligent tutoring systems to automate and personalise learning. This method may lead to computer-assisted instruction to adapt educational technology for engineering complex problem-solving and other skills. It provides a solid foundation for personalised learning technology assessment methods. © 2024 The Author(s). Published by Informa UK Limited, trading as Taylor & Francis Group."
"205","A Matrix-Based Guideline to Chemical Engineering Curricular Revision Design-Based Research","Kamandhari, H.H.; Ponce, S.L.; Rodríguez-Zúñiga, U.F.; Pantoja, P.A.","2022","10.3991/IJEP.V12I3.27323","The objective of the study is to describe our matrix-based guidelines in revising our competence-based curriculum. A curriculum restructure relies on pragmatic and iterative refinement of the situations integrating various stakeholders' perspectives as well as field-based research by considering currently critical and emerging trends, such as the inclusion of the 21st century skills. The revision project took a 150-day duration and implemented the subsequent stages: 0). Build a common language 1). Identify aspects that are working well at the moment and those that may need revision in the current curriculum, 2). Align the performance indicators using the evaluation matrix, 3). Select types of learning activities that correlate with Bloom's taxonomy verbs, 4). Incorporate student learning autonomy into the curriculum. The matrix was used to facilitate equal, organized, and clearer distribution, thus, bringing the coherence of indicators for the 5-year progressive learning courses. The contribution of the study is to achieve comprehensive, systematic, and continuous improvement of the competence-based educational model for Latin American universities within engineering study programs. © 2022 Kassel University Press GmbH. All rights reserved."
"206","Spatial Ability in Computer-Aided Design Courses","Torner, J.; Alpiste, F.; Brigos, M.","2015","10.1080/16864360.2014.949572","ABSTRACT: Many studies have demonstrated that spatial ability is an important factor in the study of Industrial Engineering. Spatial ability is fundamentally important to the work of an engineer, as it is vital for project design. Among other elements, spatial ability correlates with factors such as good academic results and a natural ability to learn how to use I.T systems and computer programs. Furthermore, the new framework drawn up by the European Higher Education Area (EHEA) guides us as to the definition and measurement of the aforementioned competencies, among them spatial ability. In this paper we will consider the improvement of spatial ability through the use of 3D solid modeling software. Our study was undertaken with 812 students of first year Industrial Engineering at the Universitat Politècnica de Catalunya. The evolution of the scores they obtained on the Differential Aptitude Test - Spatial Relations Subset (DAT-MR.) and the Mental Rotation Test (MRT) were analyzed both before and after taking a module on computer aided design. This study attempts to develop a model which will allow us to evaluate the spatial ability (SA) of engineering students studying the first year module “Graphic Expression and Computer-Aided design”. © 2014 CAD Solutions, LLC."
"207","Blended Teacher Professional Development for integrating Scratch Coding in classrooms in Western Kenya.","Fundi, M.; Kimani, J.; Njoroge, P.; Sanusi, I.T.; Kioko, L.; Njoroge, F.; Chorongo, M.; Mmulah, V.; Oyelere, S.S.","2025","10.1145/3769994.3770033","Kenya underwent a curriculum reform from 8-4-4 to a Competency-Based Curriculum(CBC), introducing coding with Scratch at the primary level of education, which was new to the majority of the in-service teachers, leaving them ill-equipped to teach it. This necessitated the equipping of the teachers with skills and confidence to implement coding with Scratch in the Schools. Besides efforts by the government and other stakeholders, there still remains a huge skills gap, especially in rural areas. Therefore, this study presents the design and delivery of a 12-week blended Teacher Professional Development(TPD) program on introduction to coding with Scratch for in-service primary school teachers implemented in rural areas of Western Kenya. This TPD combined in-person workshops, self-paced online learning, monthly webinars and a Community of Practice(CoP) facilitated on WhatsApp. The main aim of this study was to assess the change in confidence levels and content knowledge of teachers in using Scratch before and after the training. It also examined how the contextualization of the coding course delivered in a blended approach, subjective norms, perceived usefulness and their interests impact their readiness to integrate coding in the classroom. Using a mixed methods approach, data was collected from 28 volunteer participants of the study by administering pre- and post-surveys and conducting semi-structured interviews. The results showed that content knowledge and confidence of teachers in using Scratch improved after the training. Additionally, the blended delivery approach, contextualization of the course materials and subjective norms highly correlated with teachers' readiness to integrate coding with Scratch in the classroom. Interest and confidence showed a marginal effect on readiness, while perceived usefulness had the weakest non-significant effect on readiness. These findings highlight the importance of providing teachers with locally contextualized content, delivered through a blended approach supported by the education stakeholders to allow effective upskilling of teachers. These are useful results for education policy makers to enable the development of policies that support Blended TPDs.  © 2025 Copyright held by the owner/author(s)."
"208","Adapting Computer-Based Assessments of Collaborative Scientific Reasoning in the Kenyan Educational Context: A pilot study","Cheruiyot, L.G.; Molnár, G.","2026","10.1007/s10639-026-13981-7","Kenya’s competency-based curriculum highlights the role of STEM education and the development of skills of the 21st century. However, computer-based assessment (CBA) of these skills has not yet been conducted in Kenya. This study aimed to investigate the applicability of newly developed international computer-based skill assessments for developing scientific inquiry, experimentation, reasoning, argumentation, and collaboration skills in public junior high school students in Kenya (N = 60). We employed inductive reasoning (IR), deductive reasoning (DR), control of variables (CoV), collaborative skill (CS), and scientific reasoning (SR) to evaluate their contribution to the development of collaborative scientific reasoning (CSR). Instrument reliabilities and construct validities confirmed the general applicability of the tests; however, the internationally widely used Lawson test was shown to have limited applicability. The IR, DR, and CoV were found to be predictive of CSR when measured alone, the overarching model explaining 60% of the variance in CSR; however, the direct predictive role of IR became non-significant. The results reflect the complexity of CSR and the significant limitations of studies that have individually examined the effects of cognitive and/or affective skills. Therefore, future research should adopt a longitudinal design that assesses these skills. Our findings can inform the development of STEM education in Kenya’s national assessment strategy and ensure alignment with its competency-based curriculum. © The Author(s) 2026."
"209","Model of Supporting an Individual Training Pathway for Software Engineers","Polibina, E.","2021","10.1109/AICT52120.2021.9628900","The article discusses the features of building an individual learning pathway in intelligent training systems through the competence-based approach. The model proposed in the article makes it possible to increase the efficiency of training specialists in software engineering by choosing the optimal training pathway based on the reference model. It also introduces the method for formalizing the assessment of student competencies, where the initial data are data on the most popular technologies and programming tools in the IT labor market, their ranking, as well as the results of testing students.  © 2021 IEEE."
"210","Journey towards competency-based grading for mechanical engineering computer applications","Hylton, J.B.; Funke, L.","2022","","Over the past several years, increasing effort has been invested interrogating the very structure of assessment in higher education. In addition to a rising awareness of the mental health impacts of high-stakes assessment, questions have arisen around accessibility and equity in our assessment practices. From this conversation, the practice of competency-based or mastery-based education has become a hot topic in pedagogically minded circles. To summarize, competency-based assessment is the practice of developing targeted assessments and standards of performance for each individual skill or outcome present in the course and building an assessment scheme based on how many of those outcomes are sufficiently mastered in the allotted time. A defining trait of these schemes is the ability to repeat individual outcome assessments as needed to demonstrate mastery, significantly lowering the stakes of any individual attempt. Efforts have manifested at every level, up to and including entire mastery-based programs. In this work, the five-year-long reinvention of a mechanical engineering computer applications course is examined as it was transformed from traditional to flipped to competency-based, navigating the onset of COVID along the way. In the most recent iteration, the course involves a framework of repeatable assessments across an array of outcomes, including both traditional exam format assessment as well as more involved project-based assessments, a set of video modules, and a group project. The rationales for and lessons learned from this journey are explored, along with student comments and evaluations, and an examination of overall course grades and achievement of course outcomes. © American Society for Engineering Education, 2022."
"211","Teaching Control supported by Virtual Labs under a Competency-based curriculum","Vargas, H.; De La Torre, L.; Chacón, J.; Heradio, R.; Farías, G.; Fabregas, E.; Sanchez, J.; Dormido, S.","2018","10.18687/LACCEI2018.1.1.463","Competency-based education (CBE) is related, in simple words, with the possibility to create curricula whose main objective is to train students for the work reality, trying to minimize the time of adaptation of them in their future professional life. Although the philosophy behind this teaching paradigm is attractive, in practice its implementation entails an important effort for the academic institutions and teaching staff involved. In this context, this work presents a novel methodological proposal for teaching engineering competency-based courses; in this case, specifically applied on an automatic control course, providing details of its assessment structure and tools, learning activities developed (which integrates the use of virtual laboratories for online experimentation), and the method designed for the assessment of competencies. © 2018 Latin American and Caribbean Consortium of Engineering Institutions. All rights reserved."
"212","New standards of engineering training at Ufa State Petroleum Technological University","Baulin, O.A.; Karachurina, R.F.; Khazieva, R.T.","2024","10.1051/e3sconf/202448604026","The article proposes a competency-based approach to the training of engineering specialists. It is revealed that at present, supra-professional skills are a priority. The authors identified five groups of transprofessional competencies and four groups of digital competencies. Within the framework of the educational policy of the Ufa State Petroleum Technical University under the program of the Ministry of Education and Science of Russia “Priority 2030” a system for assessing super-professional and digital competencies is developed. The peculiarity and uniqueness of the project lies in the development of a new system for assessing and assigning statuses in accordance with the new competency model for an advanced technology engineer. The combined assessment method is based on a combination of five effective methods for assessing super-professional skills. The article describes a pilot student rating based on the advanced technology engineer competency model carried out at the Faculty of Technology. The “golden standard of engineer” model was replicated within the framework of the Eurasian Polytechnic School of the University. © The Authors, published by EDP Sciences."
"213","SUSU Universal Method for Assessing Employer Satisfaction with the Student and Graduate Qualifications Quality","Koval, S.B.; Isakova, E.S.; Chistyakova, E.V.","2016","10.1016/j.proeng.2016.07.245","The article describes the method for assessing employer satisfaction with the graduate qualifications quality which is applied in SUSU (South Ural State University). The significance of the work is based on a long-term research on this subject. The key stages of monitoring as well as the calculation method for the main indicators such as ""Importance"", ""Skill"" and ""Quality assessment"" are revealed. This method can be applied not only to students and graduates, but also to young specialists working in the enterprises after the university graduation. The article summarizes the results of the University collaborative study with the Regional Committee for assessment of the higher education quality at the Board of Rectors in the Ural Federal District by the example of the young specialist qualification ""Architecture and Construction"" in the South Ural State University. Based on the results of this work, the authors conclude that this method can be applied for determination of the quality indicators for different fields of activities. © 2016 The Authors."
"214","Students' perceptions of competency-based learning environment during COVID-19: a mixed-methods approach","Alkhurayyif, Y.","2023","10.3389/fcomp.2023.1204566","The COVID-19 pandemic has had many reflections on teaching and learning. Competency-based learning (CBL) is outcome-based learning that supports students to focus on competencies and improve their learning skills. It was helpful for the universities during the pandemic to offer an effective online learning environment for computer science students. This study evaluated the CBL experience from the perspective of computer science students. The study used a mixed-methods approach and obtained data from 104 participants using an online questionnaire and in-person interviews. The study's findings indicated that the quality of the teacher, the learning environment, time management, and the expectations positively influenced student satisfaction, which in turn positively influenced students' performance. The investigation found statistically significant evidence that the CBL was helpful for students' skill improvement. Additionally, this study presented the challenges and limitations of CBL, which can inform universities and course developers to improve the standards of CBL. Using this study's implications, academic researchers can extend their research to develop innovative approaches for the CBL environment. Copyright © 2023 Alkhurayyif."
"215","Exploiting Digital Learning Management System (LMS) Capabilities for Effective Program Assessment of Competency-based Education","Potts, L.V.; Jin, H.; Rabie, M.","2023","","Background: Effective programmatic assessment (PA) is essential for accreditation of professional degree programs leading to licensure. Accreditation organizations for Higher Education Institution (HEI) programs such as the ABET may stipulate student outcomes. Programs seeking accreditation from ABET must present clear proof of a rigorous process that uses student work products to assess student outcomes attained. The value of PA results offers entry points for institutions and/or departments to initiate discussions on the status of student learning and to make informed decisions on program improvements. The concept of PA is well described in the literature; however, studies on implementing and operationalizing a consistent assessment approach using a Learning Management System (LMS) across courses of an academic program are lacking. Best practices on program assessment recommend that numerical scores of student performance should be linked to learning objectives. Few engineering faculties received formal grading training. They tend to rely on historical grading practices, personal experiences as students, or grade student work with a rubric that is disconnected from the learning objectives. Such traditional grading practices tend to mask the various aspects of student learning and therefore lacks the capacity to capture the full breadth of competency-based education. Globally, a high percentage of colleges and universities use a LMS to better manage teaching and learning activities. Despite the significant financial investment in LMS, faculty have not fully exploited its data capture, analytics and visualization capabilities and therefore its utility in support of effective program assessment is mostly underutilized. Objective: This paper seeks to add to the ongoing discussion on effective strategies that improve assessment of student learning in competency-based education. We present a case study to show the data collecting, data analytics and visualization capabilities of the Canvas TM LMS for student outcomes on communications for engineering management and engineering technology programs. In doing so, we address two questions that guided this investigation namely: a) what are the best practices to formulate student assignments given student outcomes for ETAC programs, and b) how to devise and setup up standard rubrics in a LMS for unbiased scoring of student work products. © American Society for Engineering Education, 2023."
"216","Shifting from traditional engineering education towards competency-based approach: The most recommended approach-review","Malhotra, R.; Massoudi, M.; Jindal, R.","2023","10.1007/s10639-022-11568-6","In recent years, universities have been developing more robust competency-based classes for students in Science, Technology, Engineering, and Mathematics (STEM). Competency-based education (CBE) is based on outcomes and is student-centred, creating a better learning experience. This paper provides context for competency-based education over a knowledge area (KA), knowledge unit (KU), and learning outcome (LO) mindset. Additionally, we compared the traditional educational approaches and CBE using a software engineering competency list as assessment criteria. This study provides a thorough review, emphasizing the transition toward competency-based approach in software engineering education and training. The five main reasons education institutes turn toward CBE are: Firstly, CBE supports lifelong learning. Second, it fosters an empowered and inclusive learning culture. Thirdly, it provides appropriate teaching and support on a timely and individualized basis. Fourth, it employs instructional ideas that are matched with students' needs and objectives. Finally, CBE places a premium on transparency and sets out explicit expectations. Our findings indicate that competency-based education is the outcome-driven approach in today's engineering education. It encourages students to know what to do upon graduation rather than what they know. © 2023, The Author(s), under exclusive licence to Springer Science+Business Media, LLC, part of Springer Nature."
"217","Improving Self-Efficacy Through Experiential Learning of IoT Programming","Katanosaka, T.; Khan, M.F.F.; Sakamura, K.","2025","10.1109/TALE66047.2025.11346629","The pervasive adoption of Internet of Things (IoT) technology necessitates reforms in digital education, particularly in competency-based approaches that emphasize real-world problem-solving. As reported by the Organisation for Economic Co-operation and Development (OECD), while Japanese students demonstrate high academic achievement, their self-efficacy regarding computers remains notably low despite comparable interest levels. This paper addresses this disparity by developing and evaluating IoT programming educational materials designed to enhance self-efficacy through practical, culturally relevant experiences. Drawing upon Kolb's Experiential Learning theory and Culturally Responsive Teaching (CRT) approaches, the materials leverage the familiar and urgent social problem of summer heat stroke in Japan. The materials utilize temperature and humidity sensors to calculate WBGT, a widely used index in Japan for alerting about heat stroke risks. Utilizing micro:bit as the educational platform, the developed education materials enable systematic learning of basic programming processes and data transmission through the four phases of Kolb's theory: concrete experience, reflective observation, abstract conceptualization, and active experimentation. The educational effectiveness of these materials was quantitatively and qualitatively evaluated through comprehension tests and self-efficacy assessments with technical college students (aged 15-18), demonstrating their practical applicability and positive impact on student self-efficacy in actual educational environments. © 2025 IEEE."
"218","Education and globalization: Artificial intelligence, augmented reality digital technologies, and distributed ledger technology networks","Cowin, J.Ed.D.","2021","","The convergence of data, computation, and globalization in education has far-reaching consequences for educational stakeholders, institutions, and learners. Terms such as the Fourth Industrial Revolution, artificial intelligence (AI), exponential technology, deep learning, personalized competency-based learning, and distributed ledger technology networks (DLTNs) are indicators of the changing dialogue between education stakeholders, businesses, and government aspirations on a global scale. Location-independent virtual environments promise an exponential expansion that goes beyond brick-and-mortar schools, colleges, and universities. AI and intelligent systems are poised to become global change agents in education, ushering in profound changes in administrative functions, strategic planning, data aggregation, student acquisition and retention, and alternative currencies, as well as curriculum design, assessment, personal learning networks, and global competitiveness generally of both institutions and their graduates. The quality of the education a nation's schools, educational institutions, and teachers provide, along with investments in science, technology engineering, and mathematics education, directly impact economic prosperity and global competitiveness. This paper explores some of the interdependencies that arise from supercharged technological advances such as AI augmented reality digital technologies (ARDTs) and DLTNs and their possible impact on education, educators, learners, and society. In addition, it unbundles the meaning and use cases of AI, ARDTs, and DLTNs in education. © 2021 15th International Multi-Conference on Society, Cybernetics and Informatics, IMSCI 2021. All rights reserved."
"219","Determining factors of competence-based learning: A case study in engineering","Morales Piñero, J.C.; Molina Bernal, I.A.; Ángel Acosta, L.A.","2017","","This research analyzes factors that determine student learning when teaching focuses on skills development. The methodology employed by the teacher during the course was based primarily on flipped classroom. A linear regression model was used to evaluate competence-based learning. Research findings suggest that when teachers provide feedback based on learning, students adjust themselves, in a better measure, to the curricular objectives. Finally, research shows that quality of instruction is the determining factor in the process of development of learning competencies. © 2017."
"220","Research on the Experiment Teaching Model for Mechanical Engineering Undergraduates in the Context of Digital Education: A Case Study of the ""hydraulic and Pneumatic Transmission"" Course","Yuan, S.; Wan, G.; Yuan, X.; Liu, M.; Bai, X.","2025","10.1145/3724504.3724518","Digital transformation of experiment teaching is inevitable in the context of education digitalization. In this paper, ""Hydraulic and Pneumatic Transmission""is selected as a model course to explore the digital transformation of experiment teaching for mechanical engineering undergraduates. We integrate multiple information technology-based teaching methods including virtual simulation experiments, online learning, flipped classroom, etc. at different stages of experiment teaching to form a combined digital teaching design. To address insufficiency of competency-based education in experiment teaching, a set of ability sub-indicators are proposed. A data-driven ability evaluation system is further developed by incorporating the sub-indicators with the data of the digital teaching process. Our digital experiment teaching system in ""Hydraulic and Pneumatic Transmission""shall lay solid foundation for the digital transformation of experiment teaching in mechanical engineering majors.  © 2024 Copyright held by the owner/author(s). Publication rights licensed to ACM."
"221","Competency-Based Model for CS Education in the Era of AI","Chen, Y.; Nunes, B.P.","2025","10.1109/ICALT64023.2025.00121","This research addresses the need for transformation in Computer Science (CS) education as generative AI (GenAI) tools reshape assessment frameworks. GenAI offers new learning opportunities but complicates the distinction between authentic student learning and AI-assisted outcomes, widening the gap between academia and industry needs. We propose a competency framework integrating 12 CS question types with a novel mapping of Revised Bloom's Taxonomy (RBT) and Structure of Observed Learning Outcomes (SOLO) taxonomy. Our radar model moves beyond RBT's hierarchy, recognizing that assessment tasks engage multiple cognitive processes with varying complexity levels. The research consists of four studies: (1) developing a competency-based model, (2) investigating CS literacy requirements for GenAI tool use, (3) validating the model through classroom studies, and (4) creating a scalable framework. This work establishes a quantitative approach for assessing competencies, offering a systematic method for evaluating authentic student learning across diverse educational settings in the AI era.  © 2025 IEEE."
"222","Supporting competence-based learning in blended learning environments","Larrañaga, M.; Villamañe, M.; Caballero, J.; Álvarez, A.; Hernández-Rivas, O.","2018","","Assessment is a very relevant part of any instructional process. Its results, when adequately provided, can improve students’ learning. Assessment results could also be used to guide teachers in order to align their course design with the students’ results. However, the analysis of the assessment results and the extraction of useful conclusions for both teachers and students is not an easy task and computerized tools can be very helpful to provide automation of these processes. Moreover, the information regarding assessment of students can come from many sources and in the case of blended learning environments, the number of sources increases. In this paper, a system aimed at supporting Competence-based Learning in blended learning environments (COBLE) is presented. The paper presents the system’s architecture and its main elements. It is specially described how information from different sources can be gathered together into the s stem in order to u date its models and anal ze the assessment data as a whole Copyright © 2018 for this paper by its authors."
"223","Standardizing course assessment in competency-based higher education: an experience report","Vargas, H.; Arredondo, E.; Heradio, R.; Torre, L.D.L.","2025","10.3389/feduc.2025.1579124","Introduction: Competency-Based Education (CBE) has become increasingly important in Chilean higher education since the 2006 reform, which aimed to improve educational quality. However, implementing CBE effectively poses challenges, particularly in developing assessments that adhere to CBE principles and are consistent across all university courses. To address this issue, the Competency Assessment and Monitoring (C-A&M) model was created. This study evaluates the effectiveness of C-A&M in standardizing course assessments within the CBE paradigm at the Pontifical Catholic University of Valparaíso (PUCV) in Chile. Methods: Two observational studies were conducted. The first study utilized a within-group design and included 20 Engineering courses. The second study employed a between-groups design, examining the perceptions of 109 instructors from various faculties, including Law, Economic and Administrative Sciences, Philosophy, and Education, among others. Results: The within-group study emphasized the need for better course assessment and alignment of learning objectives with competencies. It found a positive correlation between C-A&M and the effective implementation of CBE in university courses. The between-groups study showed a minor effect size but suggested a similar relationship. Discussion: Assessment based on CBE principles is not being effectively implemented at PUCV. Key areas for improvement include the evaluation plan, aligning learning objectives with competencies, and coordinating training with these objectives. The application of C-A&M has led to significant improvements, indicating a positive correlation between its use and these enhancements. Copyright © 2025 Vargas, Arredondo, Heradio and Torre."
"224","Interpreting the ABET Computer Science Criteria Using Competencies","Raj, R.K.; Kumar, A.N.; Sabin, M.; Impagliazzo, J.","2022","10.1145/3478431.3499293","Since the early 21st century, ABET's accreditation criteria have focused on learning outcomes (what students learn) rather than what professors teach. Such accreditation criteria bring to bear the need for programs to establish clear learning objectives and assessment processes that ensure that program graduates have the requisite technical and professional preparation. To this end, ABET defines student outcomes as ""what students are expected to know and be able to do by the time of graduation,""further noting that these outcomes ""relate to the knowledge, skills, and behaviors that students acquire as they progress through the program.""With the recent release of Computing Curricula 2020 (CC2020), the competencies of computing program graduates have received additional attention. CC2020 describes competency as ""comprising knowledge, skills, and dispositions that are observable in accomplishing a task within a work context.""ABET's student outcomes thus largely correspond to the CC2020competencies of program graduates. This paper is a first attempt to reconcile the two notions in the context of computer science. It presents the relevant background and discusses student competencies and their assessments that focus on competency-based learning in computer science. The contributions of this paper are (1) forging an improved shared understanding of computing competencies and (2) an interpretation of ABET's student outcomes to improve the competency, including dispositions, expectations of computer science graduates.  © 2022 ACM."
"225","Live, proctored robotic training for the novice robotic surgeon: outcomes and educational value of the Portsmouth Robotic Essentials Course","Patel, N.; Koshnow, Z.; Glaysher, M.; Carter, N.; van Boxel, G.I.","2026","10.1007/s11701-026-03190-2","Robotic-assisted surgery (RAS) is increasing across specialties within the U.K, yet there is currently no formalised, national, standardised, robotic training pathway for resident general surgeons. The Portsmouth Robotic Essentials Course was developed to provide a structured, proctored introduction with live-operating, delivering a foundation for RAS training. Seven, two-day courses were delivered between September 2022 and March 2025. Candidates were required to complete pre-course and simulation modules. Day 1 comprised of familiarisation of Da Vinci systems with scenarios and simulations at Intuitive Surgical’s training facility. Day 2 involved two concurrent consultant-proctored, live robotic cholecystectomy lists at Queen Alexandra Hospital. We assessed skill acquisition using surgeon console and proctor intervention times. This was contextualised with prior robotic experience, case complexity, postoperative outcomes, proctoring methodology and structured candidate feedback. Sixty-one proctored live robotic cholecystectomies were performed, of which 3 were excluded, leaving 58 procedures for analysis. 48 candidates participated. Median console time was 46.5 min and median proctor intervention time was 5.2 min, with similar outcomes across experience levels. No significant complications (Clavien-Dindo grade > III) were observed. Candidate satisfaction scores were high (mean scores ≥ 4.8 out of 5) for quality, structure and educational value. The Portsmouth Robotic Essentials Course appears to be a safe and feasible introductory model for early robotic training, based on short term trainee-based outcomes and intra-course safety data. Although these findings do not address longer-term learning curves or imply independent practice beyond the course, our course supports the acquisition of foundation robotic skills and may form one component of a stepwise training pathway alongside continued supervised clinical exposure and further competency-based assessment. The structured, proctored live-operating format may help inform the development of regional training hubs, supporting equitable access, aligning with the NHS England and GIRFT robotic surgery strategy. © The Author(s), under exclusive licence to Springer-Verlag London Ltd., part of Springer Nature 2026."
"226","Educating the Next Generation of Engineers in Systems Thinking and Digital Engineering","Kostekci, A.A.; Dybov, A.; Fresemann, C.; Kaiser, L.; Stark, R.","2025","10.1109/ISSE65546.2025.11370064","Engineering education is facing growing demands as technical systems become more complex, interconnected, and dynamic - creating new challenges for future engineers. To effectively prepare graduates for these challenges, engineering curricula must promote not only deep technical expertise but also cross-disciplinary and holistic thinking. In this context, Systems Thinking and Digital Engineering are emerging as critical competencies. However, these skills should not remain exclusive to specialized degree programs but instead be embedded as integral components of all engineering curricula. Drawing on the INCOSE Systems Engineering Competency Framework and the Stifterverband Future Skills Framework, we apply active learning strategies such as project-based learning, flipped classrooms, peer instruction, and gamification. Four modules are described in detail, illustrating how these frameworks and methods are addressed in practice. Through qualitative reflections on learning outcomes and student engagement, we highlight the benefits and challenges of this integrative approach. Finally, we discuss implications for curriculum development and the necessity of ongoing adaptation to evolving technological and educational contexts. © 2025 IEEE."
"227","Post-Carnegie II curricular reform: A north American survey of emerging trends & challenges","Pock, A.R.; Durning, S.J.; Gilliland, W.R.; Pangaro, L.N.","2019","10.1186/s12909-019-1680-1","Background: In 2010, coincident with the 100th anniversary of Flexner's sentinel report, the Carnegie Foundation published an updated review of North American medical education and challenged medical schools to initiate further educational reforms. Specific recommendations pertained to a) ensuring standardized outcomes while allowing for individualized processes, b) integrating foundational knowledge with clinical experience, c) cultivating habits of inquiry and innovation and d) professional identity formation. As we approach the 10-year anniversary of this latest report, we sought to determine what type of curricular revisions have been emerging within the past decade and what types of challenges have been encountered along the way? Methods: In 2018, an electronic survey was sent to all 166 Liaison Committee on Medical Education (LCME) accredited North American Medical Schools, using the points of contact (educational deans) that were listed in a publicly available, Association of American Medical Colleges database. Free text comments were grouped into themes using the constant-comparative technique. Results: Sixty unique responses yielding a 36.14% response rate. The distribution of responses was proportionally representative of the distribution of public vs. private, old vs. new vs. established North American medical schools. Self-reported curricular changes aggregated into five main themes: Changes in curricular structure/organization, changes in curricular content, changes in curricular delivery, changes in assessment, and changes involving increased use of technology/informatics. Challenges were predominantly focused on overcoming faculty resistance, faculty development, securing adequate resourcing, change management, and competition for limited amounts of curricular time. Conclusions: Changes in curricular organization, content, delivery, assessment and the use of technology reflect reforms that are broad and deep. Empowering faculty to ""let go"" of familiar constructs/processes requires strong leadership, particularly when initiating particularly disruptive curricular changes, such as relocating the Step 1 examination or shifting to a competency-based curriculum. While North American medical schools are responding to the calls for action described in the second (2010) Carnegie Foundation report, the full vision has yet to be achieved. © 2019 The Author(s)."
"228","The Institute of Coding Accreditation Standard: Exploring the Use of a Professional Skills Framework to Address the UK Skills Gap","Bowers, D.S.; Hayes, A.; Prickett, T.; Crick, T.; Streater, K.; Sharp, C.","2023","10.1145/3610969.3611121","Computing comprises a broad spectrum of subjects and specialisms, with a rich variety of undergraduate courses (including Computer Engineering, Computer Science, Cybersecurity, Information Systems, Information Technology and Software Engineering) offered by universities worldwide. This breadth presents challenges for employers considering employing computing graduates and hence desiring to know both the topics studied and the skills/competencies accumulated by graduates to be able to make appropriate job offers. Small to medium enterprises (SMEs) may not have the resources to provide graduate training programmes, and therefore need gwork-ready' graduates. This paper explores and evaluates the feasibility of benchmarking students' achievements against an industry-led skills framework, Skills for the Information Age (SFIA), to distinguish between what graduates know, have done or are competent in. The approach taken was evolutionary prototyping, informed by expert review. The work generated an accreditation standard that could be implemented or used as a model to enhance an existing accreditation standard. In contrast to academic approaches to competency-based education, or abstract notions of generic skills, this work focused on defining an output standard expressed in terms of employer needs and expectations captured in the SFIA skills framework. We show how a course meeting the proposed standard would satisfy the UK benchmarks for an undergraduate computing degree. By badging SFIA knowledge and competencies, such a course would enhance its learning outcomes, offering clarity for employers and career benefits to students. © 2023 Owner/Author."
"229","Determining the Learning Outcomes of a University Mathematics Module: The Case of the Algebra 2 Module in the SMIA Fields of Study","Ezzahraouy, Y.; Ourahay, M.; Laabid, E.","2024","10.18848/2327-7971/CGP/v31i01/91-112","The subject of this article falls within the framework of training engineering. Its aim is to present a methodological approach for determining the learning outcomes targeted by a mathematics module in a university course designed according to a curricular approach centered on the transmission of knowledge. This method is based on two elements: first, an analysis of the teaching resources (syllabuses, course, and tutorial sheets) used by five teachers from five Moroccan scientific establishments, according to the mathematical content and cognitive activity they require, and second, a categorization of learning outcomes in mathematics, based on the model used by the Trends in Mathematics and Science Study (TIMSS) survey. The question of transposing a program designed according to an academic approach based on knowledge to be transmitted, to a program designed according to a learner-centered approach is crucial to the overall improvement of the teaching system. This is the basis for learner-centered training engineering, opening the way to a process of adapting university training programs in the Moroccan university system to the current trend based on learning outcomes. © 2024 Common Ground Research Networks. All rights reserved."
"230","Building the national workforce for a sustainable energy future","Dias, J.M.; Deegan, A.","2020","","Developing the next generation of industry professionals from a national workforce is a critical requirement to ensure a competitive and sustainable energy industry going into the future. This paper will present a case study on the collaboration between a contractor and an operator to develop a certified training program addressing the needs of the project to ensure long-term sustainability through the upskilling of the local workforce while meeting comprehensive regulatory requirements. In response to changing demographics and local workforces, in addition to the specific needs and challenges faced by the industry, the development of the next generation of professionals requires a training program that addresses a more holistic approach to learning needs focusing on competency minded assessments through a blended learning platform; classroom coaching, e-learning, and on-the- job training including intensive simulated plant training. In addition, through the progression of both augmented/virtual reality software tools, there is even more potential to run real-life scenarios for plant operations and maintenance activities, simulations, plus many more, without exposing trainees to avoidable health and safety risks. These training programs, when certified by independent bodies such as Offshore Petroleum Industry Training Organisation (OPITO), City and Guilds, or Scottish Qualifications Authority (SQA), ensure a robust and inclusive training program that develops professionals who can meet the requirements of future employers. Training programs-when aligned with the end user-can be tailored to either meet specific demand requirements for an increased workforce for operations and maintenance of a new oil and gas facility or address a skill shortage within the end user or country. Petroleum Development Oman (PDO), a national oil company based in Oman, in collaboration with SNC-Lavalin, an engineering and construction service provider, developed a tailored training program to address a skill shortage in commissioning capabilities across the national workforce. The program has an initial six-month classroom coaching phase, coupled with e-learning modules, that progresses into skill-based training within simulation plants. The trainees then travel to the remote working sites for a 30-month program of on-the-job training and competency-based assessment. While on-site, the trainees are embedded into commissioning teams to support with activities while being coached and developed by skilled commissioning specialists to impart critical industry experience and knowledge. The program also had the added value of supporting In-country Value (ICV) initiatives and will ensure PDO has their own in-house local workforce capable of taking on the most complex of commissioning programs for years to come. This strategy establishes a sustainable and long-term approach to ensure the future skills required for the end users continue and operations and maintenance of the plants/facilities within the oil and gas industry are uninterrupted. © 2020, Society of Petroleum Engineers"
"231","Methodical system of teaching students computer science: competence-based approach","Akhsutova, A.; Kasymaliev, M.; Toikenov, G.; Avdarsol, S.; Orazbekov, Z.","2024","10.54919/physics/55.2024.96dp1","Relevance. This study investigates the relevant issue of training specialists with knowledge and ability to apply information technologies in professional activities. The relevance of this study is conditioned upon the national programmes and regulatory documents adopted in recent years in the field of education and the importance of being capable of using and studying computer science in modern times. Purpose. The purpose of this study lies in developing a methodological system for teaching students in a competency-based approach, which would maximise the impact on the quality of education and the level of proficiency in computer science. Methodology. The following general scientific methods were used in this study: logical-historical, pedagogical observation, analysis, synthesis, systematisation and generalisation, methods of mathematical statistics, as well as the Help&Manual programme. The use of the created methodological system was carried out involving students of Nasirdin Isanov Kyrgyz State University of Construction, Transport and Architecture, Kazakh University of Transport Communications, Almaty University of Power Engineering and Telecommunications named after Gumarbek Daukeyev in 2018-2019. Results. The result of this study is the motivation-target, content, activity-based, and evaluative-reflexive components of the methodological system highlighted by the authors, each of which is characterised quite succinctly and accessibly. The authors of this study covered the role of the course of computer science in the development of students’ skills in using the possibilities of information technology in the professional sphere, the development of instrumental competencies. Copyright © The Author(s)."
"232","Structured learning for robotic surgery utilizing a proficiency score: a pilot study","Hung, A.J.; Bottyan, T.; Clifford, T.G.; Serang, S.; Nakhoda, Z.K.; Shah, S.H.; Yokoi, H.; Aron, M.; Gill, I.S.","2017","10.1007/s00345-016-1833-3","Purpose: We evaluated feasibility and benefit of implementing structured learning in a robotics program. Furthermore, we assessed validity of a proficiency assessment tool for stepwise graduation. Methods: Teaching cases included robotic radical prostatectomy and partial nephrectomy. Procedure steps were categorized: basic, intermediate, and advanced. An assessment tool [“proficiency score” (PS)] was developed to evaluate ability to safely and autonomously complete a step. Graduation required a passing PS (PS ≥ 3) on three consecutive attempts. PS and validated global evaluative assessment of robotic skills (GEARS) were evaluated for completed steps. Linear regression was utilized to determine postgraduate year/PS relationship (construct validity). Spearman’s rank correlation coefficient measured correlation between PS and GEARS evaluations (concurrent validity). Intraclass correlation (ICC) evaluated PS agreement between evaluator classes. Results: Twenty-one robotic trainees participated within the pilot program, completing a median of 14 (2–69) cases each. Twenty-three study evaluators scored 14 (1–60) cases. Over 4 months, 229/294 (78 %) cases were designated “teaching” cases. Residents completed 91 % of possible evaluations; faculty completed 78 %. Verbal and quantitative feedback received by trainees increased significantly (p = 0.002, p < 0.001, respectively). Average PS increased with PGY (post-graduate year) for basic and intermediate steps (regression slopes: 0.402 (p < 0.0001), 0.323 (p < 0.0001), respectively) (construct validation). Overall, PS correlated highly with GEARS (ρ = 0.81, p < 0.0001) (concurrent validity). ICC was 0.77 (95 % CI 0.61–0.88) for resident evaluations. Conclusion: Structured learning can be implemented in an academic robotic program with high levels of trainee and evaluator participation, encouraging both quantitative and verbal feedback. A proficiency assessment tool developed for step-specific proficiency has construct and concurrent validity. © 2016, Springer-Verlag Berlin Heidelberg."
"233","Technical and Vocational Education and Training Curriculum in Engineering Based on Digital Twin and Internet of Things Integration for Smart Industry","Leong, W.Y.","2025","10.1109/ICCBE65177.2025.11255862","The swift progression of Industry 5.0 technologies necessitates a significant re-evaluation of technical and vocational education and training (TVET), especially in engineering education. Therefore, it is necessary to investigate the integration of digital twin (DT) and Internet of Things (IoT) into TVET curricula in engineering to cultivate competencies for smart manufacturing, automation, and cyber-physical systems. Traditional engineering training models do not provide students with the skills required for modern industrial ecosystems, such as real-time system monitoring, predictive maintenance, and data-driven decision-making. By incorporating digital twin simulations and IoT-enabled infrastructure, students can gain immersive, hands-on experience in smart factories, energy grids, and intelligent transport systems. The curriculum model developed in this study emphasizes modular competency-based learning, live-data experimentation, and collaborative problem-solving. The model prepares graduates to excel in interconnected and automated environments, thereby enhancing student engagement, adaptability, and innovation. A case study was conducted to analyze the improved technical outcomes and readiness for Industry 5.0 based on the educational transformation. Strategic recommendations were proposed for policymakers, curriculum developers, and industry partners to institutionalize the TVET curriculum. © 2025 IEEE."
"234","Curriculum Reshaping Supply and Demand: A Comprehensive Approach to Information Technology Curriculum Reform for the Modern Workforce","Hu, W.; Yang, F.","2025","10.1109/ICETM67477.2025.11413578","This study explores IT curriculum reform in vocational-technical education (VTE) using the Photoshop CS6 (PS CS6) course as a case study. We integrate the Analytic Hierarchy Process (AHP) to align educational outcomes with modern workforce demands, emphasizing competency-based learning and industry relevance. Our approach restructures curricula, implements modern assessment techniques, and leverages the 'Tian Jiabing Cup' competition to bridge academia-industry gaps. Results show a 98% student learning efficiency and significant skill enhancement, validating the model's efficacy in preparing graduates for evolving technological landscapes. © 2025 IEEE."
"235","Applying a Competency-Based Education Approach for Designing a Unique Interdisciplinary Graduate Program: A Case Study for a Systems Engineering Program","Thompson, A.; Stuber, M.D.; Han, S.; Dutta, A.; Xu, H.; Zhou, S.; Yang, Q.; Miao, F.; Bollas, G.M.","2023","","Starting in 2020, ten faculty members of the University of Connecticut's (UConn) Master of Engineering program in Advanced Systems Engineering applied four existing competency frameworks to define the unique aspects of their professional training program using a competency-based education approach. The four frameworks include the 21st Century Cyber-Physical Systems Education report published by the National Academies Press, the Applied Mathematics at the U.S. Department of Energy report published by Lawrence Livermore National Laboratory, the INCOSE (International Council on Systems Engineering) Systems Engineering Competency Framework, and the INCOSE Model-Based Enterprise Capabilities Matrix. The purpose of the use of these frameworks and reports was to identify generally desirable competencies that a professional should acquire when training at the graduate level in systems engineering for the development of complex CPS. The competency-based education process included a mapping of previously defined student learning outcomes to competencies defined in the frameworks. This paper explains the systems engineering education program background, competency-based education initiative goals, methods, process, and results. The paper concludes that a tailored approach to graduate education programming, based upon this competency-based education and course assessment method, can be used to differentiate graduate systems engineering programs from each other. The paper also concludes that customized learning, targeting specific systems engineering skillsets, can be achieved by each systems engineering student based upon offering an open and customizable course curriculum. Students can use their competency-based learning plans and social-media-recognizable badges to signify their unique systems engineering competencies and learning outcomes achieved either through a four-course Graduate Certificate or a ten-course Master of Engineering program offered by UConn. The competency definitions by graduate course can be used by graduate students to create a longer-term systems engineering professional development plan that supports life-long learning. © American Society for Engineering Education, 2023."
"236","STUDENT CENTERED METHODS, SOFT SKILLS AND COMPETENCY BASED LEARNING FROM THE VIEW OF ENGINEERING AND TECHNICAL TEACHER STUDENTS","Tomory, I.","2023","","In pedagogy, it is often emphasized that we need to go beyond the traditional level of teaching and in addition to professional knowledge to integrate skills that support the acquisition of 21st century skills such as problem-solving, creativity and critical thinking, or social skills and emotional intelligence, which are highlighted in the labor market. These, so-called soft skills, are the hard-to-grasp, non-cognitive skill areas but they are the key to students' later success, the development of which requires the ability to learn competencies and skills and the preparation of future teachers. This study presents a slice of a university example of the integration of student-centered educational practices in the perspective of methods and soft skills in engineering teacher and technical teacher training. As part of a development process, we examined the role of learning-teaching methods in successful learning, in the positive shaping of the teacher's role, and in the acquisition of soft skills. Part of this was the preliminary and subsequent survey connected to the pedagogical subjects, the purpose of which was to map the basic pedagogical/methodological knowledge and the preliminary views of the students. The results of several semesters of development and surveys show that teacher candidates have a positive opinion of competency-based learner-centered approaches, but more pedagogical training and support would be necessary, which has a serious impact on the quality of their own classroom teaching and assessment practices. During the semesters, it also became certain that the necessary skills can be developed and that the students positively evaluate the new approach, learning about student-centered methods. © CELDA 2023.All rights reserved."
"237","Assessing TEC21 Educational Model's Impact on Transversal Competencies among Undergraduates in Internship Programs","Chans, G.M.; Tejeda, S.; Becerril, M.P.; Camacho-Zúñiga, C.","2024","10.1109/EDUCON60312.2024.10578325","In recent years, research has emphasized a widening skills gap between job requirements and graduate qualifications. This gap hinders university-to-industry transitions, exacerbating unemployment and talent shortages. Tecnologico de Monterrey introduced TEC21 in 2019, an educational model emphasizing challenge-based and competency-based learning to tackle these issues. A qualitative research design with semi-structured interviews was used to explore the college-to-work transition experience of ten third-year engineering students. The present research reports their perceptions during internships regarding the gains and tools enhanced by the educational model toward improved performance at professional practice within the industry. We analyzed the seven transversal competencies postulated by TEC21. As a result of this exploratory study, participants reported that this model could be considered effective training for improved internship performance. Results included the competencies that students identified as relevant to their professional practice and their level of proficiency in each competency (incipient, intermediate, or advanced). Beyond the limitations of the research, these results contribute to the broader discourse on bridging the gap between academic and industry competencies and highlight the need for incorporating continuous improvement systems to increase the adaptability of the educational models to the fast-evolving requirements of Industry 4.0. Moreover, they could inspire other higher education institutions to implement similar methodologies to keep up with the changing demands of the labor market and continue to be a driving force for societal improvement.  © 2024 IEEE."
"238","Reconstructing Higher Education in the Big Data and AI Era: Interdisciplinary Integration and Problem-Driven Talent Cultivation","Liang, Y.; Wang, J.; Wang, J.","2025","10.1109/ICDEL65868.2025.11193480","In the context of the transformation of social production methods driven by big data and artificial intelligence (AI), the contradiction between the traditional ""discipline-based""model of higher education and the AI-driven demand for ""composite competencies""has become increasingly prominent. The outdated talent cultivation and evaluation models fail to meet the demands of the times. This paper, starting from the educational transformation driven by technology, and combining the theory and practice of interdisciplinary integration, proposes a framework for the reconstruction of engineering education centered on ""building interdisciplinary knowledge networks - training problem-solving skills - human-machine collaborative innovation practices.""It suggests that higher education should transform its talent cultivation model from a ""discipline-based""to a ""competency-based""approach through the reconstruction of curricula, innovation in teaching models, integration of resource ecosystems, and optimization of talent evaluation systems. The goal is to cultivate interdisciplinary talents with critical thinking, interdisciplinary literacy, human-machine collaboration, and lifelong learning abilities. © 2025 IEEE."
"239","Embedding Green and Digital Competences in Engineering Curricula Through IoT-Driven Demonstrative Activities","Cruz-Ruiz, A.; Gilarranz-Casado, C.; Leo-Ramirez, A.; Garcia-Alcantara, V.; Alvarez, J.; Tabuenca, B.","2025","10.1109/ICELIE64733.2025.11244789","This article presents a hybrid demonstrative activity on precision agriculture, aimed at fostering digital green competences among engineering students. The activity lever-Ages an IoT-based smart irrigation system-including ESP32 microcontrollers, environmental sensors, actuators, and cloud integration-As a hands-on learning context. Participants were introduced to the operational features of the system and engaged in configuring sensors, collecting real-Time data, and visualizing environmental variables to optimize irrigation strategies. The educational experience was assessed using the SUTEEComp framework, which integrates digital and sustainability-oriented competences rooted in the European DigComp and GreenComp standards. This article analyzes how learners developed competences across areas such as data literacy, digital collaboration, creative problem-solving, and environmentally responsible action. The results suggest that demonstrative activities combining real-world IoT systems and structured competence assessment can effectively support the acquisition of digitally-enabled green skills in engineering education. Implications for course design and educational innovation in digital agriculture are discussed.  © 2025 IEEE."
"240","An Effective Systematic Approach to Migrate a Bachelor of Science in Computer Engineering Degree Program to Online Modality","Qu, Y.; Cai, R.; Unglaub, R.","2022","10.1109/FIE56618.2022.9962443","During the last two and half years, the Covid-19 Pandemic has made online learning environment (OLE) a necessary modality for all educational degree programs globally. However, migrating a conventional ground campus only Bachelor of Science in Computer Engineering (BSCE) degree program into an online modality is a project more complicated than simply replicating what is common in an on-ground classroom into a virtual classroom. The major challenges include how to maintain instructional effectiveness in an online modality, how to enable students accessing lab equipment to conduct hands-on experiments in an OLE, how to support students expeditiously when they encounter difficulties in an asynchronous communication based OLE, and how to assess students work produced in an OLE, etc. In this paper, we share our experience on how we applied a systematic approach, guided by various learning pedagogies, migrating a ground campus only ABET accredited BSCE degree program into the online modality successfully. Our practice has demonstrated that this approach can assist us to quickly identify solutions, quite often unique to the OLE, based on the specific characteristics of online modality to effectively address various typical challenges encountered during the process of migration. © 2022 IEEE."
"241","Change to competence-based education in structural engineering","De Justo, E.; Delgado, A.","2015","10.1061/(ASCE)EI.1943-5541.0000215","The launching of the European higher education area (EHEA) in 2010 has imposed new challenges on European universities. Traditional teaching methods, based on lectures and examinations, are no longer suited for the new EHEA educational approach, now focused on competences development. Instead, active learning methods as problem-based learning are far more appropriate. This paper examines the effect of a change to competence-based education through problem-based learning (PBL) in the field of structural engineering, carried out in a first year structures course. The structures program design is described with details of the PBL implementation. A program evaluation based on students' and faculty surveys is carried out. The evaluation results show that the program has been effective in the achievement of the proposed objectives. The benefits of the new approach include an increase in students' motivation and a better integration with other architecture disciplines. The main challenges encountered are the increase in faculty time commitment and the academic resistance to change. Extrapolation to other disciplines is possible, although it requires restructuring of subject knowledge and methods. © 2014 American Society of Civil Engineers."
"242","Developing Harmonized Benchmarks for the Master of Science in Health Informatics for the East African Region","Nyangena, J.; Some, K.; Kuria, M.; Nangulu, A.; Kasasa, S.; Da Costa Vroom, F.B.; Wright, G.; Were, M.C.","2022","10.3233/SHTI220211","Higher education institutions in low-and middle-income countries are increasingly offering post-graduate degree programmes in health informatics. An analysis of accredited Master of Science in Health Informatics (MSc HI) programmes in the East African Community (EAC), a common higher education and labor zone, revealed wide variability in covered courses and competencies. In this paper, we describe the process undertaken to harmonize and establish common benchmarks for MSc HI for the EAC, in collaboration with the Inter-University Council for East Africa (IUCEA). After a multi-step process involving desk-reviews, benchmarking workshop with stakeholders, and quality assurance of benchmarks by IUCEA, the MSc HI benchmarks were finalized. These benchmarks outline the MSc HI degree programme goal, objectives, admission criteria, graduation requirements, and expected Learning Outcomes (ELOs). The ELOs are further translated into courses covering all identified skills and competencies. The benchmarks should facilitate mobility of students, faculty and labor, and improve program quality. © 2022 International Medical Informatics Association (IMIA) and IOS Press."
"243","Engineering school women faculty evaluation in Tec21 competence educational model","Nolazco-Flores, J.A.; Swain-Oropeza, R.","2021","10.1109/EDUCON46332.2021.9453941","This work presents the descriptive analysis of the results of the students' woman-faculty evaluation close question survey results for the Tec21 Competence-Based Educational Model. The analysis includes, and discusses, box graphs of the results of the 2019 fall term and 2020 spring term by region and campus in our University. The analysis also includes the distribution of the woman-faculty evaluation in the same two terms. This study includes 6, 442 students evaluating more than 700 full-time and part-time faculty members lecturing more than 400 courses from the School of Engineering and Science, in more than 26 campuses in Mexico at Tecnologico de Monterrey. The results of this descriptive analysis show that women are around 46% of the faculty; woman faculty highly improve performance students' survey results from one term to the next; more than 50% of the women faculty are evaluated above 9; the median of students' survey results shows that women faculty median is only two decimals below men faculty; women faculty perform better in Blocks a kind of project course delivered by at least 3 professors and where collaboration is crucial. This analysis shows that women faculty adapted pretty well their teaching style to the Tec21 competency-based education model. © 2021 IEEE."
"244","Perceptions of Flight Crew Resilience Among Commercial Pilots: Evaluation of Pilots' Acceptance of CBTA Across China, the United States, Europe, and the Asia Pacific","Pang, Y.; Blundell, J.","2025","10.1109/ICTIS68762.2025.11215022","Airline pilots play a critical role in ensuring safety in aviation. This study investigates commercial pilots' perceptions of flight crew resilience, and their acceptance of Competency-Based Training and Assessment (CBTA) utilizing revised questionnaires from the Flight Management Attitude and Safety Survey (FMASS). The research included pilots from China, the United States, Europe, and the Asia Pacific, aiming to assess their understanding, acceptance, and application of resilience concepts and CBTA methods in daily operations. The study uses a questionnaire that includes open questions for pilots to share their suggestions for CBTA training. This advantage allows the study to apply both quantitative and qualitative approaches. The mixed methods of SPSS v.26 and NVivo provide valuable insights. The findings indicate that pilots possess a better understanding of, and more positive attitudes toward, Crew Resource Management (CRM) and Threat and Error Management (TEM). The study advocates for fostering a supportive cockpit environment, emphasizing the importance of airline culture and cockpit climate in building resilience. It also highlights the necessity of incorporating resilience training into initial pilot education and during CBTA programs. Recognizing that humans are critical to the aviation system, the study concludes that resilience training for flight crews should be introduced from the very first lesson in pilot training. Additionally, successful pilot training outcomes will benefit from collaboration between researchers and industry practitioners.  © 2025 IEEE."
"245","Competences Assessment and Gamification Strategies to Incentive Students","Séculi, F.; Julián, F.; Xavier Espinach, F.; Alcalà, M.","2022","10.1007/978-3-030-92426-3_35","Competency-based education is already adopted by higher education institutions around the world. This study presents the results of an investigation carried out with engineering students. The objective is focused on exploring aspects of innovations in teaching and learning through a competence assessment procedure and some aspects of gamification. The goal is to improve content learning, as well as the academic performance of the students. Cycloid is the ICT tool used in previous years for the assessment of competencies. The study showed some results detected as weaknesses by the student. As a prevention measure, it was decided to introduce gamification as the strategy in the subject of technical drawing in the Degree in Engineering in Industrial Technologies at the University of Girona. This contribution describes a practical experience through the use of certain aspects of gamification during the course 2019–2020, student’s motivation, and acquisition of competencies. We worked with a total of 78 students. In conclusion, comparing with previous studies, the academic results obtained were positive and the students were more enthusiastic about this subject. They also collaborated to continue team working, creating a good atmosphere. They also faced the change in weaknesses observed in the assessment of competencies, positively. © 2022, The Author(s), under exclusive license to Springer Nature Switzerland AG."
"246","Pedagogical assessment of general professional competencies of technical engineers training","Barinova, D.; Ipatov, O.; Odinokaya, M.; Zhigadlo, V.","2019","10.2507/30th.daaam.proceedings.068","The article is devoted to the actual problem of pedagogical assessment of general professional competencies of technical engineers’ students. The analysis of the results of a study conducted at Peter the Great St. Petersburg Polytechnic University is presented, the criteria and characteristics for evaluating general professional competencies at various stages of their formation in the educational process are identified, and the problem areas for evaluating students’ academic achievements are revealed. Experimental work confirmed the effectiveness of the identified criteria and characteristics of assessing the competencies at various stages of their formation in the educational process, namely, conducting verification work; preparation of monologic utterance on one of the studied subjects; carrying out written work in accordance with the lesson plan; conducting home reading; preparation of project work; implementation of work on a distance course; conducting an intermediate; conducting a final test; the introduction of bonus points for attendance. In assessing the success of a technical university student, the subjective assessment of the teacher is also taken into account. This form of assessment can serve as a practical basis for the activities of technical universities, allowing qualitative and quantitative assessment of changes in the educational development of students of technical universities. © 2019, Danube Adria Association for Automation and Manufacturing, DAAAM. All rights reserved."
"247","Improving Professional Dispositions in Computing Curriculum Using Sequential Peer Assessment","Patel, D.K.; Patel, A.N.; Dave, R.N.","2026","10.1145/3770762.3772671","In modern computing education, constructing fair and data-driven mechanisms to assess teamwork and collaboration skills in student teams remains a persistent pedagogical challenge. Instructors struggle to balance the subjective nature of peer evaluations with the need for actionable feedback that aligns with professional dispositions. Existing CS education research provides useful insights through qualitative surveys and peer evaluations. However, quantitative frameworks can help capture dynamic team interactions and deliver timely, calibrated feedback on collaboration. We present a data-driven, iterative intervention workflow that uses quantitative metrics to identify group-level weaknesses and guide simple, weekly course team-led meetings targeting effective communication, and team cohesion. Sequential Peer Assessment (SPA) was conducted through an open-source platform TEAMMATES1 at the semester midpoint to identify key areas that needed work and again six weeks later to measure shifts in defined team performance metrics. Our analysis revealed a 22% increment in average peer ratings of the class, along with improvement in team cohesion and perception gaps among the students. This repeatable, scalable process aligns directly with ABET student outcomes and competency-based education goals, improving professional dispositions and promoting equitable teamwork in computing courses. © 2026 Copyright held by the owner/author(s)."
"248","Fostering and Assessing Dispositions by providing Grades a Meaning in a Computing Education Context","Tubino, L.; Cain, A.","2024","10.1145/3649217.3653616","Competency-based learning has been proposed to help better meet industry expectations of IT graduates. Despite this potential, there is a scarcity of computing education curricula that promote and assess competencies. This paper describes a proposal for a program-wide initiative that aims to improve employability for Information Technology (IT) graduates through innovations in assessment that integrate competencies in the curricula. Application of the framework presented provides opportunities to expand assessment to focus more on competencies by incorporating behaviours and dispositions alongside knowledge and skills. Outcomes and insights from this work are presented through a framework implementation that can guide assessment design. Future work proposes methods for evaluating this more completely by incorporating student experiences. © 2024 ACM."
"249","Computer Science Curricular Guidance for Associate-Degree Transfer Programs","Tang, C.; Tucker, C.; Servin, C.; Geissler, M.","2018","10.1145/3159450.3159536","After two years of intense curriculum development effort, the ACM CCECC (Committee for Computing Education in Community Colleges) published Computer Science Curricular Guidance for Associate-Degree Transfer Programs with Infused Cybersecurity, known as CSTransfer2017. Based on Computer Science Curricula 2013 (CS2013), this guidance was specially designed to aid in the smooth transfer from associate degrees to baccalaureate degrees. The curriculum contains 17 of CS2013's 18 knowledge areas, and a variety of knowledge units appropriate in the first two years of a computer science degree. The guidance comprises over 200 learning outcomes, 64 of which are infused with cybersecurity, along with a three-tiered assessment rubric using measurable verbs from Bloom's Revised Taxonomy. In addition to the CSTransfer2017 task group consisting of 20 community college educators, input from both two- and four-year educators was collected via surveys administered to a global audience, as well as two rounds of public review and comment on drafts of the guidance. Examples of degree and certificate programs that align with CSTransfer2017 are part of a growing repository hosted on the CCECC website, ccecc.acm.org. These program examples demonstrate the adaptability of this competency-based curriculum approach to a variety of computing programs. The CCECC invites institutions to highlight their computer science degree program by submitting a program example at ccecc.acm.org/correlations. © 2018 Association for Computing Machinery."
"250","Developing home grown talent operations' manpower","Agawani, M.M.; Abdalla, T.S.; Almustafa, F.Z.; Ho, K.M.","2017","10.2118/183774-ms","Saudi Aramco's Drilling & Workover (D&WO) organizationsought to recruit competent Saudidrilling professionals to help implementits aggressive drilling operations plan. During the past few years, the D&WO organization was facing some difficulties attracting local professionals. In order to meet the national and global commitments, it became necessary to develop and retain additional Saudi drilling professionals to manage D&WO activities. This paper outlines how Saudi Aramco trains and develops local talent through its Rig Operations Program (ROP). This customizedprogram wasdeveloped internally by implementing mixed training methods. This strategyhelps to ensure the success of local talent entering the Saudi Aramco workforce. The Saudi Aramco D&WO Training Division has implemented this program to accelerate the development of recent Saudi engineering graduates. The goal is to prepare them to be world-class drilling engineers and drilling foremen. The ROP is unique in that it is developed and implemented by the Saudi Aramco D&WO Training Division in cooperation with drilling contractors. Multipletraining methods have been implemented to meet the objectives and requirements of each assignment throughout the three-year program duration. The ROP includes world-class classroom learning, e-Learning, knowledge transfer and competency based training. Mentorship and on-the-job training is also incorporated. In addition, the latest drilling engineering software, well control simulators and training rigs are integrated into this development program. The ROP has gone through several revisions and improvements since 2011. Now it has a solid structure that includesa rigorous evaluation system. This ensures high competency levels of the participants graduating from the training program. Through extensive program evaluation, we have determined that mentoring and employing diverse training methods have dramatically aided the development of theemployees. These methods have helped them to quickly contribute to their organizations by handling their regular dutiesin a shorter period of time. This paperoutlines the structure of the program, and how it is implemented by the D&WO Training Division. Alsoincluded are the evaluation findings and methods for tracking the participants' progress. In addition, measurement tools used to gauge the training program's success and major challenges are detailed. Lessons learned with recommendations stemming from the implementation and evaluation phases of the training program are discussed. Executing such a program is very costly in the short term. However, it provides a significant return on investment as talented Saudi professionals take over D&WO operations; thereby, reducing the need for expatriates. The ROP is an excellent example of how to quickly develop young drilling and workover foremen and engineers, and prepare them to professionally handle the complex tasks associated with D&WO operations. Copyright © 2017 Society of Petroleum Engineers."
"251","Social Informatics Experience: A Case Study on Learning and Teaching Sociological Basics in a Technical Context","Weßel, C.","2021","10.18267/j.aip.170","To be able to play an active role in the design, creation and development of a networked society, students, scholars and practitioners need basic knowledge in social informatics. Students at a university of applied sciences attended a one-term seminar that consisted of eight two-day workshops. The students learned and used theories, concepts and methods of social informatics (SI), focusing on the sociological part of SI. The learning and teaching approach is grounded in competency-based learning. It enables students to explore a certain field. This is implemented by means of organization development, project-based learning, agile learning and teaching plus blended learning. It empowers teachers and students to work together efficiently, effectively and with joy. To learn how and why this approach worked, an embedded case study investigated the design, implementation and evaluation of the workshop series. Finally, the paper describes impediments to the communication and understanding of the term and the field of social informatics and sketches ideas how to deal with it concerning study programmes and the value social informatics can contribute to challenges like a pandemic.  © 2021 by the author(s)."
"252","Learning spaces for a competency-based model: Post-occupancy evaluation","Rincon-Flores, E.G.; Moreno, J.A.M.; Lopez-Camacho, E.; Mena, J.","2021","10.1109/EDUCON46332.2021.9453977","Competency-based education is increasingly demanded in higher education institutions. Tecnologico de Monterrey (TEC, Mexico) implemented a new educational model based on competencies (TEC21), thus, innovative spaces were designed to ensure versatile and flexible learning. This research is a post-occupancy evaluation and aims at exploring the extent to which classroom design can boost a competency-based model learning in engineering students (n = 122) in different campuses throughout the country. A mixed research method based on data collected from a satisfaction and compatibility questionnaire and classroom observations was utilized. Main results indicate that, generally speaking, students were more satisfied with the learning spaces than teachers were. We discuss the importance of the tables, chairs, and electric outlets in the classroom. Secondly, the innovate spaces highly promoted collaborative work but they were not enough to support prototype designing lessons in engineering. Overall, the innovative spaces are designed to cover different discipline contents so that, not all of them meet the learning needs of all the subjects taught in the higher education institution. © 2021 IEEE."
"253","Preparing Accountants of the Future: Five Ways Business Schools Struggle to Meet the Needs of the Profession","Pasewark, W.R.","2021","10.2308/ISSUES-19-025","In the past few years, the demand for accountants has decreased significantly. Much of the decrease can be explained by offshoring and use of robotic and automated cognitive processes. To prepare for changing needs of the financial community, several groups have identified professional competencies they believe will be needed by future accounting professionals. The intent of this commentary is to illustrate changes in the profession and emphasize how academic institutions might preemptively address those needs. I discuss five ways business schools have struggled to meet the needs of the accounting profession. These include obstacles related to (1) developing competency-based curricula, (2) formulating reliable indicators of student performance, (3) offering convenient delivery of educational services, (4) delivering economical tuition value, and (5) providing meaningful opportunities for lifelong learning. I conclude by suggesting ways academic institutions might improve their value to the accounting profession. © 2021, American Accounting Association. All rights reserved."
"254","Shaping the Future of Digital Health Education in Canada: Prioritizing Competencies for Health Care Professionals Using the Quintuple Aim","Rees, G.; Nowell, L.; Risling, T.","2025","10.2196/75904","The integration of digital health and informatics competencies into health care education in Canada is essential for preparing a workforce capable of leveraging health care technologies to enhance care delivery and patient outcomes. Despite significant advancements, the current educational landscape in digital health remains inconsistent, characterized by fragmented curricula and uneven competency attainment. Addressing these gaps requires an innovative reframing of digital health competencies guided by a robust, outcomes-oriented framework. These authors propose the Quintuple Aim as an effective framework for outlining and organizing digital health and informatics competencies, focusing simultaneously on improving patient experience, enhancing population health, reducing health care costs, improving health care provider experience, and advancing health equity. Each dimension of the Quintuple Aim provides a critical lens for identifying, prioritizing, and contextualizing core competencies. Within the “patient experience” aim, competencies prioritize patient-centered technology use, including digital literacy, privacy awareness, and the ability to empower patients through technology. “Healthcare provider experience” competencies prioritize usability, workflow integration, and strategies to mitigate technology-related burnout. Under “population health,” competencies emphasize data-driven decision-making, analytics, and health informatics to support effective public health interventions. Competencies associated with “cost reduction” focus on operational efficiency, resource optimization, and economic evaluation of digital health solutions. Finally, “health equity” competencies emphasize inclusivity, cultural safety, and the elimination of digital divides, ensuring equitable access to digital health technologies. Potential assessment strategies aligned with each competency area are highlighted, emphasizing formative and summative evaluations that include simulation-based assessments, real-world technology integration projects, and reflective practice portfolios. By applying the Quintuple Aim as a guiding structure, digital health education can achieve greater standardization, clarity, and alignment with health care system needs, while simultaneously allowing for tailored adaptations responsive to specific regional and institutional priorities. This paper introduces the Quintuple Aim as a guiding framework to comprehensively identify and organize core digital health and informatics competencies for health professional education. © Glynda Rees, Lorelli Nowell, Tracie Risling."
"255","Enhancing Competency-Based Learning and Employability through a Course Recommender AI-Assisted System","Dehbozorgi, N.; Parizi, R.M.","2023","10.1145/3585059.3611435","As advanced technologies become increasingly integrated across all fields, it is necessary to make interventions in both academic and industrial domains. Industries seek out college graduates with strong academic credentials, digital literacy, technological proficiency, and essential soft skills like critical thinking, problem-solving, teamwork, and management. Traditionally, student performance has been evaluated based on an overall GPA score. However, this cumulative score fails to provide a detailed reflection of students' competence at the level of the course Learning Objectives (LOs). Consequently, it becomes challenging to identify specific strengths and weaknesses in technical areas. The constructive alignment framework offers an outcome-driven approach in which it defines a set of LOs for each course in the program and aligns teaching and assessment methods around it to fulfill those objectives. This framework has garnered recent attention in higher education due to the expansion of subjects and the diverse skills required for the 5th industrial revolution. In this study, we propose an AI-assisted system that adopts this framework and identifies students' learning gaps at the level of course LOs, and recommends courses to fill these knowledge gaps and also meet the expectations of prospective job positions. This comprehensive approach helps students acquire the technical knowledge necessary to align with their career goals.  © 2023 Owner/Author."
"256","Developing Green Design Competencies in Engineering Undergraduates","Wang, L.; Yuan, J.; He, J.; Li, H.; Huang, Z.","2025","10.1002/eng2.70343","This study proposes and evaluates a practical teaching framework oriented toward green design, aiming to foster an effective learning environment within engineering education. The framework is designed to enhance students' environmental awareness, professional competencies, and interdisciplinary collaboration skills. By integrating life cycle assessment (LCA) into product design processes, the framework provides empirical evidence supporting low-carbon-oriented pedagogical practices and addresses the imperative to embed Sustainable Development Goals (SDGs) in engineering curricula. Developed in accordance with general competency-based education principles, the framework emphasizes curriculum development, course optimization, quantitative assessment, and the construction of supportive learning environments. The teaching implementation features product performance simulation, LCA, and design optimization, supplemented by elective modules, teamwork, structured workflows, and immediate feedback mechanisms. Results demonstrate that the framework effectively facilitates the integration of SDGs into classroom practice. Students not only enhanced their technical design skills but also experienced a sense of accomplishment by achieving low-carbon objectives. Furthermore, the approach significantly improved students' environmental consciousness and teamwork abilities, positioning them to become proactive contributors to green design and sustainable development. © 2025 The Author(s). Engineering Reports published by John Wiley & Sons Ltd."
"257","Advancing Building Energy Retrofit Industry through Engaged Scholarship","Safari, M.; Asadi, S.","2022","","This paper outlines the result of an innovative program to develop a competency-based curriculum and a work process to engage students in energy assessment of small commercial buildings in their community. Throughout the resulting course, “Leadership in Building Energy Efficiency (LBEE),” students were trained to gather buildings’ energy-related data and make recommendations for potential courses of action. The program facilitated energy assessment for 45 commercial buildings and supported the development of a retrofit plan with financing in place for nearly 30 of these projects. The purpose of this collaborative program was to advance building energy efficiency through the introduction of new methods and processes leading to financially viable energy retrofits of small commercial buildings. The program focused on assisting small restaurants, grocery stores and other food sales/services that are low-profit- margin and usually lack the ability to manage and finance energy efficiency improvements. As a result of this program, students got engaged in making long-term improvements in their communities. Additionally, they gained the real-world skills necessary to develop and execute energy retrofit projects for other customer segments as part of their careers. The program is broadening and scaling up to include other building use types and aims to be part of the development pipeline for energy retrofit projects in a way that develops students’ capabilities, increases the knowledge of building owners and operators, and reduces the development costs of energy service firms and third-party financers. © 2022, Advances in Engineering Education. All Rights Reserved."
"258","Electronic Portfolio as a Tool for Managing Students in the Terms of Employment in the Activities of a University","Marinin, S.A.; Savchenko, E.V.; Tugova, M.A.","2025","10.1109/TIRVED67702.2025.11367190","In the modern system of higher education, the use of an electronic portfolio (e-portfolio) is becoming increasingly relevant. The e-portfolio acts as tool that allows you to accumulate and present evidence of the development of these competencies in a structured manner, which is in line with the concept of a competency-based approach in education and the requirements of stakeholders for the quality of personnel training. Research in the field of pedagogy and education management confirms the need to develop and implement systems for assessing and demonstrating competencies that go beyond traditional academic assessments. The introduction of IT in the educational process has become a necessity, and the eportfolio acts as an effective means of integrating these technologies into the educational process. The purpose of our study was to test the hypothesis that the level of motivation of students who have access to comparing their achievements with the achievements of the group will be higher than that of students who do not use the e-portfolio. The subject of the study is the use of e-portfolio in the educational process of engineering universities. The task of the study is to experimentally check and compare the indicators of student groups in educational, research, sports and social public blocks. The work used such methods as analysis of the research problem, scientific and methodological literature, analysis of the principles of formation of the e-portfolio created by the staff of engineering universities. As a result of the pedagogical experiment, conclusions were made about the effectiveness of using the e-portfolio in the classroom and independent work of students  © 2025 IEEE."
"259","Integral Evaluation For Engineering Graduates: Comparison Of Competency-based Assessment Tools","Romero Robles, L.E.; Luna Villarreal, K.; Oropeza, R.S.; Alejandra Vargas Oviedo, F.; Gonzalez-Guerra, L.H.","2024","10.1109/WEEF-GEDC63419.2024.10854950","The transformation of competency-based education has laid new challenges for the evaluation systems of our students. In Mexico, there are several different types of evaluation that are used to assess the competencies required for graduation. One of the requirements to graduate at our institution is the application of the EGEL standardized exam, which is an instrument designed to evaluate knowledge and skills, both disciplinary and transversal, that we believe are essential for higher education graduates.Furthermore, there are other complementary evaluations that may allow the validation of the graduation competencies proposed in the different study programs of engineering students. In this regard, assessments can provide greater clarity about the strengths, abilities, and areas of improvement of the graduate candidates. They can help to evaluate the student's analytical capacity, as well as their ability to collaborate and interact with other people, their orientation to detail as well as its results-based orientation. The aim of this article is to demonstrate the importance of applying integrated evaluations to students and to compare the results of standardized exams with the application of an integrative project assessment in B.S. in Computer Science and Technology program. The results obtained in the EGEL indicate levels of performance that can range from outstanding, satisfactory, or unsatisfactory. The results obtained indicate a high level of compliance, at least satisfactory. On the other hand, the results of the assessment of the integrative projects of the final year record the evaluation of the competences achieved at the sole level of the generation of students analyzed. © 2024 IEEE."
"260","Integrating Digital Health and Informatics Competencies in Nursing Curricula: A Framework for Nurse Educators","Belchez, C.A.; Kunkel, D.; Kulhanek, B.; Tietze, M.F.; Pinekenstein, B.","2026","10.1097/NNE.0000000000002117","Background: – Nursing education needs to prepare students for rapidly evolving technology-driven care. The Multimodal Nursing Informatics Framework (MNIF) guides faculty in integrating digital health and informatics competencies to meet evolving educational and workforce needs. Problem: – Many nurse educators lack the confidence and tools to teach informatics effectively within their curricula, creating gaps in students’ readiness for practice. Approach: – The Nursing Knowledge Big Data Science Initiative Education Workgroup developed the MNIF, which combines conceptual foundations and practical strategies to support competency-based education. Outcomes: – The MNIF integrates 5 models into a cohesive framework that links theory, reflection, and practice to prepare students for technology-enabled care. Conclusions: – The MNIF strengthens nursing informatics, clinical reasoning, and technology proficiency, advancing curricula and workforce readiness. © 2026 Wolters Kluwer Health, Inc. All rights reserved."
"261","Building Students' Industry Workplace Skills Using Artificial Intelligence","Lee, C.C.; Kirwan, R.F.","2025","10.1109/TENCON66050.2025.11375048","Effective written communication is a crucial skill for students transitioning to industry, where accurate documentation of project activities and decisions are paramount. However, students' logbook entries are sometimes descriptive, unclear and incoherent. This might be due to them not having a critical reader in mind when writing. This paper evaluates the impact of a structured series of embedded workshops designed to enhance logbook writing skills among Applied Computing students to prepare them for their eightmonth internship under an Integrated Work Study Programme (IWSP). Generative AI (GenAI) took on the role of an interactive and critical reader: as a group of clients in a Requirements Engineering (RE) exercise (lesson 1), as a writing coach (lesson 2) and as an editor (lesson 3). Data was collected via a comparison of students' logbook entries in lesson three compared to lesson one and an end-of-workshop survey. The primary improvements observed between the students' logbook submissions were in critical analysis, content relevance and depth, and the integration of supporting ideas. The survey findings revealed that GenAI, when deployed as a user, helped generate ideas during brainstorming sessions and provided a basic and structured skeleton to kickstart the writing process. GenAI, as a coach, helped students be more objective by considering multiple perspectives. As an editor, it offered clarity and formatting suggestions, which helped students write more clearly and coherently. The findings underscore the effectiveness of AI-assisted workshops in preparing students for industry by developing essential written communication skills, thereby fostering better project documentation and reporting practices. © 2025 IEEE."
"262","Effects of Cycle Evaluation on Peer Learning: Competency Assessment, Case Study, Catholic University of Temuco, Chile","Levano, M.A.","2020","10.1109/IISA50023.2020.9284369","This work constitutes a qualitative leap, at the curriculum level, in the development of the evaluation process of the initial training cycle of the formative itinerary of the Civil Engineering in Computer Science degree, at the Catholic University of Temuco (CU Temuco). This work's objective is to install mechanisms for the periodic monitoring and control of the curriculum regarding the general and specific competences, according to the major graduation profile. This work's development allows to answer external and internal norms, which provide a legal support for its application. They stand out in the external framework to the criteria of the National Accreditation Commission. The work methodology covers a model based on a set of integrated activities which are designed under interventions for the initial cycle, according to the model by competencies of the University through collaborative learning between peers. © 2020 IEEE."
"263","Examining Teacher Perspectives on Computational Thinking in K-12 Classrooms","Burke, Q.; Roschelle, J.; Bailey, C.; Angevine, C.; Weisgrau, J.; Mills, K.","2020","10.1109/RESPECT49803.2020.9272483","This paper examines K-12 teacher perspectives on the promise and challenges of computer science (CS) and computational thinking (CT) education for all students across three states and three school districts-one rural, one suburban, and one urban. Through a series of teacher survey and focus groups, this exploratory research presents the perspectives of K-12 teachers across three distinct vantage points: First, to what degree do these teachers see a clear value as to why CS and CT matter to their students' learning? Second (if the pathway is deemed valuable) who, in their estimates, are the crucial players to help develop a coherent CS/CT K-12 pathway and what is their capacity? Third, how can such a prospective pathway be practically implemented? These elements of why, who, and how are essential to wider questions around equity of student access to high quality computing, and with this paper, they come from the perspectives of teachers-a group too often left out of early discussions around K-12 curricular design. Discussion section points to how these preliminary surveys and focus groups with teachers offer an early predictor in terms of how each district develops its own K-12 computing pathway, with the expectation that such focus groups offer a powerful research/evaluation protocol that can be repeated annually among districts to gauge to what extent teachers' hope (and concerns) about comprehensive K-12 computing pathways are warranted. © 2020 IEEE."
"264","Perception and Usability Evaluation of Competency-Based Learning Analytics Dashboards for Course-Level Interventions in Higher Education","Jamal, N.N.; Jawawi, D.N.A.; Ibrahim, R.; Khairudin, A.R.","2025","10.1109/ICEED66794.2025.11400509","As digital transformation continues to shape educational environments, learning analytics dashboard (LAD) are increasingly used to support outcome-based learning through data-driven insights. However, existing research has primarily focused on technical development with limited evaluation of LADs from the perspective of both lecturers and students in terms of information quality of it. Moreover, the ability of the current LADs to support meaningful interpretation of student competencies remains uncertain. This study presents the design and evaluation of a LAD incorporating descriptive, diagnostic, and predictive analytics aligned with Course Learning Outcomes (CLOs). The dashboard was tested among lecturers and students in Malaysian higher education settings. Using a mixed-methods approach, including structured surveys and usability scale, the study identifies which features from proposed LAD and existing LAD are more interpretable and actionable. Result reveal key differences in perception and usability preferences across user groups and suggest implications for improving dashboard design for effective academic interventions. © 2025 IEEE."
"265","Developing Learning Science Competencies and Curriculum for Teacher Education","Moussavi, R.; Castle, C.; Dudek, J.","2024","10.22318/icls2024.586385","This design-based case study follows the design and implementation of Science of Learning and Development (SoLD) competencies across two successive Competency-Based Education (CBE) programs, the first a STEM focused licensure program and the second a program focusing on design, equity, and justice for in-service teachers. The goal of positioning the Science of Learning and Development as a core competency and integrating it within the two programs was to support educators in becoming well-equipped to support their students' learning and development through the whole child approach. We offer insights on the conceptualization of an overarching framework and competencies, development of assessments and curricular designs, and strategic supports/learner interactions as a possible model for SoLD-focused teacher preparation/education. Furthermore, this approach reinforces the importance of SoLD and communicates that SoLD is not distinct from pedagogy which marks a shift from how SoLD is often presented to pre and in service teachers. © ISLS."
"266","Student growth in informatics competencies after a nursing informatics course","Doerner, M.E.; Connerton, C.S.; Wijesuriya, U.","2025","10.1016/j.teln.2025.07.012","Background: Healthcare is becoming more technology-driven, requiring professionals to access, analyze, and implement data-based interventions. Nursing informatics combines nursing science with information and analytical sciences to support practice. Schools of nursing are incorporating informatics into their curricula to meet this need. Aim: This study was to determine student growth from a nursing informatics course. Methods: The study design was mixed methods. The Self-Assessment of Informatics Competency Scale for Health Professionals (SAICS) was used to measure competencies. Students completed pre- and post-tests. Data were analyzed using paired t-tests and qualitative methods. Results: Quantitative analysis showed significant growth in competencies. Qualitative analysis revealed themes such as informatic application, clinician involvement in design/evaluation of system, systems/data security, and assessment/evaluation of online material. Conclusion: Nursing education is transitioning to competency-based education, requiring varied instructional methods to support informatics skills. Nursing programs must prepare nurses to be at the forefront of informatics knowledge. © 2025 Organization for Associate Degree Nursing"
"267","""Case studies"" and research design in the formation of competencies for bachelors in the field of ""Biotechnology""","Tikhomirova, L.I.","2020","10.1088/1742-6596/1691/1/012151","In modern Russian education there is a process of transition to the subject-subject interaction of a teacher and a student in the learning process. Truly innovative pedagogical technologies are initially built on a competency-based approach and are aimed in learning outcomes at the future professional activity of a graduate. The case method is one of the most significant ones for modern higher education. A consistent combination of pedagogical technology of situational analysis and research design based on the principles of contextual training of students in the direction of training ""Biotechnology"" at the Federal Budgetary Educational Institution of Higher Education ""Altai State University"" within the framework of academic disciplines allows successful development of professional and universal competencies, as well as realization of personal qualities. The result of the work of the teacher and students is an intellectual product of a biotechnological research project. © 2020 Institute of Physics Publishing. All rights reserved."
"268","Natural Language Processing for Learning Assessment in STEM","Caratozzolo, P.; Rodriguez-Ruiz, J.; Alvarez-Delgado, A.","2022","10.1109/EDUCON52537.2022.9766717","Education 4.0 Framework reveals the need for the curricula of Higher Education Institutions to incorporate new learning approaches, along with new Competency Assessment Models. In the case of STEM (Science, Technology, Engineering, and Mathematics) programs, the inclusion of new technological tools is relevant to effectively assess the level reached by students in the development of transversal skills. NLP (Natural language processing) is a practical approach to understanding the effectiveness of learning processes because it provides solutions in various fields associated with the social and cultural context of Competency-Based Learning. In this study, we evaluate the usefulness of integrating NLP tools in evaluation procedures in advanced STEM subjects to aid the educator in developing competencies outside its core subject expertise. Different instruments were considered: surveys, questionnaires, interviews, observation lists, rubrics, and other tools to handle parametric data statistically. The study's findings confirmed that the NLP tools are handy to evaluate higher-order functions and determine levels of cognitive understanding of concepts. Additionally, results showed that NLP tools could support instructors in carrying out better review and feedback sessions and providing personalized reports on oral and written communication skills. © 2022 IEEE."
"269","Identifying Key Predictors of Students’ Competency Achievement Using Machine Learning Models: A Bioengineering Case Study","Cesar Quintana-Zaez, J.; Vazquez-Villegas, P.; Valdes-Ramirez, D.","2025","10.1109/ACCESS.2025.3613250","Competency-based education (CBE) in higher education demands interpretable and scalable tools to monitor student progress. Current studies on CBE have used small samples in short evaluation periods or have not used machine learning or explainability of the results. This study introduces a robust analytical pipeline that integrates correlation analysis, Factor Analysis of Mixed Data, and explainable machine learning to predict competency achievement in bioengineering programs. Using over 300,000 evaluations from a private Mexican university, Random Forest model achieved outstanding predictive performance in a Stratified 10-fold Cross-validation experiment (AUC = 0.9604–0.9653), outperforming deep neural networks for One-Class Classification in highly imbalanced data. Model interpretability using SHAP highlighted academic and course-related variables, rather than demographic factors, as the strongest predictors, reinforcing the fairness of the evaluation process. This work advances the operationalization of explainable AI in CBE, contributing to the emerging vision of Data-Based Education by providing actionable insights for curriculum design, academic advising, and institutional policy. © 2013 IEEE."
"270","Methodical background of competence-based mathematics education for students of information technologies specialties","Vintere, A.; Briede, B.","2019","10.22616/ERDev2019.18.N489","Currently, the competence-based approach is the main task of higher education to prepare young professionals for a successful career and to ensure the country's socio-economic growth. In order to implement the competence-based approach in practice, it is necessary to develop a methodical framework that includes mathematical competence and skills necessary for professional activities to be developed within a mathematical subject, including also personal qualities that are formed in mathematics studies. In the context of competence-based learning, mathematics studies at the university must be more focused on acquiring sustainable development competences in real life context taking into account the characteristic aspects of an engineer's professional activities. To realise the competence-based approach in mathematics studies in practice, it is necessary to develop a methodological framework from a perspective of the constructivist approach: contextual, interdisciplinary and discipline-based and information technology methods. Therefore, the aim of the article is to establish the methodological background to assess information technologies professionals and stakeholders' math education needs, to create a methodology for the application of mathematical competences worked out by the European Society for Engineering Education Maths Working Group to the students of information technologies specialties, as well as work out an integrative professional and mathematical competence structure with the following components: cognitive, contextual, motivational and value-based components. Based on the interviews with professionals and other stakeholders, in the article the model is described with specified didactical requirements for the mathematics teaching principles appropriate to sustainable development and contributing to mathematics competence building. © 2019 Latvia University of Agriculture. All rights reserved."
"271","ANALYSIS OF ACTIVE LEARNING IN MANAGEMENT ENGINEERING: A STUDY AT EDEM BUSINESS SCHOOL","Asensio, V.; Canals, I.; Silvestre, C.","2025","10.3926/jotse.3209","The educational paradigm is evolving towards competency-based learning rather than standardized testing. In this setting, Active Learning is to boost, among others, student engagement, critical thinking skills, and application of knowledge into real-world issues. This paper examines the overall performance of sophomore students in a new engineering and management bachelor’s degree at a university in Valencia, Spain. The creation of this program relies on the absence of a versatile professional profile in Spain: an engineer with business insight. The study is carried out via simple and multiple linear regression models. Several variables that may affect performance have been considered to determine whether the implemented techniques are effective enough. The investigation is also divided into smaller subject groups as it comprises a wide variety of course topics, ranging from Fluid Mechanics or Thermodynamics to Business Law or Marketing. Therefore, by utilizing the same sample, it is possible to delve deeper into actual performance and the pivotal factors affecting results within each subject subset. As a result of the analysis, several models showing the relevance of these factors on student competences have been developed. The study offers recommendations to enhance student advice and elevate overall learning outcomes in this interdisciplinary educational context. © Article’s contents are provided on an Attribution-Non Commercial 4.0 Creative commons International License. Readers are allowed to copy, distribute and communicate article’s contents, provided the author’s and JOTSE journal’s names are included. It must not be used for commercial purposes. To see the complete licence contents, please visit https://creativecommons.org/licenses/by-nc/4.0/."
"272","Automated assessment and monitoring support for competency-based courses","Vargas, H.; Heradio, R.; Chacon, J.; De La Torre, L.; Farias, G.; Galan, D.; Dormido, S.","2019","10.1109/ACCESS.2019.2908160","Competency-based education is becoming increasingly adopted by higher education institutions all over the world. This paper presents a framework that assists instructors in this pedagogical paradigm and its corresponding open-source implementation. The framework supports the formal definition of competency assessment models and the students' evaluation under these models. It also provides distinct learning analytics for identifying course shortcomings and validating corrective actions instructors have introduced in a course. Finally, this paper reports the benefits of applying our framework to an engineering course at the Pontifical Catholic University, Valparaíso, Chile for three years. © 2013 IEEE."
"273","With Great Power Comes Great Responsibility - Integrating Data Ethics into Computing Education","Kiesler, N.; Opel, S.; Thorbrügge, C.","2024","10.1145/3649217.3653637","Most computing students enter the industry once they graduate. As future software engineers, they will be in powerful positions, making decisions that impact their personal lives, others, and society. Thus, preparing graduates for their careers is crucial by addressing ethical considerations, decision problems, and other concepts related to morals, values, and legal aspects (e.g., data protection, privacy, security, etc.) as part of computing curricula. In this paper, we propose the integration of data ethics into computing programs and provide a framework for an ethics module, including relevant competency-based learning objectives. The proposed module is based on a curricular analysis of all 71 German data science degree programs focusing on ethics courses. The course contents and competency goals were analyzed and classified based on their cognitive complexity. As the results proved the lack of competency-based learning outcomes, we designed observable competency goals, meaning knowledge, skills, and dispositions taken in the context of a task. In addition, we provide suggestions for contents, pedagogical instructions, and assessments in such a course. The proposed module serves as a first draft and resource to support other educators aiming to design such a course and who are willing to integrate it into computing curricula. © 2024 Owner/Author."
"274","A comparative analysis of the incorporation of skills at the master's degree level","García, B.A.; Olmedo-Torre, N.; García, E.C.; Fernández-Ferrer, M.","2016","","This work presents a comparison of two universities: one public, and the other private. Two competency-based Master's degree programs will be compared in terms of the strengths and weaknesses identified by their coordinators. The faculty's perceptions of the development/acquisition of said competencies by the students will be presented, as well as their impressions of the entire competency-based teaching/learning process. © 2016 TEMPUS Publications."
"275","Simulation-driven Project-Based Learning with Microdrones in Engineering Education","Hegedűs, G.","2026","10.1177/10920617251409519","Engineering education is undergoing a global transformation to bridge the longstanding gap between theoretical instruction and real-world competencies. This paper presents a simulation-driven, project-based learning (PBL) model centred on a multi-semester microdrone design project. The EU-funded DigitALL initiative supports this approach, which combines advanced simulation (CAD/FEA and control) with dedicated PBL spaces, BSc and MSc mentoring, and Faculty Learning Communities to align learning outcomes with the requirements of modern engineering practice. Positioned as a design-based research case, the work orchestrates a staged pipeline that spans ideation and modelling, through prototyping, testing, and optimisation. It specifies an a priori evaluation protocol that combines EUR-ACE-aligned performance rubrics with a brief pre- and post-concept test, engagement measures, and process analytics. The first implementation of the program shows positive results for task completion, iteration discipline, and self-reported systems thinking. However, the full outcome analysis, including learning gains, reliability, and retention, will be conducted in the following student groups. The contribution is a replicable orchestration that connects simulation and physical prototyping in a curriculum-wide loop, supported by a constructive-alignment matrix linking phases to intended competencies. The research demonstrates how microdrone-based simulation-driven PBL creates a scalable competency-based framework for engineering curriculum renewal, which can be adapted to other STEM fields. The proposed framework offers a transferable, evidence-based model for simulation-driven curriculum reform. It supports accreditation alignment and can inform engineering-education policy across European higher-education institutions. © The Author(s) 2026"
"276","Video-assessment of Surgical Performance in Robotic Gastro-enterostomy During Pancreatoduodenectomy: Evaluating the Learning Curve and Risk of Delayed Gastric Emptying","Zwart, M.J.W.; Van Den Broek, B.L.J.; Paijens, D.S.J.; Zwetsloot, S.L.M.; Comandatore, A.; Busch, O.R.; Tran, T.C.K.; Luyer, M.D.; Schreinemakers, J.; Wijsman, J.H.; Van Der Schelling, G.P.; De Hingh, I.H.J.T.; Mieog, J.S.D.; Bonsing, B.A.; Takagi, K.; De Wilde, R.F.; Morelli, L.; Zeh, H.J.; Zureikat, A.H.; Hogg, M.E.; Groot Koerkamp, B.; Besselink, M.G.","2025","10.1097/SLA.0000000000006692","Objective: The aim of this study is to identify learning curves for robotic gastro-enterostomy (RGE) during RPD and the predictive value of the objective structured assessment of technical skills (OSATS) score for DGE according to the Birkmeyer et al and UPMC method. Summary of Background Data: In some series, robotic pancreatoduodenectomy (RPD) has been associated with increased risk of delayed gastric emptying (DGE). It is unclear whether this is attributable to learning curve. Improved surgical performance and experience has not yet been linked to a decrease in delayed gastric emptying in RPD. Methods: Post-hoc study of the prospective multicenter (LAELAPS-3) training program including videos of RGE during RPD. Surgical performance was scored with OSATS by two blinded graders. The main outcomes are the combined OSATS scores of two blinded graders over time (learning curve). Secondary outcome is the correlation between OSATS scores and clinically relevant DGE (grade B/C). Results: Videos from 192 RGE anastomoses were included. DGE occurred in 42/192 (21.9%) patients. Mean OSATS score was 22.4 (SD±5.1) and predicted DGE (AUC 0.668, P<0.001). The predictive OSATS elements for DGE were gentleness (AUC 0.719, P<0.001), instrument handling (AUC 0.595 P=0.043), tissue exposure (AUC 0.625, P=0.009), and summary score (AUC 0.665, P<0.001). An OSATS score >25 was associated with a 59.9% reduced relative risk of grade B/C DGE (11.3% (8/71) vs 28.1% (34/121); OR 0.325, P=0.006). CUSUM analysis of RGE-OSATS identified a turning point at 34 procedures (27.5% (36/140) before vs 11.5% (6/52) after; OR 0.156, P=0.035. On multivariable analysis for grade B/C DGE, OSATS ≤25 remained an independent risk factor (OR 2.907, P=0.028). Conclusions: Better surgical performance during gastro-enteric anastomosis in RPD, as assessed by OSATS, is associated with a reduced rate of grade B/C DGE. OSATS could serve as a tool for competency-based training programs and quality-controlled implementation of RPD. Copyright © 2025 The Author(s). Published by Wolters Kluwer Health, Inc."
"277","A COVID-19 Teaching Experiment: Combining Competency-Based Assessment and Micro-Courses to Teach Technical and Non-Technical Skills","Combefis, S.","2021","10.1109/FIE49875.2021.9637126","This innovative practice work-in-progress paper presents how a course has been designed to be fully taught remotely. The proposed design combines the two concepts of micro-course and competency-based assessments into a single and coherent pedagogical device. Micro-courses are used to structure the course and to help students better organise their learning. Competency-based assessments are used to propose a more personalised and individualised learning experience to students and to keep them motivated and involved. To be able to efficiently follow a remote course, students have to practice several non-technical skills such as communication, digital fluency, autonomy, time management, etc. This paper also shows how the proposed device indirectly teaches these skills, in addition to the technical skills concerned by the course. This particular fact fosters students to be involved with the course, which is way more difficult in a completely remote setting. The proposed course is being tested for the first time during this 2020-2021 academic year, with third-year bachelor students in electronics and telecommunications. A short survey has been conducted at the end of the year to get some results on students' perception of the pedagogical device. Results from the survey which collected qualitative and quantitative data from students show that they adhere to the course and find it suitable in a remote setting. Several elements to be improved for the next edition of the course have also been highlighted.  © 2021 IEEE."
"278","Education for Sustainable Development Goals in public debate: The importance of participatory research in reflecting and supporting the consultation process in developing a vision for Czech education","Dlouhá, J.; Pospíšilová, M.","2018","10.1016/j.jclepro.2017.06.145","The paper reviews recent theoretical discussions on education for sustainable development and competence based teaching, and relates them to the international policy processes of the Sustainable Development Goals implementation where ‘the knowledge and skills needed to promote sustainable development’ are expressed in the SDG 4.7. It shows the importance of the public debate for fostering shared understanding and acceptance of strategies for educational change within the ongoing development of Agenda 2030 at national level. The participatory involvement of multiple actors on different levels is widely recognized as a pre-requisite for consensus on long term goals, but in the Czech Republic, lack of public discussion was identified as an obstacle to deep transformation of the educational system and its reorientation towards ESD. The case study presented in this article describes participatory research conducted to reflect and support the activities of the multiple Czech actors who developed a joint Vision for education that emphasizes competences for sustainability and active citizenship. To draft the Vision and receive formative feedback on its content and wording, participatory processes were organized in several stages: an expert panel developed the first version of the document which was then consulted with representatives of other social actors in focus groups and on future search conference. Next, an overview of actors' views, preferences concerning the Vision content, and the perceived opportunities for and barriers to educational change was collected through an online survey with more than 160 respondents. This generated data for reflection of different views, and quantitative analysis of the actors' expressed preferences. Results highlighted the differences in the actors' focus and particular interests, but also showed a balance in these interests between different groups of actors so that in general, the cooperatively drafted Vision proved to be widely acceptable. In the course of this participative research, in-depth discussion with a number of civic society representatives was initiated, their specific viewpoints were confronted and critically evaluated, and new concepts of the Czech educational system discussed. The fact that the arguments were developed jointly guaranteed a common understanding across a wide range of backgrounds thus facilitating the integration of the Vision in policy debates. This method of participatory research is thus an example of sustainability science which strives for social impact in addition to scientific impact. © 2017 Elsevier Ltd"
"279","Implementation of Competency-Based Learning in a Laboratory-Focused Analog Design Course","Spencer, M.","2022","","This evidence-based practice paper describes the implementation of competency-based learning in a course on the design of analog circuits. This implementation was motivated by two ideas. First, literature on competency-based learning and mastery-based learning suggests that these techniques improve student attitudes and learning, and this implementation sought to achieve these desirable outcomes. Second, the self-paced nature of competency-based learning helps to identify students that are learning material slowly, and this implementation sought to direct instructor resources to these students. However, the implementation was challenging because it needed to navigate the challenges of assessing students' mastery of content topics while bounding the amount of student and instructor time required for a demanding course. Competency-based learning was implemented using a flipped classroom format, where students watched web-based video lectures outside of class and participated in activities during class. The in-class activities included a team-based learning readiness assessment, followed by an opportunity to attempt a “mastery question” that allowed students to demonstrate that they had mastered course materials for the week. Performance on mastery questions was reviewed in a one-on-one conference with the course instructor. Grading on mastery questions was strictly pass/no-pass, and students were allowed unlimited attempts to pass mastery questions each week. 20% of a student's grade was determined by the number of mastery questions that they completed. These competency-based teaching methods were assessed by teaching the course twice, once using a lecture-based format and once using the competency-based techniques described above. In both offerings, the students completed the same set of exams and laboratory exercises, and the scores on the exams were used as quantitative measures of learning gains for the students. A short survey was used to gather additional quantitative measures of student attitudes about competency-based instruction. Finally, qualitative measures of student attitudes were extracted from student evaluations of teaching. A pre-test was used to assess whether students had prior experience with the course material. Students that received competency-based instruction scored higher on their exams on average. The average was increased because low scoring students receiving competency-based instruction achieved higher grades than low scoring students receiving lecture-based instruction. High scoring students achieved similar exam scores regardless of the style of instruction. In addition to learning more, students receiving competency-based instruction spent less time outside of class than students receiving lecture-based instruction. © American Society for Engineering Education, 2022"
"280","Students' Perceptions of Behaviors Associated with Professional Dispositions in Computing Education","Kiesler, N.; Kumar, A.N.; Mackellar, B.K.; Mccauley, R.; Sabin, M.; Impagliazzo, J.","2024","10.1145/3649217.3653566","Dispositions, skills, and knowledge form the three components of competency-based education. Moreover, dispositions are considered crucial for students to succeed in the workplace. Few studies investigate how dispositions manifest in the form of observable behaviors, which causes challenges for both students and educators. Computing students, for example, may not understand what is expected of them, and how to achieve dispositions. This paper presents the results of a qualitative, multi-institutional study on students' understanding of the dispositions adaptable, persistent, self-directed, meticulous, and professional. Perceptions were gathered by asking for exemplary situations of students applying each of the five dispositions in the context of assignments within computing courses. Students who indicated they did not apply the disposition were asked to describe the hindering circumstances. The data was evaluated by using Mayring's content analysis technique, resulting in the development of deductive-inductive categories of observable behaviors reflecting the student's perspective. For meticulous and professional, new categories representing observable behaviors were developed. For adaptable, persistent, and self-directed, the authors confirmed and extended prior work. Moreover, factors hindering students in applying the investigated dispositions are identified. The resulting categories with observable student behaviors are an important step toward the operationalization of competency-based learning outcomes including dispositions. A common understanding of dispositions will also help with the design of new forms of instruction and measures to foster the application of dispositions in the context of computing education. © 2024 Owner/Author."
"281","Competences based curricula (Case Study)","Ajaïlia, N.; Benandelghania, H.; Bouakline, M.A.; Gharbi, M.; Guezzi, F.; Kort, M.; Zéraï, M.","2019","","We present the process and the results of a project laid out to define the objectives of the Civil Engineering and electromechanic engineering programs in terms of competences according to the CTI (Commission des Titres d'Ingénieurs) and CDIO (Conceive Design Implement Operate) requirements. The process consisted in setting up and adapting a questionnaire relating to civil engineering and electro-mechanical engineering taking into account the knowledge, know-how and personal and interpersonal skills aspect related to different fields of engineering skills, it reposes on collecting the societal and entrepreneurial needs expressed as knowledge, know-how and attitudes from a panel of (27+24) active professionals, civil, electrical and mechanical engineers themselves or collaborating with them. These attitudes consist in crossing the two matrices relating the CTI and CDIO initiative. The consecutive quantitative and qualitative analysis allows us to highlight expected competences for the civil and electro-mechanical engineer. How the competency-based learning impacts higher education? What are the crosspoints of the skill matrices of the CTI and the CDIO initiative and how does they represent and affect the challenges of the competency-based approach? Three important dimensions of this type of project are analyzed: taking into account expectations of the professional world, the transformations of the academic programs and the development of a construction space and exchange between teachers. Finally, some issues to avoid in such a project are discussed. This contribution attempts to respond to these questions through the analysis of the project that has culminated to redefine the study plan of the civil and electro-Mechanical Engineering Sections of the School ESPRIT. This paper assesses the role of the company in defining the skills of future engineers according to CTI and CDIO requirements and discusses its stakes especially in terms of the implication of the different actors. © 2019 University of Minho. All rights reserved."
"282","Engineers of the world unite: An integrated course on embedded systems and social movements","Slivovsky, L.A.; Trice, T.","2015","10.1109/FIE.2014.7044444","This paper presents the design, implementation, and reflections of students and faculty of an innovative integrated course (taught in Spring 2012) that combined seemingly disparate topics from engineering and the humanities. The primary goal of the course was to promote the growth of intrinsically motivated students who internalize the value of their technical work, connect their technical work to societal contexts, and cognitively engage in their own learning process. The faculty designed a high-level framework for the new integrated course on embedded systems and social movements by implementing an autonomy-supportive, context-rich engineering educational experience. This framework focused on several elements of course design: (1) identification of broad, competency-based learning goals for the integrated course block, (2) development of learning activities that supported broad goals such as communication, contextual awareness, and self-directed learning, and (3) selection of assessment methods aligned with broad competency goals and supportive of cross-disciplinary collaboration. Students were attracted to the self-direction designed into the course and reported greater awareness and understanding of the societal impacts of technology. © 2014 IEEE."
"283","Proposition of a Method to Monitor Higher Education Students' Competence Development through Assessment Rubrics","Cannarozzo Tinoco, M.A.; Nodari, C.T.; Rabelo, L.; de Moura, P.K.; Marcon, A.; de Moura Ferreira Danilevicz, A.","2023","","The competency-based education model has been one of the paths taken by higher education institutions concerned with offering programs relevant to the market and societal needs. However, adapting teaching to a competency-based education model can bring many challenges, such as assessing and monitoring competencies. Indeed, few studies address how to structure and implement a comprehensive competency-based education model and systematically assess and monitor competence development. This article proposes a method for evaluating the development of curricular competencies of Industrial Engineering undergraduate students at the Federal University of Rio Grande do Sul in Southern Brazil. The method uses assessment rubrics as a tool for faculty to assess student competence development throughout the entire program. More specifically, we propose rubrics to assess competencies at three stages: initial (first semesters of the program), intermediate (approximately halfway through the program), and final (final semesters) in order to track their development throughout the program. The developed method follows four steps: i) selection of the courses for the competence assessment; ii) development of the assessment rubrics; iii) definition of methods and tools for applying rubrics; and iv) definition of how competence assessment rubrics would be organized and communicated. The assessment rubric developed is a table-like structure composed of four parts. The first has the three elements of competencies (knowledge, skills and attitudes). The second has the expected learning outcome for each one of the three elements. The third has the descriptors for each of the four performance levels (beginner, under development, satisfactory, and advanced) per learning outcome. The fourth and last one shows the courses where each learning outcome will be assessed. The method was tested in an Industrial Engineering undergraduate program at the Federal University of Rio Grande do Sul in Brazil. Regarding the assessment results, the method proposes that faculty members must provide feedback to students and use these results to promote improvement in the development of competencies throughout the course. This method allows the undergraduate program to monitor how students developed each competence at different performance levels throughout the courses. Based on the results, we expect to encourage the method's use to monitor the development of university students' competencies. © American Society for Engineering Education, 2023."
"284","Evolving Paradigms in Spine Surgery Training: Integrating Technology, Ethics, and Minimally Invasive Techniques","Balamurali, G.; Subramanian, S.S.; Panneerselvam, K.","2025","10.21182/jmisst.2025.02376","This study aimed to analyze the evolving paradigms in spine surgery training driven by technological innovation and ethical imperatives, and to propose an integrated framework for contemporary spine surgical education. A narrative review of the current literature, educational models, and technological advancements was performed, with a focus on advanced training methods such as simulation, augmented reality (AR), virtual reality (VR), robotics, and artificial intelligence (AI). The review critically assessed the ethical landscape and global disparities in training access. Frameworks from leading spine societies and training centers were examined to identify trends and gaps. Technological tools, including high-fidelity simulators, robotic platforms, and AR/VR modules, have demonstrated effectiveness in enhancing trainee performance, reducing intraoperative errors, and supporting ethical learning environments. Nevertheless, significant challenges persist, including high costs, cultural resistance, a lack of curriculum standardization, and unequal global access. Emerging solutions include competency-based progression models, modular continuing professional development pathways, and AI-driven personalized learning. Spine surgery education must shift from traditional apprenticeship models to a technology-enabled, ethically grounded, and competency-based approach. Simulation, robotics, AI, and mixed-reality platforms can offer safe, standardized, and globally scalable solutions for surgical training. Collaborative action among institutions, policymakers, and professional societies is essential to democratize access and establish universal benchmarks for modern spine education. © 2025 Korean Minimally Invasive Spine Surgery Society."
"285","The Effect of Formal Robotic Residency Training on the Adoption of Minimally Invasive Surgery by Young Colorectal Surgeons","Disbrow, D.E.; Pannell, S.M.; Shanker, B.-A.; Albright, J.; Wu, J.; Bastawrous, A.; Soliman, M.; Ferraro, J.; Cleary, R.K.","2018","10.1016/j.jsurg.2017.09.006","Objective: The minimally invasive approach to colorectal surgery is still underused. Only 50% to 60% of colectomies and 10% to 20% of rectal resections for cancer are performed laparoscopically. The increasing adoption of the robotic platform for colorectal surgery warrants re-evaluation of minimally invasive surgery (MIS) training techniques. Although considering lessons learned from past laparoscopic training, a standardized national robotic training program for colon and rectal surgery residents was developed and implemented in 2011. The objective of this study was to assess the effect of this program on the usage of MIS in practice following residency training. Design: An internet-based 18 question survey was sent to all colon and rectal surgeons who graduated from ACGME-approved colon and rectal surgery residencies from 2013 to 2016. The survey questions were designed to determine MIS practice patterns for young colon and rectal surgeons after residency training for those who participated in the standardized national robotics training course when compared to those who did not participate. Grouped bar charts with error bars are presented along with summary statistics to offer a descriptive overview of training experiences by cohort. Setting/Participants: This study is a survey of colon and rectal surgeons who completed colon and rectal surgery residencies to include all 52 programs across the United States. Results: The overall survey response rate was 37.2% (109 of 293). Most (79.8%) of the colon and rectal surgery resident respondents participated in the formal robotic training course. The average respondent reported that 84% of colectomy cases and 74.8% of rectal resections done after residency training by all respondents were by the MIS approach. The laparoscopic approach was most prevalent for colectomies for both course participants (laparoscopic 55.1%, hand assisted lap 14.5%, and robotic 15.7%) and nonparticipants (laparoscopic 53.8%, hand assisted lap 12.3%, and robotic 15.9%). For rectal resections, the robotic approach was the preferred option for course participants (laparoscopic 24.5%, hand assist lap 14.0%, and robotic 39.2%) whereas laparoscopic and open approaches were used more often by nonparticipants (laparoscopic 36.8%, hand assist lap 8.0%, robotic 26.8%, and open 28.4%). Barriers to robotic implementation included lack of robotic mentors, inadequate robotic assistance, and the preference for the laparoscopic approach. Conclusion: The usage of MIS by young recently fellowship-trained colorectal surgeons is higher than previously reported. The proportion of rectal cases done robotically is higher compared to colon cases and with an apparent decrease in open rather than laparoscopic surgery, suggesting selective usage of robotic surgery for more challenging cases in the pelvis. Methods to more effectively increase the usage of minimally invasive approaches in colorectal surgery warrant further evaluation. © 2017 Association of Program Directors in Surgery"
"286","From Knowledge-based to Competency-based Computing Education: Future Directions","Clear, A.; Clear, T.; Impagliazzo, J.; Wang, P.","2020","10.1109/FIE44824.2020.9274288","Competency is often associated with proficiency, expertise, capability, and performance. Professional schools such as those in dentistry and medicine generally require the practice of skills and knowledge within human environments for someone to become a competent professional in their respective fields. In computing, competency is a relatively new concept. For decades, computing curricula focused on knowledge. However, competency is much more than knowledge. The ACM/IEEE Computing Curricula 2020 (CC2020) project identifies competency as a combination of knowledge, skills, and human dispositions, in context or task. That is, knowledge alone is not enough to produce a competent graduate from a computing program. Industry expects graduates to perform competently from the first day of employment. While computing educators have been sharing computing knowledge for decades, can they do it better under the rubric of competency? The authors leverage on the current activities of the CC2020 project, their personal experiences, and outcomes from current research on computing competency and related topics. Future directions and strategies for transforming the current paradigm of knowledge-based learning toward a broad acceptance of competency-based learning are an important part of this work. The authors recommend several steps needed to achieve such a transformation over time. While universities are not training grounds for industry needs, it would be a mistake to ignore such influence within the rubric of competency-based learning. This work will be of interest to all computing and engineering educators. © 2020 IEEE."
"287","Mapping research trends and competency domains in nursing-related digital and artificial intelligence technologies: A bibliometric analysis","Phanphairoj, K.; Wisesrith, W.; Chumwichan, S.","2026","10.1016/j.ijnss.2025.12.011","Objectives This study aimed to explore the research trends, thematic structures, and core competency domains in the field of nursing-related digital and artificial intelligence (AI) technologies. Methods A bibliometric analysis was conducted in accordance with the PRISMA 2020 statement. Peer-reviewed articles published in English from 2015 to 2025 were retrieved from Scopus, Web of Science, and PubMed. Thematic clustering was conducted using the Louvain algorithm and cosine similarity. A subset of 66 frequently cited articles was then qualitatively synthesized to capture core competencies across clusters. Results A total of 83,807 articles were included for bibliometric analysis. Of these, 66 articles were chosen for thematic analysis. Five major thematic clusters were identified: remote care in primary settings, oncology and palliative care, nurse education and training, safety and quality in nursing practice, and geriatric and dementia care. Additionally, four competency domains were identified: telehealth and remote communication, health systems and informatics, digital tools in practice, and AI-powered decision support. A clear shift in research focus was observed, with the emphasis transitioning from foundational digital skills before the COVID-19 pandemic to more advanced competencies during the post-pandemic digital transformation, encompassing ethical reasoning, immersive technology use, and AI integration. Conclusions Integrating digital and AI technologies is reshaping nursing practice across various thematic areas and competency domains, highlighting a transition from foundational digital tasks to AI-supported decision-making and ethically informed technology use. This study provides a structured overview of evolving competencies in digital nursing and synthesizes evidence to support future research, curriculum design, and policy planning. © 2026 The Authors."
"288","Current trends in dental education","Ghassan, A.; Shukr, I.; Sadiq, N.; Ahsan, R.","2021","10.51253/pafmj.v71i3.6318","The dental profession is an important segment of human health care services all over the world. Dental schools in Europe and United States have evolved their curriculum to keep abreast with advances in dentistry; like connective tissue biophysics and molecular engineering through an objectively structured and clinically oriented curriculum. However, dental education in our country is still mostly traditional. This article examines the new approaches to teaching and learning in dental schools/ colleges that are shaping dental curriculum globally. Articles relating to curricular trends in dental education and advancement in the dental profession published between 2010-2020 were searched in medical search engines. However, few relevant articles published before this period were also consulted. The current trends in dental curricula show new teaching, learning, and assessment methods like small group discussions, case-based learning, competency-based learning, Inquiry-based teaching-learning, and peer-assisted learning. The curricular format is integrated and new innovative assessment techniques like the assessment of multiple systematic reviews (AMSTAR) are being employed. Virtual reality, interdisciplinary teaching, and distributed community models in dental education are being implemented. The emergence of COVID-19 has also affected dental education and as a result, e-learning formats and assessment techniques have become increasingly popular. Dental schools abroad have revamped their curriculum with the advances in newer technologies and research related to dentistry. There is a need to immediately update and redesign the present dental curriculum in our country as well. © 2021, Army Medical College. All rights reserved."
"289","Experience in the use of mobile technologies as a physics learning method","Goncharenko, T.; Yermakova-Cherchenko, N.; Anedchenko, Y.","2020","","Swift changes in society, related to sciences technicians' development, technologies, by the increase of general volume of information, pull out new requirements for maintenance, structure, and quality of education. It requires teachers to diversify a tool in the direction of the increase in possibilities of the use of mobile technologies and computer systems. Lately in the world, more attention spared to the use of mobile learning, which in obedience to «Recommendations of UNESCO on the questions of a policy in the area of mobile learning» foresees the use of mobile technology, both separate and together with other by informational computer technologies. [1]. Mobile learning allows using the open informational systems, global educational networks, unique digital resources which belong to different educational establishments and co-operate with each other. The use of existent educational resources and creation of own, based on the academic resources from informative space, allows to promote the interest of students to the study of physics, to take into account the individual features, and also features of region and framework of society of the country. During the last years in Ukraine competency-based approach to the organization of studies certainly one of basic. The new Education Act addresses the key competencies that every modern person needs for a successful life, including mathematical competence; competence in natural sciences, engineering, and technology; innovation; information and communication competence [2]. This further emphasizes the importance of providing students with quality physical education and the problems associated with it. Using mobile technology in professional teaching work, the teacher has the opportunity to implement the basic principles of the competence approach in teaching physics. An analysis of the data provided in the official reports of the Ukrainian Center for Educational Quality Assessment showed that the number of students making an external independent assessment in physics and choosing a future profession related to physics has decreased significantly. This is due to the loss of students' interest in physics and the complexity of the content of the subject, as well as the increase in the amount of information that students need to absorb. In this article, we explore the possibilities of mobile technology as a means of teaching physics students and give our own experience of using mobile technology in the process of teaching physics (for example, the optics section in primary school). Copyright © 2020 for this paper by its authors. Use permitted under Creative Commons License Attribution 4.0 International (CC BY 4.0)."
"290","A qualification route map for the pipeline industry","Unger, M.; Hopkins, P.","2017","","Pipeline standards and regulations require pipeline engineers to be both competent and qualified, but these requirements are neither defined nor explained. This paper starts by defining and explaining both competency and qualifications, and how to demonstrate and attain both. It also emphasises the importance of, and difference between, 'job qualifications', 'academic qualifications', and 'professional qualifications'. The key part of the paper presents a qualification 'route map' for the use in the pipeline industry. It is a process involving competency-based learning programs, leading to certified qualifications in various pipeline engineering disciplines. The main features of the process are: qualifications, based on⋯ competency standards, which are⋯ objectively assessed, and supported by⋯ competency-based learning programs. The paper presents examples of both these qualifications and standards, and explains a certification procedure for the qualification. The process can be used by both individuals seeking to confirm their competency, or by companies seeking to implement competency-based qualifications and systems."
"291","Towards a Framework for Mapping Authentic Assessment to Competency in University Computing Education in the Uk","Prickett, T.; McChesney, I.; Norling, E.; Hayes, A.; Chrysikos, A.; Riddle, S.; Davenport, J.H.; Irons, A.; Crick, T.","2025","10.1109/EDUCON62633.2025.11016439","Across various countries and jurisdictions, we have seen reports of a 'graduate skills gap', with higher-than-desired graduate unemployment and underemployment, as well as reports from employers that there is a mismatch between the competencies desired by employers and those evidenced by graduates. Graduate employment prospects are related to many complex intersecting factors, including human capital, individual attributes, individual career-building behaviours, labour market factors, and social capital. Alongside the graduate skills gap, there are also reports internationally of a 'digital skills gap', with increasing demand for digital skills and a proclaimed shortage of diverse digital skills evidenced by the workforce. These circumstances appear to promote positive employment outcomes for computing graduates. However, there are reports in many jurisdictions, including the UK, of skills-gap-related issues for computing graduates. In response to these concerns, curricula guidance in the computing and engineering disciplines are increasingly promoting competency-based education (CBE) to develop graduates' work readiness better and, hence, reduce the skills gap. Authentic Assessment, i.e. Assessment that addresses important problems or questions that require students to effectively and creatively apply their knowledge and disciplinary and personal skills, mirroring the challenges faced by adults or professionals in the real-world context, has also been advocated to reduce skills gaps between education and professional life. However, the link between CBE and Authentic Assessment in the computing discipline could benefit from further exploration. This paper explores the relationship between CBE and authentic assessment. Based on the guiding research question: 'How can authentic assessment be employed to promote competency in computing degree programmes?', the paper begins by providing theoretical underpinnings in the form of working definitions for competency and authentic assessment and the link between the two. This paper follows a proof-of-concept research approach conducted by evolutionary prototyping to develop a framework for exploring the relationship between authentic assessment and competency. The paper documents the validation of the framework by applying it to examples of practices from UK universities involved in the study. These illustrative examples show the framework in action. The paper concludes with a discussion of how the framework promotes learner competency development by authentic assessment. This approach has implications for enhancing how computing graduates address digital skills gaps and has the potential to be customised and adopted more broadly across STEM disciplines. © 2025 IEEE."
"292","Predoctoral orthodontic education in the United States: Challenges and opportunities for generation Z learners","Galang-Boquiren, M.T.; Katebi, N.; Hong, C.; Lipp, M.","2024","10.1053/j.sodo.2024.04.008","This perspective paper addresses the current landscape of predoctoral orthodontic education in the United States. A history of American Dental Education Association (ADEA) senior dental student exit surveys consistently reveals that graduates lack confidence in space management and malocclusion. The authors, with over 50 years of combined experience in dental education, present variations in predoctoral orthodontics programs, common challenges, and underscore the need for aligning curricula with the distinct characteristics of the current Gen Z student cohort. Variations include instructional clock hours, timing and sequence, and instructor qualification. An examination of the topics covered in predoctoral orthodontics demonstrates stability from the 1993 ADEA guidelines to a 2021 consensus panel's recommendations. Specific examples stemming from the direct experiences of the authors demonstrate the variety of approaches used in predoctoral orthodontic education. Challenges in predoctoral education stem from not distinguishing curricular goals from Advanced Education in Orthodontics, or clearly defining parameters for competence. Training dental students to treat malocclusion is not practical or possible within the present dental curriculum. The authors stress the importance of shifting educational goals towards competency training in recognizing, diagnosing, and managing malocclusion, to increase relevance to general dental clinical practice. The paper highlights innovative teaching strategies to engage students in competency-based learning: Problem Based Learning, Gamification, Case-based learning, Cold calling, Test enhanced Learning, Spiral Curriculum. The paper also presents educational technological applications used in traditional classrooms or remote environments for teaching and assessment, well suited for Gen Z's preference for technologically driven interactive learning methods. Despite its challenges, predoctoral orthodontics education in the United States is filled with opportunities for growth, which will only lead to elevating the standard of dental care for all patients. © 2024 The Author(s)"
"293","Shaping Plastic Pollution Perspectives of Biotechnology Students in a Competence-Based Learning Course via Systems Thinking","González-López, M.E.; Barajas-Álvarez, P.; Gradilla-Hernández, M.S.","2024","10.1109/EDUCON60312.2024.10578923","Undergraduate students' perceptions of plastic waste are concerning, as they play a vital role in shaping the sustainable solutions that they will develop as professionals. STEM majors are key in reshaping undergraduates' understanding of global issues through problem-solving and competence-based learning. Moreover, the systems thinking competence is important for endorsing possible solutions to plastic pollution issues. In the present study, we aimed to evaluate and reshape the current reasoning of students regarding plastic pollution through systems thinking and life cycle assessment (LCA). The results show how this approach reduces biases in assessing the most viable option for tackling the ubiquitous plastic pollution issue by revealing hidden environmental impacts in alternatives to oil-derived plastics and misconceptions about plastic production processes and demonstrate how students recognize LCA as a valuable tool for evaluating the sustainability of plastic alternatives. Most importantly the students reshaped their perspectives by addressing the issue of plastic pollution from a broader perspective considering the environmental impacts of possible alternatives for plastic production towards sustainability.  © 2024 IEEE."
"294","A Review of Competency-Based Learning: Tools, Assessments, and Recommendations","Henri, M.; Johnson, M.D.; Nepal, B.","2017","10.1002/jee.20180","Background: Over the past decade, there has been a shift in science, technology, engineering and math education, especially in engineering, towards a competency-based pedagogy. Competency-based learning (CBL) is an outcome-based, student-centered form of instruction where students progress to more advanced work upon mastering the necessary prerequisite content and skills. Many articles have been published on the implementation of CBL in engineering higher education; however, the literature lacks a systematic review that summarizes prior work to inform both future research and practice. Purpose: The purpose of this review is to integrate previous literature as well as identify gaps in competency-based engineering higher education research. It summarizes the different approaches for implementing CBL, the effects of the pedagogy on student outcomes, tools to enhance its effectiveness, and assessment strategies. In addition, suggestions and recommendations for future research are provided. Method: Engineering education articles were obtained from several EBSCO educational databases. The search was limited to articles published from 2005-2015, and inclusion criteria consisted of peer-reviewed journal articles that address the use of CBL in engineering higher education. Articles were then classified into several categories, summarized, and evaluated. Conclusions: Theoretical and applied perspectives are provided that address both the theoretical basis for the effectiveness of CBL and practical aspects of implementing successful CBL instruction in engineering education. There are gaps in the literature regarding how CBL programs should be structured and assessed. Future research directions include empirical quantitative evaluation of CBL's pedagogical effectiveness and the use of CBL for teaching professional skills. © 2017 ASEE"
"295","Teleprescribing Controlled Substances: Flowchart Analysis of the Ryan Haight Act and State Telemedicine Laws","Lingam, H.A.; Caudill, R.L.","2019","10.1007/s41347-019-00100-2","Legal liability concerns rank among the top organizational barriers to telemedicine adoption. Such concerns extend to medication-assisted treatment for opioid use disorders and to clinical use of controlled substances in general. These concerns stem from the complex web of federal and state regulations that govern teleprescribing of controlled substances. Existing health law literature on this topic has in large measure summarized regulations and exceptions under the Ryan Haight Act Online Pharmacy Consumer Protection Act (Ryan Haight Act) or categorized state telemedicine laws by nature and breadth of requirement. However, flowcharts can aid in the cognition, understanding, and evaluation of complex legal knowledge. This study analyzed the Ryan Haight Act, state administrative code, and published telemedicine guidelines using a multimethod qualitative approach. Legal analysis identified the structure and key language of federal statute through examination of sentence structure, logical connectors, punctuation, and key terms and language. Subsequently, Ryan Haight Act and state regulatory compliance flowcharts were developed using an adapted version of the six-stage process described by the American Society for Quality (ASQ). The creation of flowcharts proceeded in an iterative manner, and an interdisciplinary workgroup of subject matter experts reviewed the results for logic, clarity, cohesion, completion, and accuracy. Regulatory compliance flowcharts for teleprescribing of controlled substances may provide practitioners, educators, and advocates a tool for telemedicine risk management, competency-based education, and policy development. © 2019, Springer Nature Switzerland AG."
"296","Human-Centric Software Co-Designed Framework for Competency Evaluations","Onuean, K.; Chinnasarn, K.; Somphongphueng, W.; Nooyen, P.; Onuean, A.; Chompoo, W.","2025","10.1109/SNPD65828.2025.11252670","This paper presents a human-centric, co-designed e-learning framework that leverages artificial intelligence (AI) to address skill gaps in primary education. Aligned with Thailand's national education reforms and the Rayong MARCO competency model, the framework supports competency-based assessment in Thai, English, and Mathematics. Developed on the Moodle platform, the system integrates AI-driven features such as automated exam checking, image and voice recognition for skill assessment, and performance analytics to enhance evaluation accuracy and reduce teacher workload. The development followed a participatory, agile process involving students, teachers, and education officials to ensure the system's relevance and usability in real-world classrooms. Pilot testing with Grade 3 and Grade 6 students in Rayong Province demonstrated the framework's effectiveness in identifying student competencies and addressing individual learning needs. The results suggest that combining AI technologies with human-centered design can significantly improve educational equity and help close skill gaps in diverse learning environments.  © 2025 IEEE."
"297","Interfaces and services for integrating games and game components into competence based courses within learning management systems","Then, M.; Wallenborn, B.; Nussbaumer, A.; Fuchs, M.; Fuchs, S.; Hemmje, M.","2018","10.1109/EDUCON.2018.8363451","Development of an educational game that can be integrated into a course within a Learning Management System (LMS) is a challenging task both from the didactic and from the technical point of view. A thorough evaluation of students' playing performance on LMS-side requires informative user-specific data that have to be collected during gameplay and then transferred to the LMS. Standardized interaction technologies like Learning Tools Interoperability (LTI) specify mechanisms that can be applied for implementing functionality to exchange students' competence profiles and traces. The KnowledgeManagement Eco-System Portal of the European funded RAGE (Realizing an Applied Gaming Ecosystem) Research and Innovation Action project provides capable components, assets and related utility packs for developing such functionality: besides a toolkit for creating competence based games that meet the requirements of Qualifications Based Learning (QBL), assets for storing individual player profiles and traces are available. Furthermore, tools for creating game-specific analytics are provided that can be embedded by LTI-compatible LMSs like Moodle. This paper is concerned with the integration of QBL-compliant competence based games into LMS-courses. A major topic is the description of an exemplar Moodle-plugin with its required functionality and interfaces to the above-mentioned RAGE assets. As the approach is not yet implemented, this paper remains on a conceptual level. © 2018 IEEE."
"298","Analysis of Educational Curriculum Reconstruction Mining Vocational in Preparation of MBKM in Industry","Heriyadi, B.; Yustisia, H.; Asnur, L.; Efrianova, V.; Darma, Y.","2023","10.59953/paperasia.v39i6(b).62","The research aims to analyze empirical data concerning the competencies essential in the field of mining work, aligning them with industry needs, and assess the outcomes of the analysis in relation to the implementation of Mining Vocational Education and its curriculum, focusing on relevance to industry standards. The Delphi technique method was employed for this research, with participants including experts invited to the FGD forum, mining student alumni, students from the Faculty of Engineering at UNP, and representatives from the industry. Data collection utilized questionnaires and direct interviews. The research results substantiate the necessity for technical and managerial competencies, as well as other essential soft skills. It is emphasized that lecturers must possess teaching competence along with expertise in their respective fields. Additionally, industry collaboration with the educational sector is imperative. The findings underscore the need for the development of a Relevant Competence-Based Curriculum (MBKM), encompassing curriculum design, industry-aligned learning activities, tools for MBKM implementation, and effective socialization of MBKM. Notably, only 46.3% of students graduated on time, with 77.1% securing employment. Language proficiency was identified as a challenge, with 30.4% facing difficulties due to foreign language skills. Personality aspects were deemed crucial by 93% of companies, and the research indicated a high demand for practical learning experiences, particularly in the laboratory setting, at 85%. The overall Learning Experience Assessment yielded a score of 78%. © 2023, SHPMedia Sdn Bhd. All rights reserved."
"299","A Combined Competency-Based and Design-Based Research (DBR) Approach to Curriculum Development: Implications for Information Technology (IT) Programs","Padayachee, K.; Howard, G.R.","2024","10.1007/978-3-031-62273-1_16","The Fourth Industrial Revolution (4IR) is characterized by rapid innovation and change in Information Technology (IT). Potential consequences include the obsolescence of IT qualification programs and a concomitant misalignment between IT job requirements and IT competencies and skills of IT graduates. For universities, their students and industry, it is essential that such misalignment be prevented so that IT graduates are employable, universities remain relevant and industry job requirements are met. To address the problems of IT qualification program obsolescence and IT competencies and skills misalignment, the study presents a combined competency-based and design-based research (DBR) approach to curriculum development, which was lacking in prior research and offers IT academics and teachers a more effective approach to developing contemporary curricula. Furthermore, the study’s approach accommodates additional curriculum development requirements that may be country-specific, for example, South Africa, a developing African country, requires qualification programs to be Africanized and indigenized which is collectively termed transformation. The study’s approach to curriculum development was found to be effective for addressing the research problem, based on empirical evaluation by relevant qualitative focus groups. © The Author(s), under exclusive license to Springer Nature Switzerland AG 2024."
"300","SMART Intelligence Models for Managing Innovation Projects","Bushuyev, S.; Bushuyeva, N.; Bushuieva, V.; Bushuiev, D.","2022","","Existing SMART Intelligence Models for managing innovative projects and programs have been explored. The competency-based approach is considered the basis for building a SMART Intelligence Model for managing innovative projects and programs. Proposed five groups of Competencies SMART Intelligence Model for Managing Innovation Projects. The SMART intelligence model has five groups of interrelated competencies: emotional, social, cognitive, business and technical. Each group of competencies of the SMART Intelligence Model are defined. To assess the competence level of the project team, the Organization competence-based model IPMA Delta model was used. As an example of the application, the SMART Intelligence Model to the implementation of the double degree project of the Kyiv National University of Civil Engineering and Architecture and the Dortmund University of Applied Sciences within the framework of the implementation of European Union DAAD VIMACS and ERASMUS+ WORK4CE projects is presented. © 2022 Copyright for this paper by its authors."
"301","Knowledge and competences in hematological malignancies amongst radiation oncology residents in Germany—results from a national survey","Rehn, S.; Oertel, M.; Linde, P.; Mäurer, M.; Elsayad, K.; Pepper, N.B.; Rolf, D.; Kahn, J.M.; Plastaras, J.P.; Gunther, J.R.; Eich, H.T.","2024","10.1007/s00066-024-02236-4","Introduction: Radiation oncology is a pivotal modality in the treatment of hematologic malignancies. To enable state-of-the-art patient care, structured education during residency is essential. However, given the lack of detailed data, the scope of educational opportunities available to trainees remains elusive. This prompted our group to perform a national survey amongst radiation oncology residents in Germany assessing the status quo of competences in the treatment of lymphoma and leukemia patients. Furthermore, areas of potential improvement were identified to further the goal of competence-based education for residents. Methods: A survey-based analysis was conducted to assess the knowledge and competence of radiation oncology residents in Germany regarding hematological malignancies. A decisive questionnaire covering demographics, self-assessment of competences, and areas for improvement was developed in adaption of a survey by the Association of Residents in Radiation Oncology and distributed amongst 1439 members of the German Society of Radiation Oncology. Responses were collected anonymously via an online survey tool and analyzed using descriptive statistics and chi-square tests. Results: A total of 59 complete and 22 partial responses were collected, yielding a 5.6% response rate. Participants’ competence varied, with notable experience gaps in pediatric cases, proton therapy, and large-field techniques like total-skin irradiation or pediatric total body irradiation. While participants felt confident in treatment planning and patient counseling, they showed deficiencies in the definition of the planning target volume for modern involved site radiotherapy. Resources for education included national and international guidelines, scientific reviews, and textbooks. Board-certified radiation oncologists and physicians from specialized lymphoma centers demonstrated higher overall competence levels. Conclusion: This survey highlights the diversity of resident education regarding hematological malignancies in German radiation oncology programs. Knowledge gaps exist in key areas, including pediatric cases and specialized techniques. Competence-based education, interactive teaching formats, and rotations to specialized centers are potential strategies to address these gaps. The study contributes to the understanding of the federal educational landscape, underscoring the need for standardized and comprehensive training to ensure optimal patient care in hematological malignancies within the context of radiation oncology. Further research and collaborations are warranted to enhance training and expertise in this critical domain. © The Author(s) 2024."
"302","Elevating Competency Frameworks through eLearning Solutions: Lessons Learned from COVID & Beyond","Robbins, K.; Ruth, L.","2022","","eLearning and Learning Management Systems (LMS) were taken to new heights in the wake of the COVID-19 pandemic as training shifted online across the globe. This shift altered how industries viewed risk and hazard management and posed new challenges for training and compliance. Competency development is fundamental to process safety, and the recent pandemic amplified the importance of training and development in building and maintaining competency frameworks quickly. It also identified the leap in value for integrating technology to improve existing work practices. This paper examines how an LMS champions competency-based training, demonstrating its benefits in building and managing succession planning to improve overall safety performance. The IChemE Safety Centre (ISC) devised a notable roadmap plan, Process Safety Competency Guidance (2018), to help organizations establish process safety competency and develop a framework to maintain and assess competency. This guidance recommends six practical steps to support the implementation of a framework or model. Formal training with planned learning track programs and competency mapping is key to assessing its competency. A competency framework like the one developed by ISC can be further enhanced when using an LMS. A competency-based training approach provides learners/employees with an understanding of which skills and knowledge are needed to carry out their jobs, record progression, and offers visible status tracking of a learning path for themselves and management. An LMS is a software application designed as an eLearning ecosystem to handle all aspects from delivery, management, and assessment and reporting. Moreover, a quality LMS enables individuals and organizations to identify competency knowledge gaps providing a realistic understanding of how and where to improve future training development. Several case studies will highlight these benefits “before” and “after” the pandemic to offer invaluable insight from lessons learned. Applying the ISC’s six recommended steps for Development Activities with a quality LMS designed for process safety strengthens overall competency development. © 2022 IChemE."
"303","Engineering and Science Modeling Course: Students Explore Engineering and Sciences","Zavala, G.; Campos, E.; Martinez-Torteya, C.E.","2021","","Our institution, a private multi-campus Mexican university, is changing its educational model from traditional lecture instruction to challenge-based learning that emphasizes the development of specific competencies. Entering the School of Engineering and Sciences, students take the Engineering and Science Modeling course to introduce students to the university and its educational model by exploring four avenues: Bioengineering and Chemical Process, Innovation and Transformation, Computer Science and Information Technologies, and Applied Sciences. In this contribution, we report an overview of student satisfaction toward achieving the course's specific objectives, the students' perception of the importance of each avenue, and their perceptions of difficulty and time demands. We surveyed 1,499 students enrolled in programs in all four avenues of the School of Engineering and Sciences after completing the introductory course. The overall results of the survey showed a high level of student satisfaction. The students perceived that the course effectively conveyed the avenue contents and how the educational model works to develop and assess competencies. They valued having explored the different avenues of the school. The results also highlighted areas to improve to save students time in implemented activities. The latter could be due to the course's implementation during the COVID-19 pandemic, i.e., through synchronous distance education. Finally, the course also helped students reflect on their degree choices by making them solve problems they would not have faced if they did not take the course. © American Society for Engineering Education, 2021"
"304","CREATING AN ENGINEERING EDUCATION MODEL FOR THOSE WHO ARE LEFT BEHIND","Assi, H.; Das, S.; Venugopal, P.; Archey, D.; Plantenberg, K.; Steffka, M.; Kleinke, D.","2025","10.1115/IMECE2025-166071","Engineering education has long operated under a model that filters students out rather than welcomes them in. From high school onward, the field is often framed narrowly encouraging only students who excel in math and science, while overlooking students who show engineering promise through hands-on or creative problem-solving. Once enrolled, students frequently face gatekeeping courses, such as Calculus, which discourage persistence before they even take an engineering class. This outdated model disproportionately excludes women and students from underrepresented backgrounds, contributing to stagnant diversity in the field despite years of intervention. Instead of continuing to mold students to fit this rigid structure, engineering education must evolve to become more student-ready—meeting learners where they are and supporting a broader range of strengths and pathways into the profession. The 2024 ASEE Engineering Mindset Report [1], calls for a systemic transformation of engineering education to meet the demands of a changing world. In response, the University of Detroit Mercy is launching a pilot program to reimagine the first-year engineering experience. The initiative integrates math, science, and engineering in a cohesive, studio-style curriculum that introduces concepts as needed, rather than in rigid sequences. Traditional exams are replaced by competency-based assessments, allowing students to progress at their own pace. This paper explores the driving themes behind this transformation and outlines our approach to building a more inclusive, adaptable, and industry-aligned educational model. By redesigning the structure—not the student—we aim to open pathways for underrepresented groups and foster a more dynamic, resilient engineering workforce. Copyright © 2025 by ASME."
"305","Computing for Medicine: Can We Prepare Medical Students for the Future?","Law, M.; Veinot, P.; Campbell, J.; Craig, M.; Mylopoulos, M.","2019","10.1097/ACM.0000000000002521","Problem Technology can transform health care; future physicians need to keep pace to ensure optimal patient care. Because future doctors are poorly prepared in computer literacy, the authors designed a computer programming certificate course. This Innovation Report describes the course and findings from a qualitative study to understand the ways it prepares medical students to use computing science and technology in medicine. Approach The 14-month Computing for Medicine certificate course (C4M, offered beginning in February 2016), University of Toronto, is comprised of hands-on workshops to introduce programming accompanied by homework exercises, seminars by computer science experts on the application of programming to medicine, and coding projects. Using purposive and maximal variation sampling, 17 students who completed the course were interviewed from April-May 2017. Thematic analysis was performed using an iterative constant comparison approach. Outcomes Participants praised the C4M as an opportunity to achieve computer literacy-including language, syntax, and fundamental computational ideas (and their application to medicine)-and acquire or strengthen algorithmic and logical thinking skills for approaching problems. They highlighted that the course illustrated linkages between computer science and medicine. Participants acknowledged a sometimes-existent chasm between producers and users of technology in medicine, recommending two-way communication between the disciplines when developing technology for use in medicine. Next Steps We recommend that medical schools consider computer literacy an essential skill to foster future collaborative computing partnerships for improved technology use by physicians and optimal patient care. We encourage further evaluation of future iterations of the C4M and similar courses. © Copyright 2018 by the Association of American Medical Colleges."
"306","A Study on the Relative Weights of the Components of Core Competence Based Learning Outcomes in STEAM (Science, Technology, Engineering Art, Mathematics)","Park, Kimoon","2015","","The purpose of this study is to provide basic data that can be used in a reasonable assessment of the learning outcomes of STEAM. It presented a learning outcome evaluation method, relative weights of key competencies standard that a learner should cultivate.For this study, a pairwise comparison questionnaire about the key competencies was conducted on the STEAM professionals, and AHP was applied to analyze the priority of main factors of key competencies. The results of this study are as follows.First, the importance of capabilities of convergence accomplishment and capabilities of convergent cognition, in the first layer of key competencies, were 39.4% and 36.8%, respectively. In the education evaluation of the STEAM, capabilities of convergence accomplishment and capabilities of convergent cognition showed similar level of importance, and were considered more important factor than capabilities of convergence attitude (23.8%).Second, the relative importance of capabilities of problem solving (20.0%) was highest in the second layer of key competencies, and followed by capabilities of creative thinking (18.3%), responsibility (15.3%), and understanding convergence knowledge (11.0%).Third, it will be a foundation of a competency evaluation, which reasonably evaluates, based on the relative weights, whether to accomplish educational objectives of the STEAM program In addition, this results is expected to become a guide to develop an education program that can improve the teaching and learning process and raise the learning outcome, as well as an education evaluation of the STEAM."
"307","CONCEPT ON STEM EDUCATION IN ACCORDANCE WITH BULGARIAN CURRICULUM CONTENT OF SECONDARY SCHOOL","Raycheva, Nadezhda","2024","10.53656/ped2024-2s.01","Main concept in STEM education is implementing of synergetic potential of connections across different disciplines. It must be based on their results and broaden their comprehension by interpreting in applied context to achieve new meanings. In the report is presented a concept for STEM education on the ground of Bulgarian curriculum for disciplines in secondary school. The concept is described as relationship: learning outcomes-content-sample tasks for implementation."
"308","Linking SDGs, Competencies, and Learning Outcomes: A Tool for Curriculum Alignment in Higher Education","Magraner, Teresa; Gil-Garcia, Isabel C.; Fernandez-Guillamon, Ana","2025","10.3390/su17198910","This paper presents a structured strategy for integrating the Sustainable Development Goals (SDGs) into university courses by linking them to competencies and learning outcomes. The proposed methodology, based on fuzzy logic, evaluates the degree of alignment between teaching activities and selected SDGs through matrices that connect competencies with assessment activities and expected learning outcomes, improving the gap regarding the inclusion of the SDGs and their articulation in terms of competencies. The approach was applied to two subjects from the Master's Degree in Renewable Energy and Energy Efficiency at the Distance University of Madrid: ""Electricity Market"" and ""Wind Energy"". In both cases, the learning outcomes were redesigned, and the activities were adjusted to ensure meaningful incorporation of sustainability principles into the curriculum. The method enables quantification of each activity's contribution to the SDGs and supports a critical review of curriculum design to ensure coherent integration. The results indicate that project-based activities show the highest alignment with the SDGs, particularly with Goals 7, and 12, which achieve an average rating of 0.7 (high). The developed tool provides a practical and replicable solution for sustainability-oriented curriculum planning and can be adapted to other disciplines and educational programs."
"309","A model for aligning assessment with competences and learning activities in online courses","Guerrero-Roldan, Ana-Elena; Noguera, Ingrid","2018","10.1016/j.iheduc.2018.04.005","This article presents a model for designing e-assessment processes aligned with competences and learning activities. The authors examined assessment in student-centered, competence-based learning in online contexts. We analyzed the importance of alignment for properly selecting the learning activities that best guide students towards the desired level of competence acquisition (i.e. learning outcomes). We explored the leading types of assessment and new opportunities for assessment derived from the use of technologies. The model developed takes advantage of the potential for technologies to go beyond traditional assessment approaches and proposes a classification of e-assessment activities organized by competences. When the model was applied in a real online course, results suggested it can help teachers and students better understand the meaning of competence-based learning and how the formative assessment approach is useful for helping students attain the desired competence levels."
"310","Competency Assessment in Problem-Based Learning Projects of Information Technologies Students","Brilingaite, Agne; Bukauskas, Linas; Juskeviciene, Anita","2018","10.15388/infedu.2018.02","The rapid development of new technologies requires a new set of skills from all users in operating, using, and maintaining digitised environments. Curriculum design in the field of Information and Communication Technologies (ICT) undergoes a rapid change as technological achievements do influence education.The aim of the article was to present research results on the mappings of learning outcomes to taxonomies to evolve from requirement-based assessment to competency-based assessment. The research was carried out on the problem-based learning (PBL) module. The article presents a novel PBL model design with activities and evaluation schema. The developed model could be used to guide the curricula design of information technologies for generic competencies, and to foster skills essential for the future ICT sector."
"311","Capturing outcomes of competency-based medical education: The call and the challenge","Van Melle, Elaine; Hall, Andrew K.; Schumacher, Daniel J.; Kinnear, Benjamin; Gruppen, Larry; Thoma, Brent; Caretta-Weyer, Holly; Cooke, Lara J.; Frank, Jason R.","2021","10.1080/0142159X.2021.1925640","There is an urgent need to capture the outcomes of the ongoing global implementation of competency-based medical education (CBME). However, the measurement of downstream outcomes following educational innovations, such as CBME is fraught with challenges stemming from the complexities of medical training, the breadth and variability of inputs, and the difficulties attributing outcomes to specific educational elements. In this article, we present a logic model for CBME to conceptualize an impact pathway relating to CBME and facilitate outcomes evaluation. We further identify six strategies to mitigate the challenges of outcomes measurement: (1) clearly identify the outcome of interest, (2) distinguish between outputs and outcomes, (3) carefully consider attribution versus contribution, (4) connect outcomes to the fidelity and integrity of implementation, (5) pay attention to unanticipated outcomes, and (6) embrace methodological pluralism. Embracing these challenges, we argue that careful and thoughtful evaluation strategies will move us forward in answering the all-important question: Are the desired outcomes of CBME being achieved?"
"312","A Context-based Question Selection Model to Support the Adaptive Assessment of Learning: A study of online learning assessment in elementary schools in Indonesia","Yuhana, Umi Laili; Yuniarno, Eko Mulyanto; Rahayu, Wenny; Pardede, Eric","2024","10.1007/s10639-023-12184-8","In an online learning environment, it is important to establish a suitable assessment approach that can be adapted on the fly to accommodate the varying learning paces of students. At the same time, it is essential that assessment criteria remain compliant with the expected learning outcomes of the relevant education standard which predominantly utilizes a competency-based curriculum such as in Indonesia. The aim of the research in this paper is to improve the adaptiveness of questions in the existing Computerized Adaptive Testing (CAT) model by taking into consideration multiple aspects of user context. We propose a context-based question selection model based on competency evaluation by merging four methods of Classical Test Theory, Rasch Model, Linear and Quadratic models, and the combination of branching and item adaptive methods to select questions of suitable difficulty for each individual student. To evaluate the proposed model, we conducted experiments based on a real dataset of 689 elementary school students in Indonesia. The experiment results prove the effectiveness of the proposed model in terms of accuracy in predicting the appropriateness of the questions in relation to the students' ability. This adaptive assessment method which accurately builds upon the students' competency level will support students' success in the online learning environment."
"313","Integrating Artificial Intelligence Into Health Informatics and Information Education: A Competency-Based Framework Using Miller's Pyramid.","Houser, Shannon H; Flite, Cathy A; Foster, Susan L; Morey, Angela","2026","10.63116/ahisp-25-004","The integration of artificial intelligence (AI) into health informatics and information management (HIIM) education presents both transformative opportunities and ethical complexities. As health care systems increasingly adopt AI-enabled tools and workflows, educational programs must prepare students to not only understand AI technologies but also apply them responsibly and effectively. In this article, the authors propose a competency-based framework for embedding AI into HIIM curricula, using Miller's Pyramid of Clinical Competence to scaffold progressive learning outcomes. With this developmental model, educators guide students from foundational knowledge to applied reasoning, simulation-based practice, and real-world performance using AI tools. The model can be used to foster problem-solving abilities and support workforce readiness by aligning AI-enhanced assignments with core HIIM domains. Ethical considerations are embedded throughout the learning process to promote the responsible and equitable use of AI. By offering flexible guidance for integrating AI into diverse educational settings, the competency-based framework enables instructors to design competency-aligned learning experiences that foster technical proficiency, ethical awareness, and professional confidence in today's AI-driven health care environment."
"314","A Game-Based Learning Approach in Digital Design Course to Enhance Students' Competency","Velaora, Chrysoula; Dimos, Ioannis; Tsagiopoulou, Sofia; Kakarountas, Athanasios","2022","10.3390/info13040177","Digital Design is a laboratory course, and the educator must focus on the students' need to know why they study the theory and mainly on the transition from knowledge-based learning to competency-based learning. This study consists of five surveys that were conducted during 2017-2021. First, we evaluated students' learning outcomes in order to define possible learning problems. According to the literature, gamification can have a positive impact on students' motivation and learning outcomes. Therefore, we used ready-made digital games in order to evaluate students' satisfaction and willingness toward their integration in the educational process. This process was repeated in the next academic year. The feedback we received from the previous surveys has helped us to adapt to the new approaches of teaching due to the current pandemic caused by COVID-19. We proposed an online holistic environment based on Keller's (1987) ARCS model and Malone's (1981) motivational model, which was applied in distance learning. Each student participated in a student-centered learning experience. He took an active role and was self-manager of his learning process. He was given the opportunity to develop capabilities and strategies through practice and engagement in higher-order cognitive activities, acquire self-learning skills, learn how to solve problems, and participate in teamwork. This study's innovation is that students experienced a combination of learning approaches: (a) a virtual lab consisting of simulation-based activities, which allowed students to access new laboratory experiences, (b) a project-based digital game without a processor, which developed their motivation, creativity, and hands-on ability, as opposed to the other relevant studies that use ready-made games, and (c) asynchronous videos as feedback, which ensured the educator's emotional support and social presence. Finally, this study developed research to evaluate the effectiveness of this online holistic environment and used a questionnaire, which was created based on Keller's Instructional Materials Motivation Survey tool. The results showed that its integration in distance learning is probable to motivate students to learn and affect positively their attention, relevance, confidence, and satisfaction."
"315","Classroom observation data collected to document the implementation of physics competence-based curriculum in Rwanda","Ndihokubwayo, Kizito; Uwamahoro, Jean; Ndayambaje, Irenee","2021","10.1016/j.dib.2021.107055","Classroom observation has played a role in documenting classroom practices to improve teaching and learning outcomes. This dataset allows teachers, researchers, and educational policymakers to reanalyze it depending on the interest variables and understand Rwanda's current physics education. The data was collected among qualified teachers from selected schools in Kigali city and rural eastern province in Rwanda. Classroom observation data were collected using the Reformed Teaching Observation Protocol (RTOP) and Classroom Observation Protocol for Undergraduate STEM (COPUS). This data article describes the collected data, research design undertaken, and methods used to collect and analyze them."" The data collected are valid and reliable due to standard instruments used and consistent agreement between classroom observers. A step-by-step procedure on collecting and analyzing COPUS data and checking interobserver reliability has been detailed and informed in supplementary materials. (C) 2021 The Author(s). Published by Elsevier Inc."
"316","Personalised-adaptive learning - an operational framework for developing competency-based curricula in computer information technology","Tashiro, Jay Shiro; Hung, Patrick C. K.; Martin, Miguel Vargas; Brown, Alison Leigh; Hurst, Frederick M.","2016","10.1504/IJIL.2016.076793","In this paper, we explore the intersection of grounded theory in cognition and learning with the operational frameworks needed to develop and evaluate adaptive learning systems. As a test case, we studied an online personalised competency-based CIT curriculum at Northern Arizona University (Flagstaff, Arizona, USA). Our approach focused on strategies for adding adaptive learning capacities to an extant learning management system, with particular attention to cost-effective yet evidence-based approaches for improving learning outcomes. We designed elements that would enhance feedback and remediation for students, which required developing software engines that could integrate data collection and analysis. Such capacities are essential to drive evidence-based educational practices for CIT undergraduate and graduate programmes. Research led to a conceptual model and the operational facets for personalised-adaptive learning CIT educational environments. The conceptual and operational model described herein is called SIGNAL CIT Education - Serial Integration of Guiding Nodes for Adaptive Learning in CIT Education."
"317","SELF-ASSESSMENT - A COMPONENT OF THE COMPETENCE-BASED TRAINING IN THE PROFESSION ""APPLIED PROGRAMMER""","Staribratov, Ivaylo; Mollov, Muharem; Valchev, Rosen; Petrov, Petar","2022","10.53656/str2022-5-5-sel","The article discusses the idea of competency-based education (CBE), which is increasingly used to improve training for the modern knowledge-based economy. A general description of such training has been made, in the center of which is the learner. The ideas for ADDIE were used - a training model that meets the objectives of the UNCCD. The article focuses on self-assessment as one of the characteristic forms of CBE assessment. The results of the self-assessment of students participating in the training in the profession ""Applied Programmer"" are presented. The study involved students studying under the National Program ""IT Career Training"" (NPITC), with which the CBE was conducted and a group of students in which traditional training in the profession was conducted. The prepared self-assessment questionnaire includes questions related to the development of basic and specific competencies. The questions on specific competencies are based on the competency models used in the IT sector. The results of the survey show that students who participated in the CBE have a higher self-esteem than students trained in the traditional approach. It is necessary to conclude that the CBE is suitable for use in modern education, despite the need for serious preparation before its implementation."
"318","Editorial: Regional responses to Higher Education world-wide challenges","Rose, Luigi F. Dona Dalle; Serbati, Anna","2017","10.18543/tjhe-5(1)-2017pp13-17",""
"319","A diplomatic-informed archival pedagogy: fostering student-centered learning environments for novice archival researchers","Dearborn, Carly; Flierl, Michael","2023","10.1108/JD-06-2022-0128","Purpose This paper begins to construct a theoretical foundation for using a diplomatic-informed pedagogy that specifically addresses common concerns in archival instruction in a higher education environment. The authors utilize self-determination theory (SDT) to define student-centeredness and provide empirical guidance for creating a learning environment supporting student motivation, persistence and academic achievement. The proposed framework provides both structure and theoretical grounding for the archivist while also cultivating a learning environment which effectively motivates novice researchers. Design/methodology/approach The authors draw on diplomatics and archival instructional literature to propose an instructional framework utilizing SDT. Findings A diplomatic-informed pedagogy is a new, theoretically viable approach to archival instruction for novice researchers intending to replace common archival orientation and competency-based instruction. This pedagogical approach also provides a reproducible structure to the instructional archivist, helping to organize classroom learning outcomes, assessments and activities in alignment with evidence-based research and well-established archival theory. Research limitations/implications This is a conceptual paper and based on subjective analysis of existing literature and theory. The proposed framework has not been tested in a practical application, but it is based in the pedagogical foundations of diplomatics and SDT's focus on student perceptions and motivations. Originality/value Diplomatics, the foundation of archival science and legal theory, can be applied pedagogically to provide concrete guidance to teach students to use archives in more intentional, creative and disciplinary authentic ways. Diplomatics gives the instructional archivist a pedagogical foundation, structure and guiding methodology to approaching novice researchers in the archives, while SDT presents how to implement such an approach."
"320","Trends in the Integration of Generic Skills to College Chemistry Curriculum and  their Implications","Lee, Bo Kyoung","2023","","University science and engineering education has traditionally focused on science knowledge and scientific methods. However, the recent global trends are to emphasize generic abilities and skills such as communication skills, personal and social responsibility, ethics, and team skills that go beyond science when it comes to university science and engineering education. Furthermore, the current trends aim to incorporate generic abilities and skills into the regular science curriculum to ensure inclusiveness and accessibility. Based on these factors, there is the perception that chemistry professionals need to develop generic skills as well as chemistry knowledge, and that generic skills can be effectively developed in various contexts in the field of chemistry itself. This article presents the background and process in which education for cultivating students' generic abilities and skills is integrated into the college chemistry curriculum in the case of the United States, Europe, and Australia. The American Chemical Society, the Royal Australian Chemical Institute, and the European Chemical Society have established new standards for their chemistry bachelor programs, including generic abilities and skills, through accreditation such as the ACS Approval program, Chemistry Threshold Learning Outcomes (CTLO), and the Eurobachelor framework, respectively. In order to cultivate students’ generic abilities and skills in college chemistry education, a fundamental change from curriculum design to one that emphasize teaching-learning methods and evaluations is needed. To this end, professors' active participation is essential, so cooperation between academia and the government and financial and institutional support from the government are needed. Considering the criticism coming from academia for the demands for all universities to rapidly change into competency-based education in connection with the government’s financial support, all of which is taking place without sufficient discussion and preparation in Korea, it is worth noting the implications of mutual respect and cooperation between the government and academia in the aforementioned three cases."
"321","Adopting sustainability competence-based education in academic disciplines: Insights from 13 higher education institutions","Lozano, Rodrigo; Barreiro-Gen, Maria; Pietikainen, Janna; Gago-Cortes, Carmen; Favi, Claudio; Jimenez Munguia, Maria Teresa; Monus, Ferenc; Simao, Joao; Benayas, Javier; Desha, Cheryl; Bostanci, Sevket; Djekic, Ilija; Moneva, Jose Mariano; Saenz, Orlando; Awuzie, Bankole; Gladysz, Bartlomiej","2022","10.1002/sd.2253","Higher Education Institutions (HEIs) have been incorporating sustainability into education and curricula, where recent research has focussed on sustainability competences, pedagogical approaches, and how to connect them, generally on a single HEI. The process of integrating sustainability into education based on curricula assessment has been explained using adoption of innovations; and has the potential to explain the process of developing competences through pedagogical approaches. The aim of this paper is to investigate this process at academic discipline level. An online survey was developed to investigate teaching sustainability competences in 13 HEIs, from which 678 responses from educators were obtained. The competences and pedagogical approaches from the responses were ranked, and then the connections between the competences and pedagogical approaches per discipline were analysed using a correlations-based framework, from which three disciplines groups were created. The groups were categorised using diffusion of innovations theory, which indicated that some disciplines are more innovative than others in adopting sustainability competence-based teaching. The results are used to propose two frameworks to better understand the adoption of sustainability competence-based teaching: (a) the D-RAPID framework; and (b) the Disciplinary Multi-dimensional Sustainability Influence Change for Academia (D-MuSICA) memework. The adoption of sustainability competence-base education must expand from a single HEI perspective to a disciplinary collaborative one spanning many HEIs, where academic disciplines should learn from each other's insights and mistakes and provide students with more transdisciplinary skillsets to make societies more sustainable."
"322","Competency Analysis of Elementary Interdisciplinary Informatics Education Focused on Improving Collaborative Problem Solving Ability for the 2022 Revised educational Curriculum","Son, Jungmyoung; Kim, Taeyoung","2024","10.32431/kace.2024.27.4.007","This study aims to analyze the competencies for interdisciplinary education centered on the information subject within the new 2022 revised educational curriculum. The objectives are: first, to investigate definition-based classification methods; second, to classify the competencies of the information subject emphasized in the new curriculum, particularly those related to collaborative problem-solving; and third, to explore the connections between these competencies and those of other subjects for integrated education. The study involved text preprocessing (tokenization, lemmatization, stopword removal), feature extraction (vectorization), semantic similarity measurement (cosine similarity), clustering (hierarchical clustering), and definition-based mapping processes on the 2015 and 2022 revised curricula. The results revealed that computational thinking, artificial intelligence literacy, and digital culture literacy could be linked definitionally with the competencies in Korean, mathematics, social studies, and science. Specifically, computational thinking was associated with decomposition, pattern recognition, abstraction, and algorithmic thinking within each subject. Artificial intelligence literacy related to data utilization skills, understanding AI mechanisms, and applying AI tools in problem-solving contexts. Digital culture literacy was connected with evaluating and making decisions based on information, ethical usage and awareness, digital expression and understanding, and collaborative interactions. This study aims to foster active research on developing effective integrated educational programs and core competency-based assessment methods, promoting a comprehensive curricular approach for nurturing future competencies."
"323","An Analysis of the Determinants Influencing the Improvement of University Students' Core Competencies","Cho, Moo Jeoung，; ILL, CHOI SUN","2019","","This study analyzed the Positive and negative determinants that affect the enhancement of the core competencies of A university students in the metropolitan area. To this end, 7,914 case A university students were surveyed using A university's core competency assessment tools, which consist of three competencies: Communication, Creativity and Convergence. The following are the determinants that influence the enhancement of university students' core competencies. First, boys over girls had a positive impact on their creative abilities and a negative impact on their communication competency. Second, the third grade had a positive impact on communication competency compared to the first grade, and the fourth grade had a negative effect on creative and convergence competency. Third, it has been shown that all colleges have a positive impact on their communication competency compared to music colleges, and on their creative capacity, except for the department of arts, sports, and industry and convergence, and division of international studies. On the other hand, engineering and natural sciences colleges had a negative impact on convergence competency. Fourth, it was found that special admissions had a positive impact on communication skills and new admissions had a positive impact on creative competency, but both types had a negative effect on convergence competency. Fifth, early admissions had a positive effect on convergence competency, and transfer studies had a negative effect on convergence competency. Sixth, English-only lectures had a positive impact on communication competency. Seventh, GPA had a positive impact on both communication, creativity and convergence competency. Finally, the language and expressive domain, e-learning and basic science were found to have a positive effect on communication competency, and the classical reading domain also had a positive effect on communication competency and creativity competency. As a result of the study, this study is meant to be a basic study of core competency-based curriculum, which can be referred to several universities that want to introduce core competences into their curriculum and is the basis for the subsequent study of competency-based curriculum."
"324","Ontology-based e-Portfolio modeling for supporting lifelong competency assessment and development","Rezgui, Kalthoum; Mhiri, Hedia; Ghedira, Khaled","2017","10.1016/j.procs.2017.08.041","Over the last century, different learning theories have shaped the world of education and training before shifting to the competency based approach (CBA). This new paradigm to teaching and learning aims to ensure that every student has to graduate with the competitive competencies of lifelong learners and is ready to enter the workforce and begin functioning in entry-level positions. However, despite the growing interest in competency-based learning and training, this field still faces numerous challenges, essentially the lack of consensus about an interoperable description of competency evidences. Indeed, the move towards CBA has created a need for effective instruments that support and assess competency development. In this context, the electronic portfolio (e-Portfolio) emerged as a suitable tool that helps learners collect and manage multiple kinds of assessment evidences linked to the program's competencies from multiple sources. In this paper, we propose an ontology-based approach to e-portfolio modeling which relies on Semantic Web technologies to formally and semantically describe portfolio artifacts that evidence the achievement of one or several competencies. The proposed ontology is structured according to official e-Portfolio specifications, namely IMS ePortfolio and JISC Leap2A. In addition, other existing approaches to e-Portfolio modeling reported in the literature have been explored to avoid misinterpretation of these specifications. Furthermore, a comparative study of common e-Portfolio systems has been carried out in order to gain a fairly accurate idea of the generic structure of an e-Portfolio. (C) 2017 The Authors. Published by Elsevier B.V."
"325","Improving student learning achievement in the block of nervous system and special senses through application of blended learning strategy","Ningrum, R. K.; Widjana, D. P.","2019","10.1088/1742-6596/1402/7/077056","Since its establishment in 2009, the Faculty of Medicine and Health Sciences, University of Warmadewa has implemented a competency-based curriculum, in which teaching materials are grouped into block based on systems or themes. By this way, learning is expected to be more meaningful because clinical sciences can be introduced to student earlier. The study design was cross-sectional analytic where all students of the years 2016 and 2017 who underwent block 1.6 (Nervous System and Special Senses) were involved. From the present study we concluded that E-learning in combination with conventional learning method (blended learning) increased student achievement in final students assessment of the block Nervous System and Special Senses, hence E-learning can be applied as a supporting tool for conventional learning method."
"326","Application for Creating and Analyzing Competency-Based Curricula Using an Ontological Approach","Nazyrova, Aizhan; Milosz, Marek; Mukanova, Assel; Bekmanova, Gulmira; Kuzin, Dmitrii; Aljawarneh, Shadi","2024","10.1109/ACCESS.2024.3422129","This article describes the development and implementation of cutting-edge software for creating, modifying, and analyzing curriculum plans based on a competency-based approach, structured in the form of ontologies. The authors continue a series of studies in the field of ontological modeling, focusing on the features of a hierarchical curriculum model with an unlimited level of competency nesting. The article details the mechanism for determining prerequisites for studying disciplines based on the analysis of interrelationships between competencies formed by various courses, as well as the model for assessing control tasks to determine the level of students' proficiency in the necessary competencies. The presented software solution includes functionality for integrating data into an ontological structure, editing, and analyzing the consistency of curriculum plans, with an emphasis on preliminary discipline requirements and assessment of educational outcomes. The developed interface simplifies the process of working with educational programs and supports their export in Ontology Web Language format, which facilitates easy integration and collaboration in the educational environment. The main scientific contribution of this work is the model developed for assessing control tasks to determine the level of mastery of necessary competencies and the creation of a comprehensive software product for managing competency-oriented curriculum plans through ontological modeling. The results obtained enhances the flexibility of designing and coordinating educational programs that meet modern educational and professional requirements."
"327","Analysis of the gap in architects' skills of lifelong learning","Mamdouh, Amr; Abdelkader, Morad; Samir, Tamer","2022","10.1016/j.asej.2022.101805","A challenge facing architectural education is keeping pace with the rapid changes in professional practice worldwide. This research assesses the processes that enable practitioners to keep up with the changes in the labour market while ensuring their skills remain relevant. This research examines the architects' self learning and continuing education skills through an online survey. A literature review was performed to construct this survey. We compared the results of 112 Egyptian architects with those of a University of Cincinnati visiting professor delegation in Egypt. Raising skills through lifelong learning can help in bridging the gap between Egyptian graduates' competencies and the continuous change in the labour market. In light of these challenges, there was a need to integrate teaching between academic and non-academic institutions as a long-term strategy. It was also found that short-term plans for reviewing teaching methods and adapting to competency-based education are very important.CO 2022 THE AUTHORS. Published by Elsevier BV on behalf of Faculty of Engineering, Ain Shams University This is an open access article under the CC BY license (http://creativecommons.org/licenses/by/4.0/)."
"328","Competency-Based Assessment of Robotic Surgery Skills-Phase 2 (CARS 2.0): A Global Survey Study with Blinded Video Review of Surgical Proficiency On Behalf of TROGSS-The Robotic Global Surgical Society","Goyal, Aman; Babu, Abhirami; Acosta, Susana; Rivero-Moreno, Yeisson; Macias, Christian A.; Vargas, Vanessa Pamela Salolin; Park, Jason; Rodriguez, Elisa; Ibarra, Kimberly; Koutentaki, Michall; Fuentes-Orozco, Clotilde; Garcia, Andrea; Meza, Kathia Dayana Morfin; Gonzalez-Ojeda, Alejandro; Suarez-Carreon, Luis Osvaldo; Abou-Mrad, Adel; Marano, Luigi; Oviedo, Rodolfo J.","2025","10.20517/2574-1225.2025.66","Aim: The Competency-Based Assessment of Robotic Surgery Skills (CARS) scale was developed as a novel approach to assess robotic surgery (RS) skills through 10 relevant RS competencies. CARS 2.0 aimed to expand on the findings of CARS by conducting a global survey study in which participants graded a blinded, edited surgical video with the CARS scale for 7 competencies measurable via video. Methods: CARS 2.0 is being conducted globally, including participants across medical specialties and training stages, from medical students to attending/consultant surgeons. Participants evaluated a blinded, edited surgical video using the CARS scale via an anonymous Google form, focusing on 7 video-measurable competencies. Results: A total of 320 responses were collected over 3 months, including 125 (39.06%) attending/consultant surgeons, 98 (30.6%) surgical specialty postgraduate trainees, 96 (30%) medical students, and 1 pre-medical student. ANOVA (analysis of variance) analysis showed that the operator scores increased with the evaluators' level of experience, reaching statistical significance across all 7 competency categories. Spearman's correlation indicated moderate associations between participants' surgical experience and proficiency (rho = 0.314, P < 0.001), as well as between their comfort with the CARS scale and proficiency (rho = 0.337, P < 0.001). Regression analysis demonstrated that robotic stapler use and camera handling were predictors of higher CARS scores based on participants' experience. Conclusion: CARS represents a first step toward establishing competency-based assessment of RS performance independent of specific surgical procedures. Its integration into surgical training programs can facilitate trainees' attainment of RS competency. Longitudinal studies could further validate its effectiveness at improving surgical training with its implementation into training curricula."
"329","Cognitive enhancement through competency-based programming education: a 12-year longitudinal study","Yao, Dunhong; Lin, Jing","2025","10.1007/s10639-025-13582-w","Programming education consistently faces challenges in bridging theory with practice and fostering students' cognitive competencies. This 12-year longitudinal study (2011-2023) investigates an innovative competency-based teaching model in university C programming education that integrates six educational theories into a coherent framework with three dimensions (theoretical, practical, innovative), four integration mechanisms, and five combinatorial strategies. Using a mixed-methods approach with a quasi-experimental design, we studied 4,051 undergraduate students from a Chinese university. Results revealed significant enhancement in students' cognitive abilities, as measured by Raven's Standard Progressive Matrices (t (350) = 8.76, p < 0.001, d = 0.68), which strongly correlated with improved academic performance (r = 0.62), computational thinking (r = 0.71), and problem-solving skills (r = 0.67). The model creates multiple pathways for cognitive development through synergistic interactions between components, promoting collaboration and self-directed learning with effects extending beyond graduation. Multiple regression analysis identified three key predictors of cognitive enhancement: classroom engagement (beta = 0.35), project completion (beta = 0.28), and participation in innovation activities (beta = 0.22). This study provides robust empirical evidence for the long-term efficacy of a competency-based model in programming education, presenting a transformative approach to STEM education reform particularly relevant in rapidly evolving technological landscapes."
"330","THE ROLE OF HIGHER EDUCATION SYSTEMS IN PROMOTING EDUCATIONAL INNOVATION Developing Competency-Based Learning Environment at Scale","Mintz, Steven","2022","","Among higher education's most pressing challenges is to significantly increase the number and diversity of students who succeed in the high-demand fields of biomedicine, computer science, data science, and engineering. To meet this challenge, the University of Texas System's Institute for Transformational Learning and its team of curriculum architects, instructional designers, educational technologists, and data scientists has partnered with campus faculty to reimagine every facet of the learning experience. By working with coalitions of the willing on islands of innovation, the UT System is designing, testing, and rigorously evaluating new educational models for emulation across its campuses and at other institutions nationwide."
"331","Revealing the Gap Between Skills of Students and the Evolving Skills Required by the Industry of Information and Communication Technology","Akhriza, Tubagus Mohammad; Ma, Yinghua; Li, Jianhua","2017","10.1142/S0218194017500255","Along with the fast development in information and communication technology (ICT), job skills required by ICT industries are also evolving very rapidly. It becomes difficult for ICT students to assess the gap between their skills and such evolving skills. Even though schools perform periodical curriculum evaluations, the time gap between the evaluations causes the curriculum to get out-of-date easily since it is unable to cope with the tremendous and quick changes occurring in the industry. We propose novel solutions by introducing some measures and visualization tools to reveal such skills' gap. Using evolutionary-based data mining, the skillsets mastered by students were collected from their study reports, while the frequent skillsets required by the industry were mined out from job adverts; and based on these skillsets the skill coverage of the students was approximated. The proposed solutions were then tested on data obtained from an Indonesian higher education institution since Indonesia implements competence-based curriculum in its education system. Experimental works show that the proposed approaches not only reveal and visualize the gap, but also monitor the changes in the skills requirements, which also help the school's administrator while updating the curriculum."
"332","Automated Assessment of Computer Programming Practices: The 8-Years UNED Experience","Galan, Daniel; Heradio, Ruben; Vargas, Hector; Abad, Ismael; Cerrada, Jose A.","2019","10.1109/ACCESS.2019.2938391","The increasing popularity of distance education poses exciting new challenges. In particular, current pedagogical paradigms, such as competency-based education, require students' continuous evaluation. That is, to master skills, students need to receive constant feedback to guide their experimentation processes. However, teaching teams are usually under-dimensioned to support the large number of students that online courses usually have. This paper presents the approach we have adopted at the National University of Distance Education to overcome this problem for the case of computer programming practices, which complements human evaluation with an automatic assessment system. The paper describes our system and reports its benefits with an empirical study from 2011 to 2018 that involved 14,944 students."
"333","Implementing a key-competence-based subject knowledge learning tool in Chinese middle schools: the direct and sustained effects","Luo, Jiutong; Yu, Shengquan","2024","10.1080/10494820.2022.2120018","Information and communication technologies (ICTs) in basic education, i.e. K12 education, have often been constrained by sociocultural context and limited to pedagogical aspects, and these innovations have not yet catalyzed curriculum reform as expected. To address this research gap, this study adopted a key-competence-based subject knowledge learning tool, i.e. Smart Learning Partner (SLP), and conducted a quasi-experimental study to evaluate its effects among middle school students. A total of 400 participants in Grade 7 from four schools were followed for a period of two and a half years. The results on online learning engagement indicated that the manipulation generally succeeded in promoting students' use of SLP in the experimental schools. Furthermore, the results on academic performance showed that SLP could not only directly benefit students' learning in the first academic year but also continued to have an effect within the following one and a half years. This study contributes to the existing knowledge in two aspects: first, it extends the use of an adaptive learning cognitive map and shows positive effects in supporting the implementation of the whole curriculum; second, it presents a long-term and large-scale example of successfully integrating ICTs into the key-competence-based curriculum reform in the Chinese context."
"334","Competency-based education 101","Ford, Rod; Meyer, Ryan","2015","10.1016/j.promfg.2015.07.325","Competency-based education (CBE) is not new to higher education. For decades, colleges have been granting credit for content a student has previously mastered through prior learning assessments. But another approach to CBE, one in which students are granted credit as they master new academic content, is now being offered at an increasing number of public and private institutions. At least one factor driving this shift is employer's expectations that even entry-level employees can handle problem-solving tasks within their domain. This requires institutions to define competency models that align with job functions and requires educators to integrate knowledge, skills and attitudes (KSAs) into the learning experiences. Focus groups comprised of industry leaders can help institutions define competency models that align to jobs available for each degree level. Competency models that include indicating behaviors that define the characteristics of each level of proficiency aid in course design and assessment. Faculty can use the competency model as the starting point for course design but the integration of KSAs into holistic learning tasks is complex. As faculty seek to adjust to the demands of CBE, van Merrienboer's 4C-ID methodology provides a framework for the discovery of the authentic tasks performed by experts in real-world settings. The core components (Learning Task, Supportive Information, Procedural Information, and Part-Task Practice) also guide faculty to transition authentic tasks into learning experiences that facilitate student proficiency across a competency model. (C) 2015 The Authors. Published by Elsevier B.V."
"335","Development and initial experience of a novel Competency-Based Assessment of Robotic Surgery Skills (CARS) scale for general surgery residents","Elzein, Steven M.; Corzo, Maria Paula; Tomey, Daniel; del Rio, Roberto Secchi; Bonsu, Nana-yaw O.; Benavides, Benjamin; Minze, Laurie; Blanc, Pierre; Abou-Mrad, Adel; Oviedo, Rodolfo J.","2024","10.1007/s44186-024-00265-2","PurposeAs general surgery education and credentialing shifts towards a competency basis, there is a need for updated task-based scoring scales to correlate, especially in robotic surgery. The purpose of this study is to introduce a novel Competency-Based Assessment of Robotic Surgery Skills (CARS) Scale and report on its initial potential to evaluate general surgery resident development of robotic surgery skills.MethodsResident robotic surgery performance was evaluated at a single institution using the CARS scale over the course of one academic year. Twenty de-identified and randomized operative robotic procedure videos were scored using the CARS and Global Evaluative Assessment of Robotic Skills (GEARS) scales by two expert blinded reviewers. Inter- and intra-rater reliability was analyzed.ResultsA total of seven Post-Graduate Year (PGY)-1, seven PGY-2, six PGY-3, four PGY-4, and five PGY-5 general surgery residents were evaluated in-person using the CARS scale. Robot docking exhibited the highest mean score across all PGY levels, while robotic stapler use exhibited the lowest score. In-person assessments utilizing the CARS scale reliably differentiated advanced (PGY-4-5) resident performance from both intermediate (PGY-3) and beginner (PGY-1-2) resident performance. Additionally, the CARS scale reliably differentiated intermediate (PGY-3) from beginner (PGY-1-2) resident performance. In blinded video review, both the CARS and GEARS scales reliably differentiated attending surgeon from beginner, intermediate, and advanced resident performance. Inter-rater reliability of the CARS scale was moderate when used to evaluate inguinal hernia repair video samples.ConclusionsThe CARS scale represents a first step towards establishing competency-based scoring of general surgery resident robotic surgery performance. Further studies are necessary to evaluate the potential of the CARS scale to replace non-competency-based robotic surgery scoring scales."
"336","Methodology to evaluate transversal competences in the master's degree in industrial engineering based on a system of rubrics and indicators","Llopis-Albert, Carlos; Rubio, Francisco","2021","10.4995/muse.2021.15244","This paper presents a methodology to evaluate transversal competences in the context of the subject ""Design and application of industrial equipment"" in the Master's Degree in Industrial Engineering at Universitat Politecnica de Valencia (Spain). The competency-based education implies several activities, such as a project-based learning that must be eventually defended in public by students in groups. Evidence of learning is collected based on a well-defined system of rubrics and indicators, which are known in advance by students. We have observed that the use of such techniques improves the students learning on the contents of the subject, allows to acquire the transversal competences related to the analysis and problem solving, and enhances the ability to understand concepts intuitively. Moreover, results clearly show a positive influence on the use of such tools for improving the professional and ethical commitment to the issues raised."
"337","Assessing Performance in Engineering Education: Examples Across Fifty Years of Practice","Heywood, John","2016","10.1007/978-3-319-30064-1","This chapter outlines the challenges associated with defining assessment in the context of engineering education. A case study undertaken in the late 1950s brought into question the validity of written examinations. One response to this was broadening the concept of coursework to include projects and the application of criterion referenced measures to assessment. It is against this backdrop that discussion takes place about recent developments in outcomes (competency)-based assessment required by regulation agencies. Studies of engineers at work show the complexity of engineering and the significance of the affective domain and tacit knowledge in acquiring competence. The idea that an engineer should be able to take on a professional role immediately after leaving college without some prior guided experience of working in industry is refuted. This chapter supports the view that engineering education may better prepare students for work in the industry if it is structured on a cooperative basis. But the experience of industry must be carefully designed. The acquisition of competence occurs through a developmental process and is subject to the experience of the conditions imposed by the organization. This has implications for the way in which formative assessment is conducted."
"338","Enhancing Drone Operator Competency within the Construction Industry: Assessing Training Needs and Roadmap for Skill Development","Nwaogu, Janet Mayowa; Yang, Yang; Chan, Albert P. C.; Wang, Xiaowei","2024","10.3390/buildings14041153","Industry 5.0 is expected to solve the issue of job insecurity and reluctance to adopt emerging technologies in Industry 4.0 through increased workforce participation. To achieve that, proactive training should be afforded to enable the workforce to co-work with new technologies. Drones are an emerging technology increasingly adopted in construction, which has enormous data collection and safety implications when operational skills are inadequate. Yet, current drone training programs appear to be generic, and their ability to equip operators for flying tasks is questioned. This study aims to answer this question by assessing the adequacy of existing drone training programs and proposing training needs and strategies for drone operators in the construction industry. Data collected using semi-structured interviews from 22 purposively selected respondents in Hong Kong and desk research of websites were subjected to inductive content and thematic analysis using MAXQDA Analytics Pro 2022 software and narrative review. It was deduced that drone training courses in Hong Kong were mostly generic (UAS Pilot Training-Level 1, FPV operation). Interviewees considered existing drone training/training courses as inadequate for four reasons, including ""lack of context-fitting considerations"", ""incompetence of drone operators"", and ""lack of demand/interest"". Regarding the need for specialized drone training courses, two barriers and two training ecosystem themes emerged, with the high cost of specialized courses being a potential barrier to adoption since they could hamper enrolment. The training ecosystem themes were consistent with the ""the training is inadequate"" theme. This study proposes two drone operation training strategies: ""competence-based training"" and a ""train-the-trainer"" model. Drone training courses or programs under each training strategy should include (i) training content such as ""safety training"" and off-GPS training and (ii) knowledge and skill maintenance measures such as mandatory continuous professional development and retraining techniques. The proposed training strategies will equip operators to work efficiently and safely with drones. The study offers valuable references for training organizations and government authorities."
"339","Software Engineering Competence Remote Evaluation Process Model","Jusas, Vacius; Ros, Joaquin Nicolas; Misnevs, Boriss","2017","10.22364/bjmc.2017.5.3.06","This research provides analysis of existing models for competence evaluation and proposes a software engineering competence remote evaluation process model. We separate competences into two domains: professional and academic. The model is developed and implemented for e-CF professional competences and academic competences evaluation for Software Engineering Master Program graduates. The remote evaluation process is based on a proposed methodology in four steps. The remote evaluation process consists of two business processes: (a) Competence test design, and then (b) Competence test completion. Business Process Model and Notation (BPMN) model was developed as a summary of both processes."
"340","Towards a common and semantic representation of e-portfolios","Rezgui, Kalthoum; Mhiri, Hedia; Ghedira, Khaled","2018","10.1108/DTA-01-2018-0008","Purpose - Since the early 1980s, a paradigm shift, caused by the work undertaken in the field of cognitive psychology, has occurred. This shift is known as the move from teacher-centered instruction to learner-centered or learning-centered instruction, and emphasizes the importance of building new knowledge on previous ones, interacting with peers, making meaningful and reflective learning and being engaged in his own path to foster learning. This new vision of teaching has created a need for new learning and assessment instruments that are better adapted to these pedagogical realities. In this context, the electronic portfolio or e-portfolio is one of the most versatile and effective tools that have been proposed for this purpose. More specifically, the interest in e-portfolios has grown considerably with the emergence of the competency-based approach and portfolio-based competency assessments. The purpose of this paper is to describe a semantic-based representation of e-portfolios, defined on the basis of official e-portfolio standards and specifications. Moreover, a comparative study of several well-known e-portfolio solutions has been carried out based on different facets, such as functional features, technical and organizational features. The objective is to identify those features that are mostly supported by e-portfolio solution providers and accordingly to gain a fairly accurate idea of the common structure of e-portfolios. In addition, the authors take advantage of an already implemented ontological model describing competency-related characteristics of learners and learning objects and combine it with the e-portfolio ontology, with a view to support a more reliable and authentic competency assessment.Design/methodology/approach - The proposed e-portfolio ontology was built following the ontology development methodology Methontology (Fernandez et al., 1997). In addition, it was constructed using the Protege ontology environment (Protege, 2007) and was implemented in OWL (Web Ontology Language) (Antoniou and Harmelen, 2004).Findings - The proposed e-portfolio ontology provides humans with a shared vocabulary that enables capturing the most important elements in e-portfolios and serves as the basis for the semantic interoperability for machines.Originality/value - The main advantage of the e-portfolio ontology lies in its ability to provide a common and semantically enriched representation of e-portfolio artifacts, thus facilitating the interoperability and exchange of competency evidences between different learning systems and platforms. In addition, capturing the semantics of e-portfolios helps to make them utilizable by intelligent applications."
"341","A Generative AI Virtual Teaching Assistant for Graduate Nursing Informatics Education: Design, Implementation, and Preliminary Outcomes.","Stephens, Cory; Fisher, Cheryl A; Seckman, Charlotte","2026","10.1097/CIN.0000000000001411","Nursing informatics and generative artificial intelligence are emerging as key enablers of competency-based education in nursing, supporting educators in delivering personalized support while maintaining quality, flexibility, and efficiency. The Joint Artificial Intelligence Model in Education, a custom generative pretrained transformer, was developed to assist doctoral nursing students with academic writing, assignment clarification, and practicum guidance. To ensure pedagogical and contextual relevance, its design was grounded in the Technological Pedagogical Content Knowledge framework and the Purpose, Integration, Curriculum/Replacement, Amplification, Transformation model, and aligned with the American Association of Colleges of Nursing Essentials. The tool was trained on course-specific resources, including rubrics, policies, and instructional materials, then piloted in a graduate nursing informatics course. Evaluation measures included data from the learning management system, student performance, and qualitative feedback. Findings indicated that the tool promoted learner autonomy and was used frequently outside business hours and on weekends; however, usage showed limited correlation with academic performance, underscoring its supplemental role. Faculty reported fewer frequently asked questions and an improvement in instructional efficiency. Students valued its accessibility, nonjudgmental tone, and 24/7 availability. This article strengthens the evidence base, demonstrates feasibility, and offers a replicable model for integrating artificial intelligence into nursing education."
"342","Psychological and pedagogical support of the professional competencies formation for telecommunications specialists","Matveeva, Tatiana U.; Osadchiy, Igor S.; Husnutdinova, Marina N.","2019","10.1117/12.2523108","The article discusses the features of psychological and pedagogical support of the formation of professional competencies that ensure the competitiveness of future telecommunications specialists. Stages and content of the program of psychological and pedagogical support for the preparation of bachelors in ""Infocommunication Technologies and Communication Systems"" specialty direction were studied. The system of integrated assessment of future professional competencies is presented. A modern psychological and pedagogical technique for the formation of professional competencies of future specialists on the basis of trainings is proposed."
"343","Using assessment centres to develop student competence: Nine steps to success and better partnerships","Sturre, Vanessa L.; von Treuer, Kathryn M.; Knight, Tess; Walker, Arlene","2022","10.1080/14703297.2020.1838939","Developing student competence relevant to real-world practice has been a persistent challenge in tertiary education. Organisational psychologists use assessment centres in industry to measure job-relevant competencies of employees or job-candidates to facilitate accurate recruitment or development decisions. Despite its potential as an innovative approach to developing student employability, this methodology remains novel in higher education. To stimulate wider usage and consideration, the steps and success criteria associated with a long-standing developmental assessment centre programme for postgraduate organisational psychology students are explained and demonstrated. The programme's benefits have extended beyond delivering a quality assessment solution to providing a contemporary strategy to strengthen industry partnerships, thus ensuring sustainability and circumventing common criticisms of assessment centres being resource intensive. Although contextualised in the setting presented, this case highlights the assessment centre approach and practice implications for academics, particularly given that partnerships, and student competency and employability are important responsibilities for all university departments."
"344","Redefining Visual Literacy Competencies for Design Majors in the Era of Generative AI","OH, LEE JUN","2025","","The rapid advancement of generative artificial intelligence (AI) technologies has reshaped the landscape of visual content creation, enabling individuals to produce high-quality outputs in seconds [2,3]. While traditional visual literacycentered on interpretation, analysis, and creationremains essential [1], it is insufficient for navigating AI-integrated creative environments [4]. This study aims to redefine visual literacy competencies for design majors by incorporating AI-era skills into existing educational frameworks [2,5].Using a three-phase exploratory methodology, the research first analyzed curricula from five leading Korean visual communication design programs, revealing a strong focus on aesthetic and compositional training but limited integration of AI-related competencies [6]. Second, case studies of AI-assisted design projects utilizing Midjourney, Firefly, and DALLÂ·E were conducted with 32 undergraduate participants [3,8]. Third, the results were compared with traditional visual literacy models to develop the Hybrid Visual Literacy Model, which integrates traditional skills with AI-specific competencies [7].Findings identified three core competencies required in the generative AI era: Interpretive Competence (understanding and analyzing AI-generated imagery [4]), Planning Competence (strategic prompt design to guide outputs [5,6]), and Ethical Critique Competence (evaluating contextual relevance, originality, and ethical implications [7,8]). Quantitative analysis showed significant gains in both traditional and AI-specific skills, with notable improvements in AI Output Evaluation (+38%) and Integration into Coherent Design (+31%) [3]. Qualitative findings highlighted enhanced ideation, critical awareness, and the urgent need for structured ethical guidelines [9,10].The study concludes that design education must adopt a competency-based approach that integrates AI literacy with traditional training, ensuring that future designers can maintain creative agency, uphold ethical standards, and collaborate effectively with AI technologies [2,7]."
"345","Graduate Attributes Assessment program","ElAtia, Samira; Ipperciel, Donald; Zaiane, Osmar; Bakhshinategh, Behdad; Thibaudeau, Patrick","2021","10.1108/IJILT-03-2020-0025","Purpose In this paper, the challenging and thorny issue of assessing graduate attributes (GAs) is addressed. An interdisciplinary team at The University of Alberta ----developed a formative model of assessment centered on students and instructor interaction with course content. Design/methodology/approach The paper starts by laying the theoretical groundwork on which this novel GA assessment tool is based, that is, competency-based education, assessment theory and GA assessment. It follows with a description of the online assessment tool for GAs that was developed in the course of this project. Findings The online assessment tool for GAs targets three types of stakeholders: (1) students, who self-assess in terms of GAs, (2) instructors, who use the tool to define the extent to which each GA should be inculcated in their course and (3) administrators, who receive aggregate reports based on the data gathered by the system for high-level analysis and decision-making. Collected data by students and professors advance formative assessment of these transversal skills and assist administration in ensuring the GAs are addressed in academic programs. Graduate attributes assessment program (GAAP) is also a space for students to build a personal portfolio that would be beneficial to highlight their skills for potential employers. Research limitations/implications This research has strong implications for the universities, since it can help institutions, academics and students achieve better results in their practices. This is done by demonstrating strong links between theory and practice. Although this tool has only been used within the university setting by students, instructors and administrators (for self-, course and teaching and program improvement), it could increase its social and practical impact by involving potential employers and increase our understanding of student employability. Moreover, because the tool collects data on a continuous basis, it lends itself to many possible applications in educational data mining, Practical implications The GAAP can be used and adapted to various educational contexts. The plugin can be added to any Learning Management System (LMS), and students can have access to their data and results throughout their education. Social implications The GAAP allows institutions to provide a longitudinal formative assessment of students' graduate attributes acquisition. It provides solid and valid evidence of students' progress in a way that would advance society and citizenship. Originality/value To date, the GAAP is the first online interactive platform that has been developed to longitudinally assess the acquisition of GAs during a complete academic cycle/cohort. It provides a unique space where students and instructors interact with assessment scales and with concrete data for a complete university experience profile."
"346","e-CF Competences in Software Engineering Course","Zaitseva, Larisa","2019","10.2478/acss-2019-0005","The article describes the definition of competences formed during the acquisition of the study course ""Software Engineering"" at Riga Technical University. The European e-Competence Framework (e-CF) is adopted for this purpose. Using the steps to determine e-competences, it is established that students can develop 9 competences in the Bachelor and 15 in the Master study programme. Evaluation of practical assignments allows assessing the achievement level of the required competences. Some professions presented in e-CF and the competencies they need are also reviewed."
"347","Strengthening of Competence Planning Truss Through Instructional Media Development Details","Handayani, Sri; Nurcahyono, M. Hadi","2017","10.1063/1.4976880","Competency-Based Learning is a model of learning in which the planning, implementation, and assessment refers to the mastery of competencies. Learning in lectures conducted in the framework for comprehensively realizing student competency. Competence means the orientation of the learning activities in the classroom must be given to the students to be more active learning, active search for information themselves and explore alone or with friends in learning activities in pairs or in groups, learn to use a variety of learning resources and printed materials, electronic media, as well as environment. Analysis of learning wooden structure known weakness in the understanding of the truss detail. Hence the need for the development of media that can provide a clear picture of what the structure of the wooden horses and connection details. Development of instructional media consisted of three phases of activity, namely planning, production and assessment. Learning Media planning should be tailored to the needs and conditions necessary to provide reinforcement to the mastery of competencies, through the table material needs. The production process of learning media is done by using hardware (hardware) and software (software) to support the creation of a medium of learning. Assessment of the media poduk yan include feasibility studies, namely by subject matter experts, media experts, while testing was done according to the student's perception of the product. The results of the analysis of the materials for the instructional aspects of the results obtained 100% (very good) and media analysis for the design aspects of the media expressed very good with a percentage of 88.93%. While the analysis of student perceptions expressed very good with a percentage of 84.84%. Media Learning Truss Details feasible and can be used in the implementation of learning wooden structure to provide capacity-building in planning truss"
"348","A curriculum guide model to the next normal in developing construction supervisory training programmes","Manoharan, Kesavan; Dissanayake, Pujitha B. G.; Pathirana, Chintha; Deegahawature, Dharsana; Silva, K. D. Renuka Ruchira","2022","10.1108/BEPAM-02-2021-0038","Purpose This study aims to develop a curriculum guide model to upgrade the construction supervision practices, considering evolving challenges and thereby the next normal of the industry. Design/methodology/approach Both qualitative and quantitative research designs were adopted to identify productivity-related challenges that can be addressed through effective supervision in construction. Meetings, discussions, workshops and surveys were conducted among construction experts to systematically develop the competencies of construction supervision. The necessary mapping models were used to identify the level of outcomes for each competency element along with the learning domains and programme outcomes. Findings A curriculum guide model consisting of 64 competency elements has been introduced with corresponding assessment weightages and mapping outcomes. Using this model, a new training programme has been designed and tested with weightage percentages on learning domains. Research limitations/implications Although the scope of the study is limited to Sri Lanka, the findings can be interpreted for critical learning in other developing countries too. Practical implications The study outcomes are expected to make a high impact on improving the standards of vocational training education in the country, thereby upgrading the current industry practices. Originality/value The developed guide model is expected to be a valuable tool for training providers/organisations in upgrading their programmes/practices with the scope of productivity improvement. The obtained mapping outcomes are significant for the evolving next normal situations in teaching, learning and assessment methods with regard to construction supervision practices."
"349","Developing a Competency-Based Transition Education Framework for Marine Superintendents: A DACUM-Integrated Approach in the Context of Eco-Digital Maritime Transformation","Yu, Yung-Ung; Lee, Chang-Hee; Ahn, Young-Joong","2025","10.3390/su17146455","Amid structural changes driven by the greening and digital transformation of the maritime industry, the demand for career transitions of seafarers with onboard experience to shore-based positions-particularly ship superintendents-is steadily increasing. However, the current lack of a systematic education and career development framework to support such transitions poses a critical challenge for shipping companies seeking to secure sustainable human resources. The aim of this study was to develop a competency-based training program that facilitates the effective transition of seafarers to shore-based ship superintendent roles. We integrated a developing a curriculum (DACUM) analysis with competency-based job analysis to achieve this aim. The core competencies required for ship superintendent duties were identified through three expert consultations. In addition, social network analysis (SNA) was used to quantitatively assess the structure and priority of the training content. The analysis revealed that convergent competencies, such as digital technology literacy, responsiveness to environmental regulations, multicultural organizational management, and interpretation of global maritime regulations, are essential for a successful career shift. Based on these findings, a modular training curriculum comprising both common foundational courses and specialized advanced modules tailored to job categories was designed. The proposed curriculum integrated theoretical instruction, practical training, and reflective learning to enhance both applied understanding and onsite implementation capabilities. Furthermore, the concept of a Seafarer Success Support Platform was proposed to support a lifecycle-based career development pathway that enables rotational mobility between sea and shore positions. This digital learning platform was designed to offer personalized success pathways aligned with the career stages and competency needs of maritime personnel. Its cyclical structure, comprising career transition, competency development, field application, and performance evaluation, enables seamless career integration between shipboard- and shore-based roles. Therefore, the platform has the potential to evolve into a practical educational model that integrates training, career development, and policies. This study contributes to maritime human resource development by integrating the DACUM method with a competency-based framework and applying social network analysis (SNA) to quantitatively prioritize training content. It further proposes the Seafarer Success Support Platform as an innovative model to support structured career transitions from shipboard roles to shore-based supervisory positions."
"350","Modernizing pathology and oncology education: integrating genomics, artificial intelligence, and clinical relevance into medical training","de Jesus Paniza, Ana Carolina; Ynoe Moraes, Fabio","2026","10.1093/jnci/djaf358","Pathology and oncology education are at an inflection point. Beyond abbreviated preclinical blocks, the central problem is pedagogical misalignment with learners who expect relevance, interactivity, and clinical application. We advocate a shift from content delivery to concept integration anchored in clinical reasoning and data literacy. In oncology, trainees must learn to interpret next-generation sequencing and biomarker profiles, participate in molecular tumor boards, sequence precision therapies, manage toxicities, and incorporate patient-reported outcomes-competencies rarely taught in a structured way. The digitization of histopathology and the integration of artificial intelligence (AI) demand exposure to digital pathology and critical appraisal of algorithmic outputs, including AI-supported immunohistochemistry (IHC) quantification, variant classification, and methylation-based classifiers. Large language models may enhance self-directed learning but require faculty oversight, instruction in appraisal and ethics, and safeguards against inaccuracy and overconfidence. Operationalizing these reforms requires institutional commitment; curriculum redesign that integrates pathology, oncology, genomics, and decision making; and expanded residency time to acquire competencies in informatics and AI (machine learning, deep learning, supervised and unsupervised methods, and validation). Faculty development; adoption of digital platforms and virtual microscopy; competency-based assessment; and collaboration with computer scientists, bioinformaticians, and ethicists are essential. Implementation barriers-including limited faculty time, resource constraints, and accreditation requirements-can be mitigated by pilot programs; strategic partnerships; phased integration; and attention to transparency, equity, and accountability. Absent deliberate reform within Liaison Committee on Medical Education (LCME) and Accreditation Council for Graduate Medical Education (ACGME) frameworks that currently do not mandate genomics or AI literacy, future physicians will enter practice unprepared for precision medicine. Modernizing curricula to meet the genomics and AI era is therefore urgent."
"351","Facilitating Transformation and Competence Development in Sustainable Agriculture University Education: An Experiential and Action Oriented Approach","Migliorini, Paola; Lieblein, Geir","2016","10.3390/su8121243","The need to strengthen the connection between academia and society has received increased attention over the past years. The importance of bringing university students closer to stakeholders in society as part of their learning process is high regarding sustainable agriculture, because of its applied approach. University programs based on experiential and action-oriented learning have been developed over the past decades, but more knowledge is needed about the impact of these educational activities. In a short course in sustainable agriculture at the University of Gastronomic Sciences in Bra, Italy, we examined the impacts of experiential and action-oriented learning on competency development as well as transformational impacts on the students. We found that students improve on several core competences as a result of their participation in the short course, and also signs of deep transformational processes among the students."
"352","cpm.4.CSE/IRT: Compact process model for measuring competences in computer science education based on IRT models","Zendler, Andreas","2019","10.1007/s10639-018-9794-3","cpm.4.CSE/IRT (compact process model for Competence Science Education based on IRT models) is a process model for competence measurement based on IRT models. It allows the efficient development of measuring instruments for computer science education. Cpm.4.CSE/IRT consists of four sub processes: B1 determine items, B2 test items, B3 analyze items according to Rasch model, and B4 interpret items by criteria. Cpm.4.CSE/IRT is modeled in IDEF0, a process modeling language that is standardized and widely used. It is implemented in R, an open-source software optimized for statistical calculations and graphics that allows users to interact using the web application framework Shiny. Through coordinated processes, cpm.4.CSE/IRT ensures the quality and comparability of test instruments in competence measurement. Cpm.4.CSE/IRT is demonstrated using an example from the competence area of Modeling."
"353","Entrustable professional activities as a training and assessment framework in undergraduate medical education: A case study of a multi-institutional pilot","Encandela, John A.; Shaull, Lynn; Jayas, Amy; Amiel, Jonathan M.; Brown, David R.; Obeso, Vivian T.; Ryan, Michael S.; Andriole, Dorothy A.","2023","10.1080/10872981.2023.2175405","In 2014, the Association of American Medical Colleges (AAMC) published 13 Core Entrustable Professional Activities (EPAs) that graduating students should be able to perform with indirect supervision when entering residency. A ten-school multi-year pilot was commissioned to test feasibility of implementing training and assessment of the AAMC's 13 Core EPAs. In 2020-21, a case study was employed to describe pilot schools' implementation experiences. Teams from nine of ten schools were interviewed to identify means and contexts of implementing EPAs and lessons learned. Audiotapes were transcribed then coded by investigators using conventional content analysis and a constant comparative method. Coded passages were organized in a database and analyzed for themes. Consensus among school teams regarding facilitators of EPA implementation included team commitment to piloting EPAs; agreement that: proximal EPA adoption with curriculum reform facilitates EPA implementation; EPAs 'naturally fit' in clerkships and provided opportunity for schools to reflect on and adjust curricula and assessments; and inter-school collaboration bolstered individual school progress. Schools did not make high-stakes decisions about student progress (e.g., promotion, graduation), yet EPA assessment results complemented other forms of assessment in providing students with robust formative feedback about their progress. Teams had varied perceptions of school capability to implement an EPA framework, influenced by various levels of dean involvement, willingness, and capability of schools to invest in data systems and provide other resources, strategic deployment of EPAs and assessments, and faculty buy-in. These factors affected varied pace of implementation. Teams agreed on the worthiness of piloting the Core EPAs, but substantial work is still needed to fully employ an EPA framework at the scale of entire classes of students with enough assessments per EPA and with required data validity/reliability. Recommendations stemming from findings may help inform further implementation efforts across other schools adopting or considering an EPA framework."
"354","Designing AI-powered learning: adult learners' expectations for curriculum and human-AI interaction","Kim, Jinhee; Yu, Seongryeong; Detrick, Rita; Lin, Xi; Li, Na","2025","10.1007/s11423-025-10549-z","Despite the potential benefits offered by GenAI technologies to provide innovative solutions to address distinct challenges faced by working adult learners (ALs) in higher education and beyond, there is limited understanding of how best to structure AI-powered learning for this population while ensuring their distinct needs and perspectives are considered. Hence, this study aimed to determine what curriculum and student-AI interaction would be required by situating ALs' views. Through analyzing 48 e-portfolios and in-depth interviews with 20 ALs from diverse educational and professional backgrounds, the study found that ALs perceived content mastery and developing a lifelong habit of learning as the optimal learning goals for AI-powered learning. AI-powered learning can be facilitated through personalized mastery-based learning and collaborative performance-based tasks, in tandem with scenario-based assessment, unobtrusive gamified assessment, and competency-based assessment. Along this line, AL articulated various necessary supports to foster AL-AI interactions. While AL identified metacognition and developing diverse and high-quality questions as crucial to support AL-AI cognitive interaction, they also highlighted that building ethical AL-AI relationships is important for enhancing AL-AI socio-emotional interaction. In addition, AL perceived immersive game-based platforms and interactive interfaces could serve as effective mediums for enhancing student-AI interactions. These findings can provide a more comprehensive understanding of AI-powered adult learning and implications for the design of educational AI, as well as instructional design to improve the educational experience for ALs."
"355","Analyzing Dental Students' Clinic Production Using Time-Based Relative Value Units: Ten-Year Cross-Cohort Mapping","Watkins, R. Todd, Jr.; Conn, Linc J.; Gellin, Robert G.; Gonzales, Theresa S.; Hamil, Lindsey M.; Cayouette, Monica J.; Schmidt, Michael G.","2018","10.21815/JDE.018.025","The analysis of dental students' clinical production/participation has been used to assess whether a prospective graduate is capable of unsupervised and independent practice (that is, competent to perform that practice). This method and others have inherent biases that may not accurately reflect whether the student has mastered the associated concepts and techniques required for dentistry. The aim of this study was to assess an informatics system that assigned curriculum meta-tags with time-based relative educational value units (ReVUs) to each clinical procedure performed by Medical University of South Carolina (MUSC) students. The system has been used since 1998, but for this study the complete data sets for the MUSC graduating classes of 2007 through 2016 were mapped using microcompetency codes for the dental procedures. In total, 421,494 procedures were formatted and analyzed using software developed to aggregate disparate data sets from clinical activities into a common format for evaluation. The results showed that the ten classes (cohorts) were very consistent with cohort high ReVUs averaging 7,317.1 points, cohort mean ReVUs being 5,180.2 points, and cohort low ReVUs averaging 3,381 points. A detailed analysis of student effort by dental subspecialty found that preventive activities represented 13.4%, patient assessment 32.6%, periodontology 2.8%, restorative dentistry 16.3%, prosthodontics 21.9%, endodontics 6.7%, and oral surgery 5.7% of the total points in the clinical part of the curriculum. In this system, point thresholds can be easily generated to monitor students' progress towards competence for each defined competency and thus assess their progress towards acquiring the skills required for unsupervised, independent practice."
"356","Digital Health Education for the Future: The SaNuRN (Santé Numérique Rouen-Nice) Consortium's Journey","Grosjean, Julien; Dufour, Frank; Benis, Arriel; Januel, Jean-Marie; Staccini, Pascal; Darmoni, Stefan Jacques","2024","10.2196/53997","Sant & eacute; Num & eacute;rique Rouen -Nice (SaNuRN; ""Digital Health Rouen -Nice"" in English) is a 5 -year project by the University of Rouen Normandy (URN) and C & ocirc;te d'Azur University (CAU) consortium to optimize digital health education for medical and paramedical students, professionals, and administrators. The project includes a skills framework, training modules, and teaching resources. In 2027, SaNuRN is expected to train a significant portion of the 400,000 health and paramedical students at the French national level. Our purpose is to give a synopsis of the SaNuRN initiative, emphasizing its novel educational methods and how they will enhance the delivery of digital health education. Our goals include showcasing SaNuRN as a comprehensive program consisting of a proficiency framework, instructional modules, and educational materials and explaining how SaNuRN is implemented in the participating academic institutions. SaNuRN is aimed at educating and training health and paramedical students in digital health. The project is a cooperative effort between URN and CAU, covering 4 French departments. It is based on the French National Referential on Digital Health ( FNRDH ), which defines the skills and competencies to be acquired and validated by every student in the health, paramedical, and social professions curricula. The SaNuRN team is currently adapting the existing URN and CAU syllabi to FNRDH and developing short -duration video capsules of 20-30 minutes to teach all the relevant material. The project aims to ensure that the largest student population earns the necessary skills, and it has developed a 2 -tier system involving facilitators who will enable the efficient expansion of the project's educational outreach and support the students in learning the needed material efficiently. With a focus on real -world scenarios and innovative teaching activities integrating telemedicine devices and virtual professionals, SaNuRN is committed to enabling continuous learning for health care professionals in clinical practice. The SaNuRN team introduced new ways of evaluating health care professionals by shifting from a knowledge -based to a competencies -based evaluation, aligning with the Miller teaching pyramid and using the Objective Structured Clinical Examination and Script Concordance Test in digital health education. Drawing on the expertise of URN, CAU, and their public health and digital research laboratories and partners, SaNuRN represents a platform for continuous innovation, including telemedicine training and living labs with virtual and interactive professional activities. SaNuRN provides a comprehensive, personalized, 30 -hour training package for health and paramedical students, addressing all 70 FNRDH competencies. The project is enhanced using artificial intelligence and natural language processing to create virtual patients and professionals for digital health care simulation. SaNuRN teaching materials are open access. It collaborates with academic institutions worldwide to develop educational material on digital health in English and multilingual formats. SaNuRN offers a practical and persuasive training approach to meet the current digital health education requirements."
"357","Educational competencies for telehealth physical therapy: Results of a modified Delphi process","Davenport, Todd E.; Lee, Alan C.; Raja, Bhavana; Stark, Matthew L.; Reed, Christopher; Magnusson, Dawn M.","2024","10.3233/WOR-230618","BACKGROUND: Telehealth is becoming more prevalent in physical therapy, involving a whole host of clinical services. These services are often provided without structured training in telehealth, and no formal curricula currently exist for this purpose. OBJECTIVE: To develop a set of educational competencies (ECs) to guide instruction of telehealth-related skills in entrylevel programs (i.e., Doctor of Physical Therapy), existing programs (i.e., residencies and fellowships), and potential future post-graduate programs specific to telehealth physical therapy. METHODS: Physical therapists and physical therapist assistants from diverse geographic locations and practice areas were invited to participate on an expert panel. A modified Delphi process was then used to evaluate the acceptability of draft ECs gathered from the extant literature by a steering group. Draft ECs were presented to the expert panel on a questionnaire, which asked expert participants to rate each draft EC according to applicability and clarity. Draft ECs were accepted if they met a priori established criteria for acceptability and clarity. Unendorsed ECs were revised by the steering group according to open-ended comments from respondents and presented during a subsequent round. Three rounds of surveys were undertaken. RESULTS: Thirty-eight participants formed the expert panel; 38 participants completed the Round 1 survey, 28 participants completed the Round 2 survey, and 24 participants completed the Round 3 survey. Delphi group members approved 48 ECs in the first round, 23 ECs in the second round, and 2 ECs in the third round. There were 4 ECs that remained unendorsed after the modified Delphi process. Endorsed ECs spanned 7 conceptual areas. Distinct sets of ECs characterized expected end points of first professional degree, existing residency and fellowship, and potential future telehealth physical therapy post-graduate program. CONCLUSIONS: Consensus-based ECs identified in this study may guide instruction in knowledge and skills relevant to physical therapy telehealth."
"358","Environmental Characteristics Associated with Older Adults' Social Participation: The Contribution of Sociodemography and Transportation in Metropolitan, Urban, and Rural Areas","Levasseur, Melanie; Naud, Daniel; Bruneau, Jean-Francois; Genereux, Melissa","2020","10.3390/ijerph17228399","Although social participation fosters older adults' health, little is known about which environmental characteristics are related to greater participation in social activities. The Canadian Community Health Survey (n = 2737), a transportation survey, and multiple secondary data sources were used to identify the environmental characteristics associated with older Quebecers' social participation according to living area. Greater social participation was associated with: (1) a higher concentration of older adults (IRR = 2.172 (95% CI 1.600, 2.948); p < 0.001), more kilometers traveled by paratransit (IRR = 1.714 (95% CI 1.286, 2.285); p < 0.01), a lack of medical clinics (IRR = 0.730 (95% CI 0.574, 0.930); p = 0.01), and more funded home adaptations (IRR = 1.170 (95% CI 1.036, 1.320); p = 0.01) in large metropolitan areas; (2) larger paratransit fleets (IRR = 1.368 (95% CI 1.044, 1.791); p = 0.02) and a lower density of road intersections (IRR = 0.862 (95% CI 0.756, 0.982); p = 0.03) in regular metropolitan areas; (3) less social deprivation (IRR = 1.162 (95% CI 1.025, 1.318); p = 0.02) in urban areas; and (4) a higher concentration of older populations (IRR = 2.386 (95% CI 1.817, 3.133); p < 0.001) in rural areas. According to these findings, social participation interventions should target the local environment-for example, by providing more social interaction opportunities for older adults living in younger neighborhoods and by improving access to public transportation, especially paratransit."
"359","Digital transformation in education: A systematic review of education 4.0","Mukul, Esin; Buyukozkan, Gulcin","2023","10.1016/j.techfore.2023.122664","Technological developments as part of Industry 4.0 are leading to significant changes in terms of new systems, approaches, and management systems with a multitude of implications for human life. Social evolution from an agricultural society to an industrial society, and from an information society to a knowledge society has not only transformed manufacturing systems, but also how societies deal with other fields, such as education, health, and the environment. Unlike memorization-oriented education approaches, Education 4.0 is a new experience-based education system that uses technology and meets the expectations of today's world within the framework of personalized education needs. Recent literature highlights the importance of digital transformation in education and the use of an array of specific digital technologies. However, Education 4.0 emerges as a relatively new topic in the literature. In this study, the concept of Education 4.0 is examined and possible changes in known education systems are highlighted. The aim of this paper is to determine current research topics, explore knowledge gaps, and propose future directions in this field by reviewing the published literature on Education 4.0. Two different searches were made in the Web of Science core collection database, where journals were scanned and studies determined. Both quantitative analysis and qualitative discussion were used to analyze the state of the art. The study contributes a structured overview of Education 4.0-related publications and reports on the existing state of literature, categorize publications, analyze and link trends, highlight gaps, and accordingly guides future research."
"360","Comparison of Attempts Needed for Veterinary Students to Reach Proficiency in a Basic and Advanced Robotic Simulator Task","Buote, Nicole J. J.; Fransson, Boel; Rishniw, Mark","2024","10.3138/jvme-2022-0130","Surgical training of students is one of the most difficult aspects of veterinary medical education. Competing interests of house officers, owner's wishes, and ethical concerns have led to increasing use of inanimate models for basic surgical skills training. Robotic simulators have benefits for psychomotor training but have not been previously investigated in veterinary medicine. Understanding the necessary practice time for new training devices is important when determining their potential value. The aim of this study was to compare the number of attempts needed for veterinary students to reach proficiency in both a basic and advanced robotic simulator task, and to assess the predictive nature of performance variables. Each student performed a basic and advanced tasks on the Mimic dV-Trainer & TRADE; until proficiency was reached. Students required a median of eight attempts (95% CI = 7-8, range: 6-11) to reach proficiency for the basic task versus 22 attempts (95% CI = 20-26, range: 11-62) for the advanced task. The median time required to complete training for the basic and advanced task was 13.5 minutes (range: 8-24 minutes) and 26.5 minutes (range: 11-82 minutes) respectively. The difference in task attempts supports the training protocol and confirms proficiency can be attained in a short period of time. The number of attempts to reach proficiency correlated with specific performance variables which can be used by educators to aid in training students on a robotic simulator. Continued investigations on robotic simulators should be performed to investigate their use in improving psychomotor skills in veterinary students."
"361","The use of gamification to teach in the nursing field","Castro, Talita Candida; Goncalves, Luciana Schleder","2018","10.1590/0034-7167-2017-0023","Objectives: lo investigate whether the course offer with elements of gamification contributes to the formation of competences in Informatics in Nursing; and evaluate it based on teaching and learning criteria and content structure. Method: Exploratory, applied and technological innovation research, with a qualitative and quantitative approach, developed at a university in the southern region of the country between February and November 2016. Participants were professors (5) and nursing students (10). Results: The adoption of gamification was considered an interesting and innovative approach, as an alternative to traditional practices and applicable to Nursing teaching. In the quantitative analysis, it was observed that the course contemplates the set of evaluated criteria. Final considerations: Gamification contributes to the formation of competences among Nursing students for positively influencing the teaching-learning process. It can be understood as one more resource in the teaching work with a view to student motivation and meaningful learning."
